participant_id,activity_date,activity_type,topic,municipality,gender,age_group,role,decision_making_role,event_speaker,coordination_role,responsibility_level,leadership_role,leadership_flag,decision_making_flag,speaker_flag,coordination_flag,year,month,month_name
20,2025-01-01,Media Activity,Gender Equality,Kamensk-Uralsky,Male,55+,Volunteer,No,No,No,Basic,No,0,0,0,0,2025,1,Jan
28,2025-01-01,Government Interaction,Gender Equality,Kamensk-Uralsky,Female,25-34,Participant,No,No,No,Basic,No,0,0,0,0,2025,1,Jan
1313,2025-01-01,Campaign Activity,Local Government,Yekaterinburg,Male,45-54,Coordinator,Yes,Yes,Yes,Leadership,Yes,1,1,1,1,2025,1,Jan
1438,2025-01-01,Meeting,Social Policy,Revda,Male,25-34,Speaker,No,Yes,No,Visible,No,0,0,1,0,2025,1,Jan
1761,2025-01-01,Community Outreach,Gender Equality,Yekaterinburg,Female,18-24,Coordinator,Yes,Yes,Yes,Leadership,Yes,1,1,1,1,2025,1,Jan
2290,2025-01-01,Meeting,Entrepreneurship,Yekaterinburg,Female,25-34,Participant,No,No,No,Basic,No,0,0,0,0,2025,1,Jan
2300,2025-01-01,Meeting,Housing,Pervouralsk,Male,35-44,Participant,No,No,No,Basic,No,0,0,0,0,2025,1,Jan
3335,2025-01-01,Community Outreach,Entrepreneurship,Yekaterinburg,Female,25-34,Organizer,No,Yes,Yes,Leadership,Yes,1,0,1,1,2025,1,Jan
3431,2025-01-01,Meeting,Social Policy,Yekaterinburg,Male,55+,Coordinator,No,Yes,Yes,Leadership,Yes,1,0,1,1,2025,1,Jan
1166,2025-01-02,Public Event,Youth Policy,Revda,Male,35-44,Volunteer,No,No,No,Basic,No,0,0,0,0,2025,1,Jan
1549,2025-01-02,Educational Event,Education,Yekaterinburg,Female,35-44,Volunteer,Yes,No,No,Basic,No,0,1,0,0,2025,1,Jan
1816,2025-01-02,Campaign Activity,Entrepreneurship,Yekaterinburg,Male,35-44,Participant,No,Yes,No,Basic,No,0,0,1,0,2025,1,Jan
1911,2025-01-02,Meeting,Local Government,Nizhny Tagil,Female,55+,Participant,No,No,No,Basic,No,0,0,0,0,2025,1,Jan
2134,2025-01-02,Educational Event,Social Policy,Asbest,Male,35-44,Participant,No,No,No,Basic,No,0,0,0,0,2025,1,Jan
2663,2025-01-02,Meeting,Economic Policy,Yekaterinburg,Female,25-34,Participant,No,No,No,Basic,No,0,0,0,0,2025,1,Jan
2718,2025-01-02,Government Interaction,Education,Nizhny Tagil,Male,18-24,Coordinator,Yes,Yes,Yes,Leadership,Yes,1,1,1,1,2025,1,Jan
3368,2025-01-02,Meeting,Housing,Yekaterinburg,Male,25-34,Participant,No,No,No,Basic,No,0,0,0,0,2025,1,Jan
3582,2025-01-02,Campaign Activity,Entrepreneurship,Yekaterinburg,Male,35-44,Organizer,No,Yes,Yes,Leadership,Yes,1,0,1,1,2025,1,Jan
1915,2025-01-03,Meeting,Gender Equality,Revda,Female,35-44,Participant,No,No,No,Basic,No,0,0,0,0,2025,1,Jan
2229,2025-01-03,Community Outreach,Social Policy,Nizhny Tagil,Female,25-34,Participant,No,No,No,Basic,No,0,0,0,0,2025,1,Jan
2394,2025-01-03,Educational Event,Youth Policy,Yekaterinburg,Female,25-34,Volunteer,No,No,No,Basic,No,0,0,0,0,2025,1,Jan
2615,2025-01-03,Public Event,Gender Equality,Serov,Female,25-34,Participant,No,No,No,Basic,No,0,0,0,0,2025,1,Jan
2767,2025-01-03,Campaign Activity,Local Government,Pervouralsk,Female,45-54,Coordinator,Yes,No,Yes,Leadership,Yes,1,1,0,1,2025,1,Jan
3439,2025-01-03,Educational Event,Social Policy,Yekaterinburg,Female,25-34,Participant,No,Yes,No,Basic,No,0,0,1,0,2025,1,Jan
850,2025-01-04,Meeting,Economic Policy,Yekaterinburg,Male,18-24,Participant,No,No,No,Basic,No,0,0,0,0,2025,1,Jan
1175,2025-01-04,Meeting,Social Policy,Yekaterinburg,Male,45-54,Organizer,Yes,Yes,Yes,Leadership,Yes,1,1,1,1,2025,1,Jan
1250,2025-01-04,Survey,Social Policy,Revda,Male,25-34,Participant,No,No,No,Basic,No,0,0,0,0,2025,1,Jan
2105,2025-01-04,Community Outreach,Entrepreneurship,Serov,Male,25-34,Coordinator,Yes,Yes,Yes,Leadership,Yes,1,1,1,1,2025,1,Jan
2168,2025-01-04,Community Outreach,Youth Policy,Serov,Female,25-34,Participant,No,Yes,No,Basic,No,0,0,1,0,2025,1,Jan
2426,2025-01-04,Educational Event,Gender Equality,Nizhny Tagil,Male,35-44,Speaker,No,Yes,No,Visible,No,0,0,1,0,2025,1,Jan
2763,2025-01-04,Community Outreach,Healthcare,Yekaterinburg,Female,35-44,Participant,No,No,No,Basic,No,0,0,0,0,2025,1,Jan
2982,2025-01-04,Community Outreach,Youth Policy,Yekaterinburg,Female,25-34,Speaker,No,Yes,No,Visible,No,0,0,1,0,2025,1,Jan
3059,2025-01-04,Survey,Social Policy,Yekaterinburg,Female,35-44,Speaker,No,Yes,No,Visible,No,0,0,1,0,2025,1,Jan
3233,2025-01-04,Public Event,Youth Policy,Yekaterinburg,Male,55+,Participant,No,No,No,Basic,No,0,0,0,0,2025,1,Jan
3379,2025-01-04,Survey,Youth Policy,Kamensk-Uralsky,Female,18-24,Participant,No,No,No,Basic,No,0,0,0,0,2025,1,Jan
3412,2025-01-04,Media Activity,Education,Kamensk-Uralsky,Female,25-34,Coordinator,Yes,No,Yes,Leadership,Yes,1,1,0,1,2025,1,Jan
1923,2025-01-05,Campaign Activity,Youth Policy,Nizhny Tagil,Male,25-34,Organizer,No,Yes,Yes,Leadership,Yes,1,0,1,1,2025,1,Jan
2636,2025-01-05,Meeting,Healthcare,Yekaterinburg,Female,55+,Speaker,No,Yes,No,Visible,No,0,0,1,0,2025,1,Jan
3326,2025-01-05,Meeting,Entrepreneurship,Yekaterinburg,Male,45-54,Coordinator,No,No,Yes,Leadership,Yes,1,0,0,1,2025,1,Jan
288,2025-01-06,Educational Event,Housing,Yekaterinburg,Female,25-34,Coordinator,Yes,Yes,Yes,Leadership,Yes,1,1,1,1,2025,1,Jan
415,2025-01-06,Community Outreach,Transport,Serov,Female,25-34,Participant,No,No,No,Basic,No,0,0,0,0,2025,1,Jan
1404,2025-01-06,Meeting,Gender Equality,Pervouralsk,Female,25-34,Volunteer,No,No,No,Basic,No,0,0,0,0,2025,1,Jan
2080,2025-01-06,Campaign Activity,Local Government,Nizhny Tagil,Female,35-44,Participant,No,No,No,Basic,No,0,0,0,0,2025,1,Jan
2142,2025-01-06,Community Outreach,Economic Policy,Yekaterinburg,Female,25-34,Participant,No,No,No,Basic,No,0,0,0,0,2025,1,Jan
2190,2025-01-06,Campaign Activity,Gender Equality,Yekaterinburg,Male,35-44,Volunteer,Yes,No,No,Basic,No,0,1,0,0,2025,1,Jan
2221,2025-01-06,Government Interaction,Entrepreneurship,Yekaterinburg,Female,18-24,Participant,No,No,No,Basic,No,0,0,0,0,2025,1,Jan
2756,2025-01-06,Community Outreach,Education,Nizhny Tagil,Male,25-34,Participant,Yes,No,No,Basic,No,0,1,0,0,2025,1,Jan
3257,2025-01-06,Public Event,Youth Policy,Nizhny Tagil,Female,45-54,Participant,No,No,No,Basic,No,0,0,0,0,2025,1,Jan
3486,2025-01-06,Survey,Housing,Pervouralsk,Male,35-44,Speaker,Yes,Yes,No,Visible,No,0,1,1,0,2025,1,Jan
969,2025-01-07,Community Outreach,Transport,Yekaterinburg,Male,25-34,Volunteer,No,No,No,Basic,No,0,0,0,0,2025,1,Jan
1167,2025-01-07,Government Interaction,Social Policy,Revda,Male,35-44,Organizer,Yes,Yes,Yes,Leadership,Yes,1,1,1,1,2025,1,Jan
1375,2025-01-07,Community Outreach,Local Government,Nizhny Tagil,Male,18-24,Volunteer,Yes,No,Yes,Basic,No,0,1,0,1,2025,1,Jan
1538,2025-01-07,Meeting,Housing,Kamensk-Uralsky,Male,55+,Participant,No,No,No,Basic,No,0,0,0,0,2025,1,Jan
1653,2025-01-07,Public Event,Transport,Kamensk-Uralsky,Female,35-44,Volunteer,Yes,No,No,Basic,No,0,1,0,0,2025,1,Jan
1871,2025-01-07,Community Outreach,Housing,Yekaterinburg,Female,25-34,Participant,No,No,No,Basic,No,0,0,0,0,2025,1,Jan
1999,2025-01-07,Community Outreach,Social Policy,Yekaterinburg,Male,35-44,Coordinator,Yes,Yes,Yes,Leadership,Yes,1,1,1,1,2025,1,Jan
2897,2025-01-07,Campaign Activity,Economic Policy,Yekaterinburg,Male,35-44,Volunteer,No,No,No,Basic,No,0,0,0,0,2025,1,Jan
88,2025-01-08,Media Activity,Entrepreneurship,Kamensk-Uralsky,Female,25-34,Organizer,Yes,No,Yes,Leadership,Yes,1,1,0,1,2025,1,Jan
373,2025-01-08,Community Outreach,Economic Policy,Nizhny Tagil,Female,45-54,Analyst,No,No,No,Professional,No,0,0,0,0,2025,1,Jan
720,2025-01-08,Campaign Activity,Entrepreneurship,Yekaterinburg,Male,18-24,Participant,No,No,No,Basic,No,0,0,0,0,2025,1,Jan
723,2025-01-08,Community Outreach,Housing,Yekaterinburg,Female,45-54,Coordinator,No,No,Yes,Leadership,Yes,1,0,0,1,2025,1,Jan
766,2025-01-08,Meeting,Healthcare,Yekaterinburg,Female,25-34,Volunteer,No,No,No,Basic,No,0,0,0,0,2025,1,Jan
1256,2025-01-08,Media Activity,Healthcare,Yekaterinburg,Male,35-44,Participant,Yes,No,No,Basic,No,0,1,0,0,2025,1,Jan
1652,2025-01-08,Meeting,Economic Policy,Yekaterinburg,Female,25-34,Participant,No,No,No,Basic,No,0,0,0,0,2025,1,Jan
359,2025-01-09,Meeting,Economic Policy,Pervouralsk,Male,55+,Participant,No,No,No,Basic,No,0,0,0,0,2025,1,Jan
862,2025-01-09,Campaign Activity,Youth Policy,Yekaterinburg,Male,25-34,Participant,Yes,No,No,Basic,No,0,1,0,0,2025,1,Jan
1361,2025-01-09,Meeting,Healthcare,Kamensk-Uralsky,Male,55+,Organizer,No,Yes,Yes,Leadership,Yes,1,0,1,1,2025,1,Jan
1519,2025-01-09,Meeting,Local Government,Pervouralsk,Female,35-44,Analyst,No,No,No,Professional,No,0,0,0,0,2025,1,Jan
2169,2025-01-09,Campaign Activity,Youth Policy,Nizhny Tagil,Female,25-34,Volunteer,No,No,No,Basic,No,0,0,0,0,2025,1,Jan
2335,2025-01-09,Public Event,Local Government,Yekaterinburg,Female,45-54,Participant,No,No,No,Basic,No,0,0,0,0,2025,1,Jan
2359,2025-01-09,Government Interaction,Local Government,Yekaterinburg,Male,45-54,Participant,No,No,No,Basic,No,0,0,0,0,2025,1,Jan
339,2025-01-10,Community Outreach,Social Policy,Yekaterinburg,Female,45-54,Coordinator,Yes,Yes,Yes,Leadership,Yes,1,1,1,1,2025,1,Jan
1359,2025-01-10,Campaign Activity,Youth Policy,Nizhny Tagil,Male,45-54,Coordinator,Yes,Yes,Yes,Leadership,Yes,1,1,1,1,2025,1,Jan
1700,2025-01-10,Meeting,Gender Equality,Serov,Male,35-44,Speaker,No,Yes,No,Visible,No,0,0,1,0,2025,1,Jan
1738,2025-01-10,Government Interaction,Healthcare,Yekaterinburg,Female,45-54,Analyst,No,No,No,Professional,No,0,0,0,0,2025,1,Jan
2504,2025-01-10,Educational Event,Housing,Pervouralsk,Male,18-24,Analyst,No,No,No,Professional,No,0,0,0,0,2025,1,Jan
2751,2025-01-10,Survey,Education,Serov,Female,18-24,Volunteer,No,No,No,Basic,No,0,0,0,0,2025,1,Jan
3008,2025-01-10,Public Event,Local Government,Revda,Female,35-44,Analyst,No,No,No,Professional,No,0,0,0,0,2025,1,Jan
302,2025-01-11,Educational Event,Housing,Yekaterinburg,Female,35-44,Participant,No,No,No,Basic,No,0,0,0,0,2025,1,Jan
557,2025-01-11,Educational Event,Local Government,Yekaterinburg,Female,25-34,Volunteer,Yes,No,No,Basic,No,0,1,0,0,2025,1,Jan
866,2025-01-11,Meeting,Entrepreneurship,Yekaterinburg,Male,18-24,Participant,No,No,No,Basic,No,0,0,0,0,2025,1,Jan
1592,2025-01-11,Government Interaction,Local Government,Kamensk-Uralsky,Female,45-54,Analyst,No,No,No,Professional,No,0,0,0,0,2025,1,Jan
1746,2025-01-11,Meeting,Education,Yekaterinburg,Male,25-34,Speaker,Yes,Yes,No,Visible,No,0,1,1,0,2025,1,Jan
2193,2025-01-11,Meeting,Entrepreneurship,Pervouralsk,Male,45-54,Speaker,Yes,Yes,No,Visible,No,0,1,1,0,2025,1,Jan
2242,2025-01-11,Campaign Activity,Housing,Yekaterinburg,Female,25-34,Participant,No,No,No,Basic,No,0,0,0,0,2025,1,Jan
2984,2025-01-11,Meeting,Local Government,Yekaterinburg,Male,18-24,Volunteer,No,Yes,Yes,Basic,No,0,0,1,1,2025,1,Jan
3274,2025-01-11,Campaign Activity,Gender Equality,Yekaterinburg,Male,35-44,Participant,No,No,No,Basic,No,0,0,0,0,2025,1,Jan
3303,2025-01-11,Government Interaction,Healthcare,Serov,Female,45-54,Volunteer,No,No,No,Basic,No,0,0,0,0,2025,1,Jan
460,2025-01-12,Survey,Social Policy,Asbest,Male,35-44,Volunteer,No,Yes,No,Basic,No,0,0,1,0,2025,1,Jan
823,2025-01-12,Community Outreach,Housing,Yekaterinburg,Female,55+,Coordinator,No,Yes,Yes,Leadership,Yes,1,0,1,1,2025,1,Jan
1632,2025-01-12,Media Activity,Education,Yekaterinburg,Male,25-34,Analyst,No,No,No,Professional,No,0,0,0,0,2025,1,Jan
2336,2025-01-12,Community Outreach,Transport,Yekaterinburg,Male,18-24,Speaker,No,Yes,Yes,Visible,No,0,0,1,1,2025,1,Jan
2456,2025-01-12,Meeting,Education,Yekaterinburg,Male,45-54,Coordinator,Yes,No,Yes,Leadership,Yes,1,1,0,1,2025,1,Jan
389,2025-01-13,Media Activity,Entrepreneurship,Yekaterinburg,Female,35-44,Coordinator,Yes,No,Yes,Leadership,Yes,1,1,0,1,2025,1,Jan
860,2025-01-13,Educational Event,Entrepreneurship,Yekaterinburg,Male,25-34,Organizer,Yes,Yes,Yes,Leadership,Yes,1,1,1,1,2025,1,Jan
2055,2025-01-13,Public Event,Healthcare,Yekaterinburg,Female,18-24,Coordinator,Yes,Yes,Yes,Leadership,Yes,1,1,1,1,2025,1,Jan
2448,2025-01-13,Meeting,Social Policy,Yekaterinburg,Female,25-34,Participant,No,No,No,Basic,No,0,0,0,0,2025,1,Jan
3001,2025-01-13,Meeting,Economic Policy,Yekaterinburg,Male,25-34,Participant,No,No,No,Basic,No,0,0,0,0,2025,1,Jan
1318,2025-01-14,Government Interaction,Entrepreneurship,Yekaterinburg,Female,35-44,Participant,No,No,No,Basic,No,0,0,0,0,2025,1,Jan
3467,2025-01-14,Government Interaction,Youth Policy,Yekaterinburg,Male,18-24,Coordinator,Yes,No,Yes,Leadership,Yes,1,1,0,1,2025,1,Jan
473,2025-01-15,Campaign Activity,Social Policy,Yekaterinburg,Female,35-44,Coordinator,No,Yes,Yes,Leadership,Yes,1,0,1,1,2025,1,Jan
818,2025-01-15,Meeting,Local Government,Yekaterinburg,Male,25-34,Participant,No,Yes,No,Basic,No,0,0,1,0,2025,1,Jan
1617,2025-01-15,Campaign Activity,Economic Policy,Yekaterinburg,Female,45-54,Organizer,Yes,No,Yes,Leadership,Yes,1,1,0,1,2025,1,Jan
2200,2025-01-15,Campaign Activity,Local Government,Yekaterinburg,Male,35-44,Coordinator,No,No,Yes,Leadership,Yes,1,0,0,1,2025,1,Jan
2270,2025-01-15,Meeting,Education,Yekaterinburg,Male,25-34,Participant,No,No,No,Basic,No,0,0,0,0,2025,1,Jan
2572,2025-01-15,Campaign Activity,Entrepreneurship,Asbest,Male,35-44,Participant,No,No,No,Basic,No,0,0,0,0,2025,1,Jan
3574,2025-01-15,Community Outreach,Education,Yekaterinburg,Female,18-24,Participant,No,No,No,Basic,No,0,0,0,0,2025,1,Jan
497,2025-01-16,Community Outreach,Youth Policy,Yekaterinburg,Female,18-24,Participant,No,No,No,Basic,No,0,0,0,0,2025,1,Jan
1176,2025-01-16,Meeting,Entrepreneurship,Nizhny Tagil,Male,25-34,Participant,Yes,No,No,Basic,No,0,1,0,0,2025,1,Jan
1233,2025-01-16,Government Interaction,Housing,Yekaterinburg,Female,25-34,Volunteer,No,No,No,Basic,No,0,0,0,0,2025,1,Jan
2160,2025-01-16,Meeting,Local Government,Yekaterinburg,Female,25-34,Organizer,No,Yes,Yes,Leadership,Yes,1,0,1,1,2025,1,Jan
2388,2025-01-16,Campaign Activity,Transport,Nizhny Tagil,Female,25-34,Participant,No,Yes,No,Basic,No,0,0,1,0,2025,1,Jan
2431,2025-01-16,Campaign Activity,Education,Yekaterinburg,Male,45-54,Participant,No,No,No,Basic,No,0,0,0,0,2025,1,Jan
772,2025-01-17,Meeting,Local Government,Nizhny Tagil,Male,25-34,Volunteer,No,No,No,Basic,No,0,0,0,0,2025,1,Jan
1587,2025-01-17,Meeting,Local Government,Pervouralsk,Female,25-34,Participant,No,No,No,Basic,No,0,0,0,0,2025,1,Jan
1960,2025-01-17,Meeting,Local Government,Asbest,Male,25-34,Organizer,Yes,Yes,Yes,Leadership,Yes,1,1,1,1,2025,1,Jan
2409,2025-01-17,Survey,Gender Equality,Yekaterinburg,Female,25-34,Volunteer,No,No,No,Basic,No,0,0,0,0,2025,1,Jan
1655,2025-01-18,Survey,Entrepreneurship,Yekaterinburg,Male,45-54,Volunteer,Yes,No,No,Basic,No,0,1,0,0,2025,1,Jan
2371,2025-01-18,Campaign Activity,Local Government,Yekaterinburg,Female,35-44,Volunteer,No,No,No,Basic,No,0,0,0,0,2025,1,Jan
2823,2025-01-18,Government Interaction,Healthcare,Kamensk-Uralsky,Female,35-44,Speaker,No,Yes,No,Visible,No,0,0,1,0,2025,1,Jan
3065,2025-01-18,Public Event,Youth Policy,Yekaterinburg,Female,25-34,Participant,No,No,No,Basic,No,0,0,0,0,2025,1,Jan
3120,2025-01-18,Campaign Activity,Healthcare,Yekaterinburg,Female,35-44,Coordinator,No,Yes,Yes,Leadership,Yes,1,0,1,1,2025,1,Jan
1469,2025-01-19,Public Event,Education,Yekaterinburg,Male,35-44,Coordinator,Yes,No,Yes,Leadership,Yes,1,1,0,1,2025,1,Jan
1805,2025-01-19,Community Outreach,Economic Policy,Yekaterinburg,Male,55+,Participant,No,No,No,Basic,No,0,0,0,0,2025,1,Jan
99,2025-01-20,Meeting,Social Policy,Yekaterinburg,Female,45-54,Coordinator,Yes,Yes,Yes,Leadership,Yes,1,1,1,1,2025,1,Jan
109,2025-01-20,Campaign Activity,Gender Equality,Kamensk-Uralsky,Female,25-34,Volunteer,No,No,No,Basic,No,0,0,0,0,2025,1,Jan
1644,2025-01-20,Public Event,Education,Asbest,Female,25-34,Participant,No,No,No,Basic,No,0,0,0,0,2025,1,Jan
2205,2025-01-20,Community Outreach,Social Policy,Yekaterinburg,Female,35-44,Volunteer,No,No,No,Basic,No,0,0,0,0,2025,1,Jan
2405,2025-01-20,Meeting,Gender Equality,Pervouralsk,Male,25-34,Participant,No,Yes,No,Basic,No,0,0,1,0,2025,1,Jan
2555,2025-01-20,Campaign Activity,Economic Policy,Nizhny Tagil,Female,35-44,Participant,No,No,No,Basic,No,0,0,0,0,2025,1,Jan
2822,2025-01-20,Community Outreach,Healthcare,Yekaterinburg,Male,25-34,Participant,No,No,No,Basic,No,0,0,0,0,2025,1,Jan
332,2025-01-21,Community Outreach,Housing,Yekaterinburg,Female,35-44,Coordinator,Yes,Yes,Yes,Leadership,Yes,1,1,1,1,2025,1,Jan
660,2025-01-21,Public Event,Healthcare,Yekaterinburg,Female,45-54,Volunteer,No,No,No,Basic,No,0,0,0,0,2025,1,Jan
1128,2025-01-21,Public Event,Education,Revda,Male,35-44,Participant,No,No,No,Basic,No,0,0,0,0,2025,1,Jan
1185,2025-01-21,Media Activity,Entrepreneurship,Yekaterinburg,Female,45-54,Organizer,No,No,Yes,Leadership,Yes,1,0,0,1,2025,1,Jan
1364,2025-01-21,Public Event,Housing,Nizhny Tagil,Female,25-34,Participant,No,No,No,Basic,No,0,0,0,0,2025,1,Jan
2887,2025-01-21,Public Event,Healthcare,Asbest,Female,18-24,Participant,No,No,No,Basic,No,0,0,0,0,2025,1,Jan
292,2025-01-22,Government Interaction,Youth Policy,Serov,Female,45-54,Participant,No,No,No,Basic,No,0,0,0,0,2025,1,Jan
383,2025-01-22,Community Outreach,Education,Yekaterinburg,Male,35-44,Participant,No,No,No,Basic,No,0,0,0,0,2025,1,Jan
760,2025-01-22,Survey,Local Government,Yekaterinburg,Female,18-24,Participant,No,No,No,Basic,No,0,0,0,0,2025,1,Jan
1160,2025-01-22,Media Activity,Transport,Nizhny Tagil,Male,25-34,Volunteer,No,No,No,Basic,No,0,0,0,0,2025,1,Jan
1688,2025-01-22,Community Outreach,Economic Policy,Serov,Male,18-24,Participant,No,No,No,Basic,No,0,0,0,0,2025,1,Jan
3044,2025-01-22,Campaign Activity,Economic Policy,Yekaterinburg,Female,18-24,Participant,No,No,No,Basic,No,0,0,0,0,2025,1,Jan
3119,2025-01-22,Community Outreach,Education,Yekaterinburg,Female,25-34,Participant,No,No,No,Basic,No,0,0,0,0,2025,1,Jan
811,2025-01-23,Campaign Activity,Housing,Yekaterinburg,Female,45-54,Speaker,No,Yes,No,Visible,No,0,0,1,0,2025,1,Jan
913,2025-01-23,Educational Event,Education,Serov,Male,45-54,Analyst,Yes,Yes,No,Professional,No,0,1,1,0,2025,1,Jan
1497,2025-01-23,Government Interaction,Entrepreneurship,Yekaterinburg,Male,45-54,Participant,No,No,No,Basic,No,0,0,0,0,2025,1,Jan
1554,2025-01-23,Public Event,Entrepreneurship,Yekaterinburg,Female,18-24,Participant,No,No,No,Basic,No,0,0,0,0,2025,1,Jan
2324,2025-01-23,Public Event,Social Policy,Serov,Female,25-34,Participant,Yes,No,No,Basic,No,0,1,0,0,2025,1,Jan
3198,2025-01-23,Meeting,Healthcare,Yekaterinburg,Female,35-44,Coordinator,No,Yes,Yes,Leadership,Yes,1,0,1,1,2025,1,Jan
128,2025-01-24,Public Event,Housing,Pervouralsk,Female,35-44,Participant,No,No,No,Basic,No,0,0,0,0,2025,1,Jan
178,2025-01-24,Meeting,Youth Policy,Yekaterinburg,Male,18-24,Volunteer,No,No,No,Basic,No,0,0,0,0,2025,1,Jan
957,2025-01-24,Survey,Education,Nizhny Tagil,Male,35-44,Participant,No,No,No,Basic,No,0,0,0,0,2025,1,Jan
1301,2025-01-24,Community Outreach,Education,Yekaterinburg,Female,25-34,Speaker,Yes,Yes,No,Visible,No,0,1,1,0,2025,1,Jan
1836,2025-01-24,Meeting,Local Government,Yekaterinburg,Female,45-54,Speaker,No,Yes,No,Visible,No,0,0,1,0,2025,1,Jan
1895,2025-01-24,Educational Event,Social Policy,Nizhny Tagil,Female,25-34,Speaker,No,Yes,No,Visible,No,0,0,1,0,2025,1,Jan
2099,2025-01-24,Educational Event,Housing,Yekaterinburg,Female,25-34,Participant,No,No,No,Basic,No,0,0,0,0,2025,1,Jan
2917,2025-01-24,Survey,Housing,Kamensk-Uralsky,Female,35-44,Coordinator,Yes,No,Yes,Leadership,Yes,1,1,0,1,2025,1,Jan
411,2025-01-25,Public Event,Entrepreneurship,Yekaterinburg,Male,25-34,Organizer,Yes,Yes,Yes,Leadership,Yes,1,1,1,1,2025,1,Jan
735,2025-01-25,Educational Event,Gender Equality,Yekaterinburg,Female,25-34,Organizer,Yes,No,Yes,Leadership,Yes,1,1,0,1,2025,1,Jan
841,2025-01-25,Meeting,Youth Policy,Pervouralsk,Female,45-54,Speaker,No,Yes,No,Visible,No,0,0,1,0,2025,1,Jan
1646,2025-01-25,Government Interaction,Social Policy,Yekaterinburg,Female,35-44,Volunteer,No,No,No,Basic,No,0,0,0,0,2025,1,Jan
2035,2025-01-25,Meeting,Healthcare,Serov,Female,18-24,Speaker,No,Yes,No,Visible,No,0,0,1,0,2025,1,Jan
2332,2025-01-25,Public Event,Social Policy,Revda,Female,25-34,Participant,No,No,No,Basic,No,0,0,0,0,2025,1,Jan
145,2025-01-26,Meeting,Local Government,Yekaterinburg,Male,45-54,Coordinator,Yes,No,Yes,Leadership,Yes,1,1,0,1,2025,1,Jan
584,2025-01-26,Community Outreach,Social Policy,Kamensk-Uralsky,Female,25-34,Analyst,Yes,Yes,Yes,Professional,No,0,1,1,1,2025,1,Jan
1627,2025-01-26,Meeting,Healthcare,Yekaterinburg,Female,18-24,Speaker,No,Yes,No,Visible,No,0,0,1,0,2025,1,Jan
1664,2025-01-26,Educational Event,Local Government,Kamensk-Uralsky,Female,18-24,Participant,No,No,No,Basic,No,0,0,0,0,2025,1,Jan
2001,2025-01-26,Community Outreach,Local Government,Kamensk-Uralsky,Male,35-44,Coordinator,Yes,Yes,Yes,Leadership,Yes,1,1,1,1,2025,1,Jan
2372,2025-01-26,Meeting,Local Government,Yekaterinburg,Female,35-44,Participant,No,No,No,Basic,No,0,0,0,0,2025,1,Jan
2438,2025-01-26,Public Event,Local Government,Yekaterinburg,Male,18-24,Coordinator,Yes,No,Yes,Leadership,Yes,1,1,0,1,2025,1,Jan
3184,2025-01-26,Meeting,Entrepreneurship,Pervouralsk,Female,25-34,Participant,No,No,No,Basic,No,0,0,0,0,2025,1,Jan
671,2025-01-27,Media Activity,Transport,Yekaterinburg,Female,25-34,Analyst,No,No,Yes,Professional,No,0,0,0,1,2025,1,Jan
863,2025-01-27,Campaign Activity,Youth Policy,Yekaterinburg,Male,35-44,Analyst,No,No,No,Professional,No,0,0,0,0,2025,1,Jan
1216,2025-01-27,Meeting,Local Government,Yekaterinburg,Male,55+,Organizer,Yes,No,Yes,Leadership,Yes,1,1,0,1,2025,1,Jan
1227,2025-01-27,Meeting,Gender Equality,Nizhny Tagil,Female,25-34,Participant,No,No,No,Basic,No,0,0,0,0,2025,1,Jan
2605,2025-01-27,Meeting,Transport,Yekaterinburg,Female,25-34,Participant,No,No,No,Basic,No,0,0,0,0,2025,1,Jan
3035,2025-01-27,Survey,Youth Policy,Yekaterinburg,Male,45-54,Speaker,Yes,Yes,No,Visible,No,0,1,1,0,2025,1,Jan
160,2025-01-28,Meeting,Transport,Yekaterinburg,Male,25-34,Participant,No,No,No,Basic,No,0,0,0,0,2025,1,Jan
251,2025-01-28,Campaign Activity,Youth Policy,Yekaterinburg,Male,35-44,Participant,Yes,No,No,Basic,No,0,1,0,0,2025,1,Jan
358,2025-01-28,Media Activity,Economic Policy,Pervouralsk,Male,25-34,Participant,No,No,No,Basic,No,0,0,0,0,2025,1,Jan
385,2025-01-28,Campaign Activity,Healthcare,Yekaterinburg,Female,25-34,Volunteer,Yes,No,No,Basic,No,0,1,0,0,2025,1,Jan
999,2025-01-28,Campaign Activity,Education,Yekaterinburg,Male,25-34,Speaker,No,Yes,No,Visible,No,0,0,1,0,2025,1,Jan
1759,2025-01-28,Campaign Activity,Gender Equality,Revda,Male,18-24,Coordinator,Yes,Yes,Yes,Leadership,Yes,1,1,1,1,2025,1,Jan
1884,2025-01-28,Campaign Activity,Education,Serov,Male,25-34,Volunteer,No,No,No,Basic,No,0,0,0,0,2025,1,Jan
2729,2025-01-28,Campaign Activity,Youth Policy,Nizhny Tagil,Female,35-44,Analyst,No,No,No,Professional,No,0,0,0,0,2025,1,Jan
2794,2025-01-28,Meeting,Gender Equality,Yekaterinburg,Male,35-44,Coordinator,Yes,Yes,Yes,Leadership,Yes,1,1,1,1,2025,1,Jan
3540,2025-01-28,Meeting,Youth Policy,Pervouralsk,Female,55+,Participant,No,No,No,Basic,No,0,0,0,0,2025,1,Jan
307,2025-01-29,Educational Event,Gender Equality,Serov,Female,45-54,Volunteer,No,No,No,Basic,No,0,0,0,0,2025,1,Jan
754,2025-01-29,Meeting,Social Policy,Yekaterinburg,Male,35-44,Participant,No,No,No,Basic,No,0,0,0,0,2025,1,Jan
3123,2025-01-29,Campaign Activity,Housing,Yekaterinburg,Female,45-54,Volunteer,No,No,No,Basic,No,0,0,0,0,2025,1,Jan
3283,2025-01-29,Campaign Activity,Local Government,Revda,Female,25-34,Analyst,Yes,No,No,Professional,No,0,1,0,0,2025,1,Jan
3495,2025-01-29,Government Interaction,Social Policy,Pervouralsk,Female,55+,Participant,No,No,No,Basic,No,0,0,0,0,2025,1,Jan
740,2025-01-30,Educational Event,Social Policy,Pervouralsk,Female,18-24,Participant,No,No,No,Basic,No,0,0,0,0,2025,1,Jan
1306,2025-01-30,Community Outreach,Youth Policy,Pervouralsk,Male,55+,Participant,No,No,No,Basic,No,0,0,0,0,2025,1,Jan
1557,2025-01-30,Campaign Activity,Economic Policy,Yekaterinburg,Male,35-44,Participant,No,No,No,Basic,No,0,0,0,0,2025,1,Jan
1927,2025-01-30,Public Event,Local Government,Yekaterinburg,Female,55+,Volunteer,No,No,No,Basic,No,0,0,0,0,2025,1,Jan
1965,2025-01-30,Media Activity,Entrepreneurship,Yekaterinburg,Male,35-44,Participant,No,No,No,Basic,No,0,0,0,0,2025,1,Jan
2482,2025-01-30,Meeting,Transport,Pervouralsk,Female,35-44,Participant,No,No,No,Basic,No,0,0,0,0,2025,1,Jan
2833,2025-01-30,Meeting,Transport,Pervouralsk,Female,55+,Participant,No,No,No,Basic,No,0,0,0,0,2025,1,Jan
2879,2025-01-30,Public Event,Healthcare,Yekaterinburg,Male,18-24,Coordinator,Yes,No,Yes,Leadership,Yes,1,1,0,1,2025,1,Jan
2902,2025-01-30,Campaign Activity,Local Government,Yekaterinburg,Male,55+,Volunteer,No,No,No,Basic,No,0,0,0,0,2025,1,Jan
3587,2025-01-30,Public Event,Transport,Yekaterinburg,Female,35-44,Participant,No,No,No,Basic,No,0,0,0,0,2025,1,Jan
1307,2025-01-31,Educational Event,Social Policy,Yekaterinburg,Male,25-34,Participant,No,No,No,Basic,No,0,0,0,0,2025,1,Jan
1433,2025-01-31,Meeting,Transport,Yekaterinburg,Female,25-34,Volunteer,No,No,No,Basic,No,0,0,0,0,2025,1,Jan
2433,2025-01-31,Meeting,Gender Equality,Nizhny Tagil,Male,18-24,Speaker,No,Yes,No,Visible,No,0,0,1,0,2025,1,Jan
2813,2025-01-31,Campaign Activity,Social Policy,Revda,Male,45-54,Participant,No,No,No,Basic,No,0,0,0,0,2025,1,Jan
3337,2025-01-31,Educational Event,Economic Policy,Yekaterinburg,Male,45-54,Volunteer,No,No,No,Basic,No,0,0,0,0,2025,1,Jan
367,2025-02-01,Community Outreach,Education,Nizhny Tagil,Male,35-44,Analyst,No,No,No,Professional,No,0,0,0,0,2025,2,Feb
1338,2025-02-01,Government Interaction,Youth Policy,Revda,Male,25-34,Analyst,No,No,Yes,Professional,No,0,0,0,1,2025,2,Feb
1352,2025-02-01,Survey,Healthcare,Yekaterinburg,Male,45-54,Participant,No,No,No,Basic,No,0,0,0,0,2025,2,Feb
1513,2025-02-01,Survey,Local Government,Yekaterinburg,Male,25-34,Participant,No,No,No,Basic,No,0,0,0,0,2025,2,Feb
1622,2025-02-01,Community Outreach,Social Policy,Yekaterinburg,Male,25-34,Coordinator,Yes,Yes,Yes,Leadership,Yes,1,1,1,1,2025,2,Feb
1928,2025-02-01,Meeting,Education,Revda,Male,45-54,Volunteer,No,No,No,Basic,No,0,0,0,0,2025,2,Feb
2162,2025-02-01,Media Activity,Economic Policy,Nizhny Tagil,Female,35-44,Participant,No,No,No,Basic,No,0,0,0,0,2025,2,Feb
2839,2025-02-01,Educational Event,Entrepreneurship,Pervouralsk,Female,55+,Organizer,Yes,Yes,Yes,Leadership,Yes,1,1,1,1,2025,2,Feb
2920,2025-02-01,Public Event,Economic Policy,Yekaterinburg,Male,45-54,Participant,No,No,No,Basic,No,0,0,0,0,2025,2,Feb
3091,2025-02-01,Campaign Activity,Transport,Yekaterinburg,Male,18-24,Organizer,Yes,Yes,Yes,Leadership,Yes,1,1,1,1,2025,2,Feb
528,2025-02-02,Community Outreach,Social Policy,Yekaterinburg,Male,35-44,Participant,No,No,No,Basic,No,0,0,0,0,2025,2,Feb
1356,2025-02-02,Public Event,Transport,Nizhny Tagil,Female,35-44,Participant,No,No,No,Basic,No,0,0,0,0,2025,2,Feb
1568,2025-02-02,Survey,Social Policy,Kamensk-Uralsky,Female,45-54,Participant,No,No,No,Basic,No,0,0,0,0,2025,2,Feb
1701,2025-02-02,Community Outreach,Social Policy,Kamensk-Uralsky,Male,55+,Participant,No,No,No,Basic,No,0,0,0,0,2025,2,Feb
2049,2025-02-02,Campaign Activity,Education,Yekaterinburg,Female,45-54,Participant,No,No,No,Basic,No,0,0,0,0,2025,2,Feb
2113,2025-02-02,Media Activity,Youth Policy,Yekaterinburg,Female,55+,Participant,No,No,No,Basic,No,0,0,0,0,2025,2,Feb
2258,2025-02-02,Community Outreach,Entrepreneurship,Yekaterinburg,Male,25-34,Volunteer,No,No,No,Basic,No,0,0,0,0,2025,2,Feb
2712,2025-02-02,Educational Event,Healthcare,Yekaterinburg,Female,45-54,Participant,No,No,No,Basic,No,0,0,0,0,2025,2,Feb
2735,2025-02-02,Survey,Social Policy,Kamensk-Uralsky,Female,25-34,Participant,No,No,No,Basic,No,0,0,0,0,2025,2,Feb
2901,2025-02-02,Media Activity,Local Government,Yekaterinburg,Female,35-44,Volunteer,No,No,No,Basic,No,0,0,0,0,2025,2,Feb
3009,2025-02-02,Meeting,Local Government,Kamensk-Uralsky,Female,25-34,Volunteer,No,No,No,Basic,No,0,0,0,0,2025,2,Feb
237,2025-02-03,Government Interaction,Housing,Yekaterinburg,Female,55+,Volunteer,No,No,No,Basic,No,0,0,0,0,2025,2,Feb
648,2025-02-03,Meeting,Healthcare,Yekaterinburg,Male,25-34,Organizer,Yes,No,Yes,Leadership,Yes,1,1,0,1,2025,2,Feb
659,2025-02-03,Media Activity,Social Policy,Revda,Male,18-24,Participant,No,No,No,Basic,No,0,0,0,0,2025,2,Feb
975,2025-02-03,Educational Event,Local Government,Pervouralsk,Female,35-44,Volunteer,No,No,No,Basic,No,0,0,0,0,2025,2,Feb
1223,2025-02-03,Government Interaction,Entrepreneurship,Pervouralsk,Male,25-34,Participant,No,No,No,Basic,No,0,0,0,0,2025,2,Feb
1427,2025-02-03,Campaign Activity,Economic Policy,Yekaterinburg,Female,35-44,Coordinator,Yes,No,Yes,Leadership,Yes,1,1,0,1,2025,2,Feb
2508,2025-02-03,Meeting,Social Policy,Yekaterinburg,Male,25-34,Volunteer,No,No,No,Basic,No,0,0,0,0,2025,2,Feb
3263,2025-02-03,Meeting,Gender Equality,Yekaterinburg,Female,25-34,Participant,No,No,No,Basic,No,0,0,0,0,2025,2,Feb
3327,2025-02-03,Public Event,Economic Policy,Pervouralsk,Female,45-54,Volunteer,No,No,No,Basic,No,0,0,0,0,2025,2,Feb
3427,2025-02-03,Community Outreach,Transport,Pervouralsk,Female,45-54,Participant,No,No,No,Basic,No,0,0,0,0,2025,2,Feb
3441,2025-02-03,Government Interaction,Economic Policy,Serov,Female,55+,Participant,No,No,No,Basic,No,0,0,0,0,2025,2,Feb
775,2025-02-04,Community Outreach,Gender Equality,Kamensk-Uralsky,Female,55+,Volunteer,No,No,No,Basic,No,0,0,0,0,2025,2,Feb
1675,2025-02-04,Campaign Activity,Housing,Revda,Male,25-34,Coordinator,No,Yes,Yes,Leadership,Yes,1,0,1,1,2025,2,Feb
1888,2025-02-04,Meeting,Local Government,Serov,Female,45-54,Volunteer,No,No,No,Basic,No,0,0,0,0,2025,2,Feb
2411,2025-02-04,Survey,Social Policy,Yekaterinburg,Male,18-24,Participant,Yes,No,No,Basic,No,0,1,0,0,2025,2,Feb
2599,2025-02-04,Campaign Activity,Local Government,Nizhny Tagil,Male,18-24,Coordinator,Yes,Yes,Yes,Leadership,Yes,1,1,1,1,2025,2,Feb
1826,2025-02-05,Community Outreach,Social Policy,Pervouralsk,Female,25-34,Volunteer,No,No,No,Basic,No,0,0,0,0,2025,2,Feb
726,2025-02-06,Community Outreach,Healthcare,Kamensk-Uralsky,Female,35-44,Speaker,No,Yes,No,Visible,No,0,0,1,0,2025,2,Feb
943,2025-02-06,Media Activity,Education,Kamensk-Uralsky,Female,18-24,Participant,No,No,No,Basic,No,0,0,0,0,2025,2,Feb
1151,2025-02-06,Meeting,Entrepreneurship,Yekaterinburg,Female,35-44,Participant,No,No,No,Basic,No,0,0,0,0,2025,2,Feb
1629,2025-02-06,Meeting,Education,Serov,Female,45-54,Participant,No,No,No,Basic,No,0,0,0,0,2025,2,Feb
2079,2025-02-06,Survey,Transport,Yekaterinburg,Female,18-24,Participant,No,No,No,Basic,No,0,0,0,0,2025,2,Feb
3158,2025-02-06,Educational Event,Entrepreneurship,Nizhny Tagil,Female,18-24,Organizer,Yes,No,Yes,Leadership,Yes,1,1,0,1,2025,2,Feb
3443,2025-02-06,Meeting,Gender Equality,Yekaterinburg,Female,25-34,Participant,No,No,No,Basic,No,0,0,0,0,2025,2,Feb
3457,2025-02-06,Educational Event,Entrepreneurship,Yekaterinburg,Male,45-54,Coordinator,Yes,No,Yes,Leadership,Yes,1,1,0,1,2025,2,Feb
139,2025-02-07,Survey,Gender Equality,Yekaterinburg,Male,25-34,Volunteer,No,No,No,Basic,No,0,0,0,0,2025,2,Feb
1754,2025-02-07,Government Interaction,Housing,Yekaterinburg,Male,18-24,Organizer,No,Yes,Yes,Leadership,Yes,1,0,1,1,2025,2,Feb
2004,2025-02-07,Media Activity,Social Policy,Asbest,Male,55+,Participant,Yes,No,No,Basic,No,0,1,0,0,2025,2,Feb
2423,2025-02-07,Meeting,Healthcare,Pervouralsk,Male,45-54,Coordinator,Yes,No,Yes,Leadership,Yes,1,1,0,1,2025,2,Feb
3269,2025-02-07,Community Outreach,Entrepreneurship,Yekaterinburg,Male,25-34,Analyst,No,No,No,Professional,No,0,0,0,0,2025,2,Feb
108,2025-02-08,Government Interaction,Gender Equality,Yekaterinburg,Female,18-24,Participant,No,No,No,Basic,No,0,0,0,0,2025,2,Feb
1810,2025-02-08,Educational Event,Gender Equality,Revda,Female,35-44,Participant,No,Yes,No,Basic,No,0,0,1,0,2025,2,Feb
2072,2025-02-08,Educational Event,Healthcare,Yekaterinburg,Female,25-34,Analyst,No,No,No,Professional,No,0,0,0,0,2025,2,Feb
2165,2025-02-08,Campaign Activity,Economic Policy,Kamensk-Uralsky,Male,25-34,Volunteer,No,No,No,Basic,No,0,0,0,0,2025,2,Feb
2564,2025-02-08,Community Outreach,Healthcare,Yekaterinburg,Male,25-34,Analyst,No,No,No,Professional,No,0,0,0,0,2025,2,Feb
2776,2025-02-08,Public Event,Economic Policy,Yekaterinburg,Female,25-34,Organizer,No,Yes,Yes,Leadership,Yes,1,0,1,1,2025,2,Feb
2810,2025-02-08,Public Event,Gender Equality,Serov,Female,18-24,Participant,No,No,No,Basic,No,0,0,0,0,2025,2,Feb
2842,2025-02-08,Media Activity,Social Policy,Serov,Female,55+,Participant,No,No,No,Basic,No,0,0,0,0,2025,2,Feb
2857,2025-02-08,Community Outreach,Education,Yekaterinburg,Male,45-54,Participant,No,No,No,Basic,No,0,0,0,0,2025,2,Feb
96,2025-02-09,Campaign Activity,Healthcare,Pervouralsk,Male,45-54,Participant,No,No,No,Basic,No,0,0,0,0,2025,2,Feb
261,2025-02-09,Campaign Activity,Youth Policy,Asbest,Female,35-44,Speaker,No,Yes,No,Visible,No,0,0,1,0,2025,2,Feb
390,2025-02-09,Media Activity,Entrepreneurship,Yekaterinburg,Male,25-34,Organizer,Yes,No,Yes,Leadership,Yes,1,1,0,1,2025,2,Feb
1725,2025-02-09,Meeting,Healthcare,Asbest,Male,25-34,Participant,No,No,No,Basic,No,0,0,0,0,2025,2,Feb
2588,2025-02-09,Public Event,Entrepreneurship,Yekaterinburg,Female,45-54,Volunteer,No,No,No,Basic,No,0,0,0,0,2025,2,Feb
3354,2025-02-09,Community Outreach,Entrepreneurship,Pervouralsk,Female,25-34,Volunteer,No,No,No,Basic,No,0,0,0,0,2025,2,Feb
495,2025-02-10,Public Event,Local Government,Yekaterinburg,Male,25-34,Participant,No,No,No,Basic,No,0,0,0,0,2025,2,Feb
658,2025-02-10,Campaign Activity,Local Government,Yekaterinburg,Female,35-44,Participant,No,No,No,Basic,No,0,0,0,0,2025,2,Feb
1483,2025-02-10,Campaign Activity,Transport,Kamensk-Uralsky,Male,25-34,Analyst,Yes,Yes,No,Professional,No,0,1,1,0,2025,2,Feb
1875,2025-02-10,Government Interaction,Housing,Asbest,Male,25-34,Participant,No,No,No,Basic,No,0,0,0,0,2025,2,Feb
2137,2025-02-10,Community Outreach,Gender Equality,Serov,Female,35-44,Participant,No,Yes,No,Basic,No,0,0,1,0,2025,2,Feb
2451,2025-02-10,Campaign Activity,Local Government,Kamensk-Uralsky,Male,45-54,Organizer,Yes,No,Yes,Leadership,Yes,1,1,0,1,2025,2,Feb
3282,2025-02-10,Government Interaction,Healthcare,Revda,Female,25-34,Participant,No,No,No,Basic,No,0,0,0,0,2025,2,Feb
146,2025-02-11,Government Interaction,Housing,Nizhny Tagil,Female,18-24,Participant,No,No,No,Basic,No,0,0,0,0,2025,2,Feb
207,2025-02-11,Government Interaction,Social Policy,Pervouralsk,Female,55+,Coordinator,Yes,Yes,Yes,Leadership,Yes,1,1,1,1,2025,2,Feb
845,2025-02-11,Meeting,Economic Policy,Yekaterinburg,Female,25-34,Participant,No,No,No,Basic,No,0,0,0,0,2025,2,Feb
1090,2025-02-11,Government Interaction,Transport,Yekaterinburg,Female,25-34,Participant,No,No,No,Basic,No,0,0,0,0,2025,2,Feb
1390,2025-02-11,Meeting,Local Government,Yekaterinburg,Female,25-34,Participant,No,No,No,Basic,No,0,0,0,0,2025,2,Feb
1968,2025-02-11,Meeting,Housing,Revda,Male,18-24,Participant,No,No,No,Basic,No,0,0,0,0,2025,2,Feb
2785,2025-02-11,Meeting,Local Government,Pervouralsk,Female,18-24,Volunteer,No,No,No,Basic,No,0,0,0,0,2025,2,Feb
2971,2025-02-11,Government Interaction,Transport,Kamensk-Uralsky,Female,25-34,Analyst,Yes,No,No,Professional,No,0,1,0,0,2025,2,Feb
3429,2025-02-11,Community Outreach,Transport,Asbest,Male,35-44,Analyst,No,No,Yes,Professional,No,0,0,0,1,2025,2,Feb
2993,2025-02-12,Campaign Activity,Education,Serov,Female,35-44,Participant,No,No,No,Basic,No,0,0,0,0,2025,2,Feb
3296,2025-02-12,Meeting,Youth Policy,Kamensk-Uralsky,Male,45-54,Coordinator,Yes,No,Yes,Leadership,Yes,1,1,0,1,2025,2,Feb
122,2025-02-13,Community Outreach,Entrepreneurship,Asbest,Male,18-24,Participant,No,No,No,Basic,No,0,0,0,0,2025,2,Feb
749,2025-02-13,Community Outreach,Housing,Kamensk-Uralsky,Male,35-44,Participant,No,No,No,Basic,No,0,0,0,0,2025,2,Feb
1004,2025-02-13,Government Interaction,Youth Policy,Yekaterinburg,Female,25-34,Participant,No,No,No,Basic,No,0,0,0,0,2025,2,Feb
3064,2025-02-13,Educational Event,Youth Policy,Kamensk-Uralsky,Male,35-44,Volunteer,No,No,No,Basic,No,0,0,0,0,2025,2,Feb
230,2025-02-14,Community Outreach,Local Government,Yekaterinburg,Female,18-24,Speaker,No,Yes,No,Visible,No,0,0,1,0,2025,2,Feb
1607,2025-02-14,Meeting,Economic Policy,Yekaterinburg,Male,45-54,Analyst,No,No,No,Professional,No,0,0,0,0,2025,2,Feb
1904,2025-02-14,Community Outreach,Youth Policy,Yekaterinburg,Female,45-54,Participant,No,No,No,Basic,No,0,0,0,0,2025,2,Feb
2094,2025-02-14,Educational Event,Healthcare,Yekaterinburg,Female,25-34,Participant,No,No,No,Basic,No,0,0,0,0,2025,2,Feb
3592,2025-02-14,Public Event,Social Policy,Serov,Female,18-24,Participant,No,No,No,Basic,No,0,0,0,0,2025,2,Feb
756,2025-02-15,Government Interaction,Housing,Yekaterinburg,Female,35-44,Volunteer,No,No,No,Basic,No,0,0,0,0,2025,2,Feb
871,2025-02-15,Educational Event,Transport,Yekaterinburg,Male,35-44,Participant,Yes,Yes,No,Basic,No,0,1,1,0,2025,2,Feb
1531,2025-02-15,Public Event,Healthcare,Nizhny Tagil,Female,45-54,Participant,No,No,No,Basic,No,0,0,0,0,2025,2,Feb
2016,2025-02-15,Public Event,Local Government,Yekaterinburg,Male,18-24,Participant,No,Yes,No,Basic,No,0,0,1,0,2025,2,Feb
2038,2025-02-15,Government Interaction,Economic Policy,Yekaterinburg,Female,35-44,Participant,No,No,No,Basic,No,0,0,0,0,2025,2,Feb
2087,2025-02-15,Meeting,Education,Nizhny Tagil,Female,25-34,Analyst,No,No,No,Professional,No,0,0,0,0,2025,2,Feb
2851,2025-02-15,Public Event,Entrepreneurship,Yekaterinburg,Female,25-34,Participant,No,No,No,Basic,No,0,0,0,0,2025,2,Feb
3318,2025-02-15,Government Interaction,Education,Yekaterinburg,Female,25-34,Participant,No,No,No,Basic,No,0,0,0,0,2025,2,Feb
3466,2025-02-15,Educational Event,Healthcare,Kamensk-Uralsky,Male,55+,Participant,No,No,No,Basic,No,0,0,0,0,2025,2,Feb
368,2025-02-16,Meeting,Housing,Kamensk-Uralsky,Male,25-34,Volunteer,No,No,No,Basic,No,0,0,0,0,2025,2,Feb
637,2025-02-16,Campaign Activity,Social Policy,Yekaterinburg,Male,18-24,Coordinator,No,No,Yes,Leadership,Yes,1,0,0,1,2025,2,Feb
1480,2025-02-16,Government Interaction,Gender Equality,Serov,Male,35-44,Volunteer,No,No,Yes,Basic,No,0,0,0,1,2025,2,Feb
1860,2025-02-16,Meeting,Economic Policy,Yekaterinburg,Female,25-34,Participant,Yes,No,No,Basic,No,0,1,0,0,2025,2,Feb
116,2025-02-17,Educational Event,Social Policy,Serov,Male,25-34,Participant,No,No,No,Basic,No,0,0,0,0,2025,2,Feb
239,2025-02-17,Survey,Gender Equality,Kamensk-Uralsky,Female,25-34,Participant,No,No,No,Basic,No,0,0,0,0,2025,2,Feb
301,2025-02-17,Meeting,Housing,Kamensk-Uralsky,Male,25-34,Coordinator,Yes,Yes,Yes,Leadership,Yes,1,1,1,1,2025,2,Feb
563,2025-02-17,Educational Event,Education,Yekaterinburg,Male,45-54,Participant,No,No,No,Basic,No,0,0,0,0,2025,2,Feb
712,2025-02-17,Survey,Social Policy,Yekaterinburg,Male,35-44,Volunteer,No,No,No,Basic,No,0,0,0,0,2025,2,Feb
910,2025-02-17,Campaign Activity,Education,Serov,Female,45-54,Volunteer,No,No,No,Basic,No,0,0,0,0,2025,2,Feb
922,2025-02-17,Campaign Activity,Economic Policy,Yekaterinburg,Male,45-54,Participant,No,No,No,Basic,No,0,0,0,0,2025,2,Feb
1378,2025-02-17,Public Event,Transport,Yekaterinburg,Male,55+,Analyst,No,No,No,Professional,No,0,0,0,0,2025,2,Feb
1548,2025-02-17,Community Outreach,Housing,Yekaterinburg,Male,55+,Volunteer,No,No,Yes,Basic,No,0,0,0,1,2025,2,Feb
2683,2025-02-17,Campaign Activity,Youth Policy,Serov,Female,55+,Volunteer,No,No,No,Basic,No,0,0,0,0,2025,2,Feb
3465,2025-02-17,Campaign Activity,Housing,Serov,Male,25-34,Participant,No,No,No,Basic,No,0,0,0,0,2025,2,Feb
656,2025-02-18,Meeting,Transport,Kamensk-Uralsky,Female,18-24,Volunteer,No,No,No,Basic,No,0,0,0,0,2025,2,Feb
987,2025-02-18,Community Outreach,Social Policy,Kamensk-Uralsky,Female,25-34,Participant,No,Yes,No,Basic,No,0,0,1,0,2025,2,Feb
1133,2025-02-18,Campaign Activity,Entrepreneurship,Yekaterinburg,Female,25-34,Speaker,No,Yes,No,Visible,No,0,0,1,0,2025,2,Feb
1326,2025-02-18,Campaign Activity,Healthcare,Yekaterinburg,Male,25-34,Participant,No,No,No,Basic,No,0,0,0,0,2025,2,Feb
1601,2025-02-18,Public Event,Social Policy,Nizhny Tagil,Male,35-44,Participant,No,No,No,Basic,No,0,0,0,0,2025,2,Feb
1603,2025-02-18,Meeting,Housing,Serov,Male,45-54,Analyst,No,Yes,No,Professional,No,0,0,1,0,2025,2,Feb
2187,2025-02-18,Educational Event,Transport,Revda,Male,45-54,Participant,No,No,No,Basic,No,0,0,0,0,2025,2,Feb
2209,2025-02-18,Meeting,Transport,Kamensk-Uralsky,Female,35-44,Participant,No,No,No,Basic,No,0,0,0,0,2025,2,Feb
2906,2025-02-18,Meeting,Social Policy,Nizhny Tagil,Male,45-54,Participant,No,No,No,Basic,No,0,0,0,0,2025,2,Feb
3083,2025-02-18,Community Outreach,Transport,Yekaterinburg,Male,18-24,Participant,No,No,No,Basic,No,0,0,0,0,2025,2,Feb
3151,2025-02-18,Meeting,Housing,Yekaterinburg,Female,18-24,Volunteer,No,No,No,Basic,No,0,0,0,0,2025,2,Feb
3506,2025-02-18,Meeting,Local Government,Yekaterinburg,Male,25-34,Participant,No,No,No,Basic,No,0,0,0,0,2025,2,Feb
639,2025-02-19,Community Outreach,Gender Equality,Pervouralsk,Male,25-34,Speaker,Yes,Yes,No,Visible,No,0,1,1,0,2025,2,Feb
733,2025-02-19,Meeting,Social Policy,Asbest,Female,25-34,Organizer,No,No,Yes,Leadership,Yes,1,0,0,1,2025,2,Feb
1163,2025-02-19,Media Activity,Education,Yekaterinburg,Male,25-34,Participant,No,No,No,Basic,No,0,0,0,0,2025,2,Feb
2377,2025-02-19,Survey,Youth Policy,Serov,Male,25-34,Organizer,Yes,Yes,Yes,Leadership,Yes,1,1,1,1,2025,2,Feb
2620,2025-02-19,Campaign Activity,Entrepreneurship,Yekaterinburg,Male,25-34,Volunteer,No,No,No,Basic,No,0,0,0,0,2025,2,Feb
3255,2025-02-19,Meeting,Youth Policy,Yekaterinburg,Female,55+,Volunteer,No,No,Yes,Basic,No,0,0,0,1,2025,2,Feb
3298,2025-02-19,Meeting,Transport,Yekaterinburg,Male,25-34,Participant,No,No,No,Basic,No,0,0,0,0,2025,2,Feb
1782,2025-02-20,Government Interaction,Local Government,Pervouralsk,Male,25-34,Coordinator,Yes,Yes,Yes,Leadership,Yes,1,1,1,1,2025,2,Feb
2725,2025-02-20,Community Outreach,Social Policy,Yekaterinburg,Female,55+,Volunteer,No,No,No,Basic,No,0,0,0,0,2025,2,Feb
3437,2025-02-20,Meeting,Healthcare,Yekaterinburg,Female,25-34,Participant,No,Yes,No,Basic,No,0,0,1,0,2025,2,Feb
369,2025-02-21,Campaign Activity,Youth Policy,Kamensk-Uralsky,Female,18-24,Participant,Yes,No,No,Basic,No,0,1,0,0,2025,2,Feb
1694,2025-02-21,Government Interaction,Transport,Yekaterinburg,Male,45-54,Volunteer,Yes,No,No,Basic,No,0,1,0,0,2025,2,Feb
2453,2025-02-21,Educational Event,Youth Policy,Yekaterinburg,Male,25-34,Participant,No,No,No,Basic,No,0,0,0,0,2025,2,Feb
2679,2025-02-21,Survey,Healthcare,Yekaterinburg,Male,45-54,Speaker,No,Yes,No,Visible,No,0,0,1,0,2025,2,Feb
2722,2025-02-21,Campaign Activity,Local Government,Yekaterinburg,Male,35-44,Volunteer,No,No,No,Basic,No,0,0,0,0,2025,2,Feb
3352,2025-02-21,Media Activity,Local Government,Yekaterinburg,Female,18-24,Volunteer,No,No,No,Basic,No,0,0,0,0,2025,2,Feb
72,2025-02-22,Community Outreach,Transport,Yekaterinburg,Female,55+,Analyst,No,No,Yes,Professional,No,0,0,0,1,2025,2,Feb
81,2025-02-22,Survey,Social Policy,Yekaterinburg,Male,55+,Organizer,Yes,No,Yes,Leadership,Yes,1,1,0,1,2025,2,Feb
260,2025-02-22,Meeting,Economic Policy,Yekaterinburg,Male,35-44,Coordinator,Yes,Yes,Yes,Leadership,Yes,1,1,1,1,2025,2,Feb
510,2025-02-22,Community Outreach,Social Policy,Yekaterinburg,Female,18-24,Analyst,Yes,No,No,Professional,No,0,1,0,0,2025,2,Feb
1405,2025-02-22,Meeting,Transport,Yekaterinburg,Female,18-24,Volunteer,No,No,No,Basic,No,0,0,0,0,2025,2,Feb
1788,2025-02-22,Meeting,Social Policy,Yekaterinburg,Male,25-34,Organizer,Yes,No,Yes,Leadership,Yes,1,1,0,1,2025,2,Feb
2520,2025-02-22,Meeting,Youth Policy,Yekaterinburg,Female,25-34,Speaker,No,Yes,No,Visible,No,0,0,1,0,2025,2,Feb
459,2025-02-23,Campaign Activity,Social Policy,Pervouralsk,Male,25-34,Organizer,Yes,Yes,Yes,Leadership,Yes,1,1,1,1,2025,2,Feb
2761,2025-02-23,Campaign Activity,Economic Policy,Yekaterinburg,Male,45-54,Participant,No,No,No,Basic,No,0,0,0,0,2025,2,Feb
2849,2025-02-23,Government Interaction,Gender Equality,Yekaterinburg,Male,55+,Participant,No,No,No,Basic,No,0,0,0,0,2025,2,Feb
280,2025-02-24,Campaign Activity,Social Policy,Revda,Male,25-34,Participant,No,Yes,No,Basic,No,0,0,1,0,2025,2,Feb
2289,2025-02-24,Educational Event,Youth Policy,Yekaterinburg,Female,45-54,Coordinator,No,No,Yes,Leadership,Yes,1,0,0,1,2025,2,Feb
2797,2025-02-24,Survey,Gender Equality,Yekaterinburg,Male,45-54,Coordinator,Yes,Yes,Yes,Leadership,Yes,1,1,1,1,2025,2,Feb
3353,2025-02-24,Meeting,Social Policy,Yekaterinburg,Female,35-44,Volunteer,No,No,No,Basic,No,0,0,0,0,2025,2,Feb
3511,2025-02-24,Media Activity,Transport,Yekaterinburg,Male,45-54,Analyst,No,No,No,Professional,No,0,0,0,0,2025,2,Feb
253,2025-02-25,Campaign Activity,Healthcare,Nizhny Tagil,Female,18-24,Volunteer,No,No,No,Basic,No,0,0,0,0,2025,2,Feb
259,2025-02-25,Government Interaction,Gender Equality,Yekaterinburg,Female,45-54,Participant,No,No,No,Basic,No,0,0,0,0,2025,2,Feb
889,2025-02-25,Public Event,Transport,Yekaterinburg,Female,35-44,Speaker,No,Yes,No,Visible,No,0,0,1,0,2025,2,Feb
1006,2025-02-25,Campaign Activity,Youth Policy,Yekaterinburg,Female,35-44,Coordinator,Yes,No,Yes,Leadership,Yes,1,1,0,1,2025,2,Feb
1464,2025-02-25,Meeting,Youth Policy,Nizhny Tagil,Female,25-34,Participant,No,No,No,Basic,No,0,0,0,0,2025,2,Feb
2629,2025-02-25,Campaign Activity,Youth Policy,Yekaterinburg,Female,18-24,Speaker,No,Yes,No,Visible,No,0,0,1,0,2025,2,Feb
2779,2025-02-25,Public Event,Social Policy,Yekaterinburg,Female,25-34,Participant,Yes,No,No,Basic,No,0,1,0,0,2025,2,Feb
3350,2025-02-25,Educational Event,Housing,Yekaterinburg,Female,45-54,Participant,No,No,No,Basic,No,0,0,0,0,2025,2,Feb
287,2025-02-26,Media Activity,Education,Serov,Female,25-34,Participant,No,No,No,Basic,No,0,0,0,0,2025,2,Feb
1062,2025-02-26,Media Activity,Gender Equality,Yekaterinburg,Male,35-44,Organizer,Yes,No,Yes,Leadership,Yes,1,1,0,1,2025,2,Feb
1067,2025-02-26,Educational Event,Gender Equality,Yekaterinburg,Female,35-44,Volunteer,No,No,No,Basic,No,0,0,0,0,2025,2,Feb
1094,2025-02-26,Educational Event,Youth Policy,Pervouralsk,Female,25-34,Speaker,No,Yes,No,Visible,No,0,0,1,0,2025,2,Feb
1296,2025-02-26,Community Outreach,Education,Pervouralsk,Female,45-54,Participant,No,No,No,Basic,No,0,0,0,0,2025,2,Feb
1868,2025-02-26,Meeting,Entrepreneurship,Yekaterinburg,Female,25-34,Participant,Yes,No,No,Basic,No,0,1,0,0,2025,2,Feb
2075,2025-02-26,Community Outreach,Local Government,Revda,Female,55+,Participant,No,No,No,Basic,No,0,0,0,0,2025,2,Feb
2248,2025-02-26,Public Event,Social Policy,Yekaterinburg,Male,25-34,Volunteer,No,No,No,Basic,No,0,0,0,0,2025,2,Feb
3560,2025-02-26,Meeting,Gender Equality,Yekaterinburg,Male,55+,Speaker,No,Yes,No,Visible,No,0,0,1,0,2025,2,Feb
496,2025-02-27,Campaign Activity,Local Government,Yekaterinburg,Male,35-44,Coordinator,Yes,No,Yes,Leadership,Yes,1,1,0,1,2025,2,Feb
1131,2025-02-27,Public Event,Education,Serov,Male,35-44,Participant,No,No,No,Basic,No,0,0,0,0,2025,2,Feb
1697,2025-02-27,Media Activity,Education,Yekaterinburg,Female,18-24,Volunteer,No,Yes,No,Basic,No,0,0,1,0,2025,2,Feb
1885,2025-02-27,Educational Event,Local Government,Serov,Female,25-34,Participant,No,No,No,Basic,No,0,0,0,0,2025,2,Feb
2133,2025-02-27,Government Interaction,Gender Equality,Yekaterinburg,Male,18-24,Organizer,No,Yes,Yes,Leadership,Yes,1,0,1,1,2025,2,Feb
2355,2025-02-27,Campaign Activity,Healthcare,Yekaterinburg,Female,35-44,Participant,No,No,No,Basic,No,0,0,0,0,2025,2,Feb
2400,2025-02-27,Educational Event,Transport,Asbest,Male,45-54,Volunteer,No,No,No,Basic,No,0,0,0,0,2025,2,Feb
127,2025-02-28,Media Activity,Education,Yekaterinburg,Female,45-54,Participant,No,No,No,Basic,No,0,0,0,0,2025,2,Feb
1283,2025-02-28,Community Outreach,Economic Policy,Yekaterinburg,Female,25-34,Speaker,No,Yes,Yes,Visible,No,0,0,1,1,2025,2,Feb
1328,2025-02-28,Community Outreach,Economic Policy,Yekaterinburg,Male,25-34,Participant,No,No,No,Basic,No,0,0,0,0,2025,2,Feb
1937,2025-02-28,Public Event,Entrepreneurship,Kamensk-Uralsky,Male,25-34,Volunteer,No,No,No,Basic,No,0,0,0,0,2025,2,Feb
1978,2025-02-28,Government Interaction,Gender Equality,Yekaterinburg,Male,18-24,Participant,No,No,No,Basic,No,0,0,0,0,2025,2,Feb
2503,2025-02-28,Educational Event,Youth Policy,Yekaterinburg,Male,35-44,Participant,No,No,No,Basic,No,0,0,0,0,2025,2,Feb
2598,2025-02-28,Meeting,Youth Policy,Yekaterinburg,Female,18-24,Participant,No,No,No,Basic,No,0,0,0,0,2025,2,Feb
3387,2025-02-28,Community Outreach,Education,Yekaterinburg,Male,35-44,Organizer,Yes,No,Yes,Leadership,Yes,1,1,0,1,2025,2,Feb
590,2025-03-01,Community Outreach,Entrepreneurship,Yekaterinburg,Female,45-54,Participant,No,No,No,Basic,No,0,0,0,0,2025,3,Mar
680,2025-03-01,Government Interaction,Education,Yekaterinburg,Female,35-44,Volunteer,No,No,No,Basic,No,0,0,0,0,2025,3,Mar
767,2025-03-01,Community Outreach,Social Policy,Yekaterinburg,Female,25-34,Participant,No,No,No,Basic,No,0,0,0,0,2025,3,Mar
812,2025-03-01,Meeting,Social Policy,Yekaterinburg,Female,25-34,Speaker,No,Yes,No,Visible,No,0,0,1,0,2025,3,Mar
1574,2025-03-01,Meeting,Social Policy,Yekaterinburg,Male,35-44,Speaker,No,Yes,No,Visible,No,0,0,1,0,2025,3,Mar
1791,2025-03-01,Community Outreach,Housing,Revda,Male,35-44,Participant,No,No,No,Basic,No,0,0,0,0,2025,3,Mar
2606,2025-03-01,Government Interaction,Healthcare,Yekaterinburg,Female,35-44,Volunteer,No,No,No,Basic,No,0,0,0,0,2025,3,Mar
3049,2025-03-01,Media Activity,Gender Equality,Yekaterinburg,Male,35-44,Participant,No,No,No,Basic,No,0,0,0,0,2025,3,Mar
3413,2025-03-01,Meeting,Social Policy,Revda,Male,35-44,Coordinator,Yes,No,Yes,Leadership,Yes,1,1,0,1,2025,3,Mar
78,2025-03-02,Community Outreach,Economic Policy,Nizhny Tagil,Male,35-44,Volunteer,No,Yes,Yes,Basic,No,0,0,1,1,2025,3,Mar
274,2025-03-02,Meeting,Gender Equality,Pervouralsk,Male,45-54,Participant,No,No,No,Basic,No,0,0,0,0,2025,3,Mar
858,2025-03-02,Community Outreach,Housing,Pervouralsk,Male,45-54,Analyst,No,No,No,Professional,No,0,0,0,0,2025,3,Mar
887,2025-03-02,Survey,Gender Equality,Nizhny Tagil,Female,25-34,Volunteer,No,Yes,No,Basic,No,0,0,1,0,2025,3,Mar
1030,2025-03-02,Public Event,Education,Pervouralsk,Female,25-34,Coordinator,Yes,No,Yes,Leadership,Yes,1,1,0,1,2025,3,Mar
2331,2025-03-02,Media Activity,Entrepreneurship,Pervouralsk,Male,25-34,Participant,No,Yes,No,Basic,No,0,0,1,0,2025,3,Mar
2786,2025-03-02,Educational Event,Entrepreneurship,Yekaterinburg,Male,35-44,Volunteer,No,No,No,Basic,No,0,0,0,0,2025,3,Mar
808,2025-03-03,Campaign Activity,Youth Policy,Yekaterinburg,Female,35-44,Participant,No,No,No,Basic,No,0,0,0,0,2025,3,Mar
921,2025-03-03,Meeting,Transport,Yekaterinburg,Female,35-44,Organizer,Yes,No,Yes,Leadership,Yes,1,1,0,1,2025,3,Mar
946,2025-03-03,Public Event,Social Policy,Yekaterinburg,Female,45-54,Coordinator,Yes,No,Yes,Leadership,Yes,1,1,0,1,2025,3,Mar
1440,2025-03-03,Survey,Economic Policy,Yekaterinburg,Male,25-34,Participant,No,No,No,Basic,No,0,0,0,0,2025,3,Mar
1441,2025-03-03,Public Event,Youth Policy,Yekaterinburg,Female,35-44,Participant,No,No,No,Basic,No,0,0,0,0,2025,3,Mar
2086,2025-03-03,Meeting,Social Policy,Asbest,Female,55+,Volunteer,No,No,Yes,Basic,No,0,0,0,1,2025,3,Mar
2434,2025-03-03,Meeting,Social Policy,Serov,Female,25-34,Organizer,No,No,Yes,Leadership,Yes,1,0,0,1,2025,3,Mar
2710,2025-03-03,Government Interaction,Transport,Pervouralsk,Male,25-34,Speaker,No,Yes,No,Visible,No,0,0,1,0,2025,3,Mar
2808,2025-03-03,Public Event,Social Policy,Yekaterinburg,Male,18-24,Analyst,No,Yes,No,Professional,No,0,0,1,0,2025,3,Mar
3213,2025-03-03,Campaign Activity,Transport,Nizhny Tagil,Male,25-34,Participant,No,No,No,Basic,No,0,0,0,0,2025,3,Mar
620,2025-03-04,Government Interaction,Youth Policy,Nizhny Tagil,Female,25-34,Coordinator,Yes,Yes,Yes,Leadership,Yes,1,1,1,1,2025,3,Mar
932,2025-03-04,Public Event,Economic Policy,Nizhny Tagil,Female,18-24,Volunteer,No,No,No,Basic,No,0,0,0,0,2025,3,Mar
3474,2025-03-04,Community Outreach,Education,Yekaterinburg,Female,25-34,Participant,No,No,No,Basic,No,0,0,0,0,2025,3,Mar
1467,2025-03-05,Community Outreach,Transport,Yekaterinburg,Female,55+,Participant,No,No,No,Basic,No,0,0,0,0,2025,3,Mar
1887,2025-03-05,Educational Event,Gender Equality,Yekaterinburg,Female,18-24,Participant,No,No,No,Basic,No,0,0,0,0,2025,3,Mar
1934,2025-03-05,Campaign Activity,Gender Equality,Yekaterinburg,Male,25-34,Participant,No,No,No,Basic,No,0,0,0,0,2025,3,Mar
2235,2025-03-05,Community Outreach,Housing,Nizhny Tagil,Male,45-54,Participant,No,No,No,Basic,No,0,0,0,0,2025,3,Mar
2328,2025-03-05,Educational Event,Local Government,Yekaterinburg,Female,45-54,Volunteer,No,No,No,Basic,No,0,0,0,0,2025,3,Mar
3217,2025-03-05,Community Outreach,Education,Yekaterinburg,Female,25-34,Participant,No,No,No,Basic,No,0,0,0,0,2025,3,Mar
826,2025-03-06,Campaign Activity,Gender Equality,Yekaterinburg,Female,25-34,Volunteer,No,No,No,Basic,No,0,0,0,0,2025,3,Mar
953,2025-03-06,Meeting,Education,Kamensk-Uralsky,Female,18-24,Organizer,Yes,No,Yes,Leadership,Yes,1,1,0,1,2025,3,Mar
2126,2025-03-06,Educational Event,Entrepreneurship,Yekaterinburg,Female,35-44,Analyst,No,No,No,Professional,No,0,0,0,0,2025,3,Mar
2995,2025-03-06,Media Activity,Economic Policy,Yekaterinburg,Male,35-44,Participant,No,No,No,Basic,No,0,0,0,0,2025,3,Mar
630,2025-03-07,Public Event,Transport,Pervouralsk,Male,35-44,Organizer,Yes,No,Yes,Leadership,Yes,1,1,0,1,2025,3,Mar
2293,2025-03-07,Community Outreach,Local Government,Yekaterinburg,Male,18-24,Participant,No,Yes,No,Basic,No,0,0,1,0,2025,3,Mar
3180,2025-03-07,Government Interaction,Entrepreneurship,Yekaterinburg,Male,25-34,Organizer,Yes,Yes,Yes,Leadership,Yes,1,1,1,1,2025,3,Mar
87,2025-03-08,Campaign Activity,Gender Equality,Yekaterinburg,Male,35-44,Participant,No,No,No,Basic,No,0,0,0,0,2025,3,Mar
423,2025-03-08,Public Event,Education,Yekaterinburg,Female,35-44,Speaker,No,Yes,No,Visible,No,0,0,1,0,2025,3,Mar
1900,2025-03-08,Public Event,Housing,Yekaterinburg,Female,55+,Participant,No,No,No,Basic,No,0,0,0,0,2025,3,Mar
3074,2025-03-08,Campaign Activity,Youth Policy,Yekaterinburg,Male,35-44,Organizer,Yes,Yes,Yes,Leadership,Yes,1,1,1,1,2025,3,Mar
69,2025-03-09,Campaign Activity,Transport,Nizhny Tagil,Female,25-34,Organizer,No,No,Yes,Leadership,Yes,1,0,0,1,2025,3,Mar
377,2025-03-09,Meeting,Economic Policy,Asbest,Male,35-44,Coordinator,Yes,Yes,Yes,Leadership,Yes,1,1,1,1,2025,3,Mar
1650,2025-03-09,Educational Event,Education,Yekaterinburg,Male,25-34,Participant,No,No,No,Basic,No,0,0,0,0,2025,3,Mar
2743,2025-03-09,Educational Event,Transport,Asbest,Female,35-44,Participant,No,No,No,Basic,No,0,0,0,0,2025,3,Mar
152,2025-03-10,Community Outreach,Transport,Yekaterinburg,Male,18-24,Participant,No,No,No,Basic,No,0,0,0,0,2025,3,Mar
456,2025-03-10,Educational Event,Healthcare,Yekaterinburg,Female,25-34,Analyst,No,No,No,Professional,No,0,0,0,0,2025,3,Mar
458,2025-03-10,Media Activity,Youth Policy,Yekaterinburg,Female,35-44,Participant,Yes,No,No,Basic,No,0,1,0,0,2025,3,Mar
498,2025-03-10,Community Outreach,Economic Policy,Yekaterinburg,Male,18-24,Speaker,Yes,Yes,Yes,Visible,No,0,1,1,1,2025,3,Mar
1604,2025-03-10,Campaign Activity,Entrepreneurship,Kamensk-Uralsky,Male,35-44,Volunteer,No,Yes,No,Basic,No,0,0,1,0,2025,3,Mar
2150,2025-03-10,Media Activity,Education,Nizhny Tagil,Female,45-54,Organizer,No,No,Yes,Leadership,Yes,1,0,0,1,2025,3,Mar
3199,2025-03-10,Community Outreach,Education,Yekaterinburg,Female,18-24,Volunteer,No,No,No,Basic,No,0,0,0,0,2025,3,Mar
3497,2025-03-10,Community Outreach,Local Government,Yekaterinburg,Male,25-34,Speaker,No,Yes,No,Visible,No,0,0,1,0,2025,3,Mar
407,2025-03-11,Community Outreach,Transport,Yekaterinburg,Female,35-44,Participant,No,No,No,Basic,No,0,0,0,0,2025,3,Mar
452,2025-03-11,Government Interaction,Healthcare,Yekaterinburg,Male,45-54,Analyst,Yes,No,No,Professional,No,0,1,0,0,2025,3,Mar
806,2025-03-11,Community Outreach,Youth Policy,Serov,Female,25-34,Volunteer,No,No,No,Basic,No,0,0,0,0,2025,3,Mar
1134,2025-03-11,Public Event,Transport,Serov,Male,45-54,Volunteer,No,No,No,Basic,No,0,0,0,0,2025,3,Mar
1775,2025-03-11,Government Interaction,Education,Yekaterinburg,Male,18-24,Participant,No,Yes,No,Basic,No,0,0,1,0,2025,3,Mar
1785,2025-03-11,Public Event,Healthcare,Asbest,Female,18-24,Participant,No,No,No,Basic,No,0,0,0,0,2025,3,Mar
2260,2025-03-11,Public Event,Economic Policy,Yekaterinburg,Female,25-34,Analyst,Yes,No,No,Professional,No,0,1,0,0,2025,3,Mar
2816,2025-03-11,Meeting,Transport,Nizhny Tagil,Male,18-24,Analyst,Yes,No,No,Professional,No,0,1,0,0,2025,3,Mar
2179,2025-03-12,Government Interaction,Transport,Revda,Female,55+,Participant,No,No,No,Basic,No,0,0,0,0,2025,3,Mar
2201,2025-03-12,Campaign Activity,Social Policy,Nizhny Tagil,Female,18-24,Participant,No,No,No,Basic,No,0,0,0,0,2025,3,Mar
2817,2025-03-12,Campaign Activity,Gender Equality,Pervouralsk,Female,25-34,Coordinator,Yes,Yes,Yes,Leadership,Yes,1,1,1,1,2025,3,Mar
2985,2025-03-12,Community Outreach,Healthcare,Yekaterinburg,Female,45-54,Participant,No,No,No,Basic,No,0,0,0,0,2025,3,Mar
3484,2025-03-12,Public Event,Healthcare,Kamensk-Uralsky,Male,45-54,Participant,No,Yes,No,Basic,No,0,0,1,0,2025,3,Mar
285,2025-03-13,Media Activity,Gender Equality,Yekaterinburg,Male,55+,Coordinator,No,No,Yes,Leadership,Yes,1,0,0,1,2025,3,Mar
527,2025-03-13,Community Outreach,Youth Policy,Yekaterinburg,Male,35-44,Participant,Yes,No,No,Basic,No,0,1,0,0,2025,3,Mar
606,2025-03-13,Survey,Healthcare,Revda,Male,25-34,Participant,No,No,No,Basic,No,0,0,0,0,2025,3,Mar
839,2025-03-13,Public Event,Social Policy,Serov,Female,25-34,Participant,No,No,No,Basic,No,0,0,0,0,2025,3,Mar
1043,2025-03-13,Community Outreach,Youth Policy,Pervouralsk,Male,25-34,Coordinator,Yes,Yes,Yes,Leadership,Yes,1,1,1,1,2025,3,Mar
1266,2025-03-13,Meeting,Housing,Yekaterinburg,Male,18-24,Analyst,Yes,No,No,Professional,No,0,1,0,0,2025,3,Mar
2308,2025-03-13,Community Outreach,Healthcare,Serov,Female,18-24,Participant,No,No,No,Basic,No,0,0,0,0,2025,3,Mar
277,2025-03-14,Meeting,Housing,Serov,Female,45-54,Participant,No,No,No,Basic,No,0,0,0,0,2025,3,Mar
351,2025-03-14,Campaign Activity,Gender Equality,Kamensk-Uralsky,Male,25-34,Participant,No,No,No,Basic,No,0,0,0,0,2025,3,Mar
868,2025-03-14,Government Interaction,Youth Policy,Kamensk-Uralsky,Male,35-44,Coordinator,Yes,No,Yes,Leadership,Yes,1,1,0,1,2025,3,Mar
1210,2025-03-14,Community Outreach,Education,Yekaterinburg,Female,55+,Analyst,No,No,No,Professional,No,0,0,0,0,2025,3,Mar
1402,2025-03-14,Government Interaction,Local Government,Yekaterinburg,Female,35-44,Organizer,No,Yes,Yes,Leadership,Yes,1,0,1,1,2025,3,Mar
1657,2025-03-14,Community Outreach,Local Government,Nizhny Tagil,Female,18-24,Speaker,No,Yes,No,Visible,No,0,0,1,0,2025,3,Mar
1789,2025-03-14,Campaign Activity,Economic Policy,Yekaterinburg,Male,25-34,Coordinator,Yes,No,Yes,Leadership,Yes,1,1,0,1,2025,3,Mar
1275,2025-03-15,Community Outreach,Education,Yekaterinburg,Female,35-44,Participant,No,No,No,Basic,No,0,0,0,0,2025,3,Mar
1401,2025-03-15,Public Event,Local Government,Revda,Female,35-44,Volunteer,No,No,No,Basic,No,0,0,0,0,2025,3,Mar
2704,2025-03-15,Meeting,Gender Equality,Yekaterinburg,Male,25-34,Speaker,No,Yes,No,Visible,No,0,0,1,0,2025,3,Mar
2738,2025-03-15,Campaign Activity,Gender Equality,Kamensk-Uralsky,Male,25-34,Volunteer,No,No,No,Basic,No,0,0,0,0,2025,3,Mar
3395,2025-03-15,Survey,Youth Policy,Yekaterinburg,Male,25-34,Participant,No,No,No,Basic,No,0,0,0,0,2025,3,Mar
159,2025-03-16,Media Activity,Economic Policy,Yekaterinburg,Male,25-34,Analyst,No,No,No,Professional,No,0,0,0,0,2025,3,Mar
419,2025-03-16,Meeting,Youth Policy,Yekaterinburg,Female,25-34,Coordinator,No,Yes,Yes,Leadership,Yes,1,0,1,1,2025,3,Mar
963,2025-03-16,Public Event,Gender Equality,Yekaterinburg,Female,45-54,Coordinator,No,Yes,Yes,Leadership,Yes,1,0,1,1,2025,3,Mar
1980,2025-03-16,Survey,Entrepreneurship,Yekaterinburg,Female,25-34,Participant,No,No,No,Basic,No,0,0,0,0,2025,3,Mar
2143,2025-03-16,Survey,Local Government,Nizhny Tagil,Male,45-54,Volunteer,No,No,No,Basic,No,0,0,0,0,2025,3,Mar
2692,2025-03-16,Media Activity,Youth Policy,Nizhny Tagil,Female,18-24,Participant,No,No,No,Basic,No,0,0,0,0,2025,3,Mar
2926,2025-03-16,Media Activity,Social Policy,Yekaterinburg,Male,35-44,Organizer,Yes,Yes,Yes,Leadership,Yes,1,1,1,1,2025,3,Mar
3130,2025-03-16,Community Outreach,Local Government,Serov,Male,55+,Participant,No,No,No,Basic,No,0,0,0,0,2025,3,Mar
3249,2025-03-16,Public Event,Social Policy,Yekaterinburg,Male,55+,Participant,No,No,No,Basic,No,0,0,0,0,2025,3,Mar
3493,2025-03-16,Educational Event,Social Policy,Yekaterinburg,Male,18-24,Analyst,Yes,Yes,No,Professional,No,0,1,1,0,2025,3,Mar
62,2025-03-17,Educational Event,Local Government,Revda,Male,25-34,Participant,No,No,No,Basic,No,0,0,0,0,2025,3,Mar
440,2025-03-17,Educational Event,Housing,Yekaterinburg,Male,55+,Participant,No,Yes,No,Basic,No,0,0,1,0,2025,3,Mar
597,2025-03-17,Meeting,Youth Policy,Yekaterinburg,Male,45-54,Participant,No,No,No,Basic,No,0,0,0,0,2025,3,Mar
715,2025-03-17,Meeting,Youth Policy,Yekaterinburg,Male,18-24,Speaker,No,Yes,No,Visible,No,0,0,1,0,2025,3,Mar
1397,2025-03-17,Meeting,Transport,Yekaterinburg,Male,25-34,Participant,No,No,No,Basic,No,0,0,0,0,2025,3,Mar
1436,2025-03-17,Meeting,Housing,Asbest,Male,35-44,Coordinator,Yes,Yes,Yes,Leadership,Yes,1,1,1,1,2025,3,Mar
1499,2025-03-17,Educational Event,Economic Policy,Pervouralsk,Female,55+,Participant,No,No,No,Basic,No,0,0,0,0,2025,3,Mar
3015,2025-03-17,Media Activity,Youth Policy,Yekaterinburg,Female,35-44,Organizer,No,Yes,Yes,Leadership,Yes,1,0,1,1,2025,3,Mar
3268,2025-03-17,Meeting,Youth Policy,Yekaterinburg,Male,18-24,Participant,No,No,No,Basic,No,0,0,0,0,2025,3,Mar
3311,2025-03-17,Survey,Gender Equality,Revda,Male,55+,Organizer,No,No,Yes,Leadership,Yes,1,0,0,1,2025,3,Mar
873,2025-03-18,Community Outreach,Gender Equality,Pervouralsk,Male,18-24,Coordinator,No,Yes,Yes,Leadership,Yes,1,0,1,1,2025,3,Mar
929,2025-03-18,Public Event,Economic Policy,Kamensk-Uralsky,Male,35-44,Coordinator,Yes,Yes,Yes,Leadership,Yes,1,1,1,1,2025,3,Mar
2096,2025-03-18,Public Event,Housing,Kamensk-Uralsky,Female,35-44,Participant,No,No,No,Basic,No,0,0,0,0,2025,3,Mar
2909,2025-03-18,Community Outreach,Education,Yekaterinburg,Male,18-24,Participant,Yes,No,No,Basic,No,0,1,0,0,2025,3,Mar
3188,2025-03-18,Government Interaction,Transport,Yekaterinburg,Male,25-34,Organizer,Yes,No,Yes,Leadership,Yes,1,1,0,1,2025,3,Mar
3382,2025-03-18,Media Activity,Transport,Yekaterinburg,Male,25-34,Speaker,No,Yes,No,Visible,No,0,0,1,0,2025,3,Mar
77,2025-03-19,Campaign Activity,Entrepreneurship,Kamensk-Uralsky,Female,18-24,Participant,No,No,No,Basic,No,0,0,0,0,2025,3,Mar
112,2025-03-19,Survey,Housing,Yekaterinburg,Female,25-34,Analyst,Yes,No,No,Professional,No,0,1,0,0,2025,3,Mar
250,2025-03-19,Public Event,Transport,Kamensk-Uralsky,Female,35-44,Participant,No,No,No,Basic,No,0,0,0,0,2025,3,Mar
1512,2025-03-19,Community Outreach,Gender Equality,Kamensk-Uralsky,Female,25-34,Participant,No,No,No,Basic,No,0,0,0,0,2025,3,Mar
1686,2025-03-19,Meeting,Entrepreneurship,Yekaterinburg,Female,18-24,Participant,No,No,No,Basic,No,0,0,0,0,2025,3,Mar
1724,2025-03-19,Meeting,Education,Yekaterinburg,Male,25-34,Participant,No,Yes,No,Basic,No,0,0,1,0,2025,3,Mar
1893,2025-03-19,Public Event,Social Policy,Serov,Male,45-54,Organizer,Yes,No,Yes,Leadership,Yes,1,1,0,1,2025,3,Mar
2441,2025-03-19,Campaign Activity,Education,Yekaterinburg,Male,25-34,Organizer,Yes,Yes,Yes,Leadership,Yes,1,1,1,1,2025,3,Mar
2798,2025-03-19,Meeting,Economic Policy,Yekaterinburg,Female,25-34,Participant,No,No,No,Basic,No,0,0,0,0,2025,3,Mar
3590,2025-03-19,Government Interaction,Economic Policy,Kamensk-Uralsky,Female,18-24,Volunteer,No,No,No,Basic,No,0,0,0,0,2025,3,Mar
471,2025-03-20,Campaign Activity,Economic Policy,Nizhny Tagil,Female,35-44,Participant,No,No,No,Basic,No,0,0,0,0,2025,3,Mar
669,2025-03-20,Survey,Education,Revda,Female,25-34,Volunteer,Yes,No,No,Basic,No,0,1,0,0,2025,3,Mar
1148,2025-03-20,Community Outreach,Social Policy,Yekaterinburg,Male,25-34,Organizer,Yes,Yes,Yes,Leadership,Yes,1,1,1,1,2025,3,Mar
2534,2025-03-20,Public Event,Local Government,Nizhny Tagil,Female,25-34,Participant,No,No,No,Basic,No,0,0,0,0,2025,3,Mar
2699,2025-03-20,Public Event,Transport,Kamensk-Uralsky,Female,18-24,Analyst,Yes,No,No,Professional,No,0,1,0,0,2025,3,Mar
2841,2025-03-20,Community Outreach,Housing,Revda,Male,25-34,Volunteer,Yes,Yes,No,Basic,No,0,1,1,0,2025,3,Mar
2876,2025-03-20,Meeting,Local Government,Yekaterinburg,Female,35-44,Participant,No,No,No,Basic,No,0,0,0,0,2025,3,Mar
2959,2025-03-20,Educational Event,Gender Equality,Kamensk-Uralsky,Female,18-24,Participant,No,No,No,Basic,No,0,0,0,0,2025,3,Mar
3423,2025-03-20,Campaign Activity,Education,Yekaterinburg,Male,55+,Participant,No,No,No,Basic,No,0,0,0,0,2025,3,Mar
258,2025-03-21,Campaign Activity,Education,Revda,Female,18-24,Volunteer,No,Yes,Yes,Basic,No,0,0,1,1,2025,3,Mar
526,2025-03-21,Meeting,Housing,Yekaterinburg,Female,25-34,Participant,No,No,No,Basic,No,0,0,0,0,2025,3,Mar
1039,2025-03-21,Meeting,Economic Policy,Yekaterinburg,Female,45-54,Volunteer,No,No,No,Basic,No,0,0,0,0,2025,3,Mar
1125,2025-03-21,Meeting,Transport,Yekaterinburg,Female,45-54,Participant,No,No,No,Basic,No,0,0,0,0,2025,3,Mar
1458,2025-03-21,Community Outreach,Housing,Yekaterinburg,Female,25-34,Organizer,Yes,No,Yes,Leadership,Yes,1,1,0,1,2025,3,Mar
1678,2025-03-21,Government Interaction,Housing,Nizhny Tagil,Female,18-24,Volunteer,No,No,No,Basic,No,0,0,0,0,2025,3,Mar
1707,2025-03-21,Media Activity,Transport,Asbest,Female,25-34,Speaker,No,Yes,No,Visible,No,0,0,1,0,2025,3,Mar
2298,2025-03-21,Educational Event,Housing,Serov,Female,18-24,Organizer,No,Yes,Yes,Leadership,Yes,1,0,1,1,2025,3,Mar
2373,2025-03-21,Community Outreach,Healthcare,Yekaterinburg,Female,25-34,Participant,No,No,No,Basic,No,0,0,0,0,2025,3,Mar
2478,2025-03-21,Campaign Activity,Social Policy,Serov,Female,35-44,Volunteer,No,No,No,Basic,No,0,0,0,0,2025,3,Mar
2670,2025-03-21,Meeting,Transport,Pervouralsk,Female,18-24,Participant,No,No,No,Basic,No,0,0,0,0,2025,3,Mar
878,2025-03-22,Public Event,Youth Policy,Serov,Female,35-44,Participant,No,No,No,Basic,No,0,0,0,0,2025,3,Mar
1391,2025-03-22,Meeting,Transport,Nizhny Tagil,Male,35-44,Participant,No,Yes,No,Basic,No,0,0,1,0,2025,3,Mar
1676,2025-03-22,Survey,Economic Policy,Yekaterinburg,Male,35-44,Participant,No,No,No,Basic,No,0,0,0,0,2025,3,Mar
1925,2025-03-22,Public Event,Healthcare,Yekaterinburg,Female,55+,Participant,No,No,No,Basic,No,0,0,0,0,2025,3,Mar
2780,2025-03-22,Campaign Activity,Gender Equality,Revda,Female,45-54,Coordinator,Yes,No,Yes,Leadership,Yes,1,1,0,1,2025,3,Mar
2807,2025-03-22,Media Activity,Local Government,Pervouralsk,Female,25-34,Volunteer,No,No,No,Basic,No,0,0,0,0,2025,3,Mar
3341,2025-03-22,Government Interaction,Transport,Yekaterinburg,Female,25-34,Coordinator,No,No,Yes,Leadership,Yes,1,0,0,1,2025,3,Mar
154,2025-03-23,Survey,Local Government,Asbest,Male,18-24,Participant,No,No,No,Basic,No,0,0,0,0,2025,3,Mar
748,2025-03-23,Educational Event,Local Government,Serov,Female,45-54,Participant,No,No,No,Basic,No,0,0,0,0,2025,3,Mar
988,2025-03-23,Media Activity,Education,Kamensk-Uralsky,Female,45-54,Participant,No,Yes,No,Basic,No,0,0,1,0,2025,3,Mar
1140,2025-03-23,Community Outreach,Gender Equality,Yekaterinburg,Male,35-44,Coordinator,No,Yes,Yes,Leadership,Yes,1,0,1,1,2025,3,Mar
1199,2025-03-23,Educational Event,Housing,Pervouralsk,Female,18-24,Speaker,No,Yes,No,Visible,No,0,0,1,0,2025,3,Mar
1552,2025-03-23,Meeting,Entrepreneurship,Yekaterinburg,Female,25-34,Participant,No,Yes,No,Basic,No,0,0,1,0,2025,3,Mar
1940,2025-03-23,Meeting,Local Government,Revda,Female,45-54,Participant,No,No,No,Basic,No,0,0,0,0,2025,3,Mar
2280,2025-03-23,Public Event,Transport,Yekaterinburg,Male,45-54,Organizer,Yes,No,Yes,Leadership,Yes,1,1,0,1,2025,3,Mar
3264,2025-03-23,Campaign Activity,Youth Policy,Yekaterinburg,Male,55+,Participant,Yes,No,No,Basic,No,0,1,0,0,2025,3,Mar
3396,2025-03-23,Educational Event,Local Government,Yekaterinburg,Male,35-44,Participant,No,No,No,Basic,No,0,0,0,0,2025,3,Mar
2370,2025-03-24,Survey,Healthcare,Kamensk-Uralsky,Male,55+,Participant,No,No,No,Basic,No,0,0,0,0,2025,3,Mar
2671,2025-03-24,Campaign Activity,Gender Equality,Yekaterinburg,Male,25-34,Coordinator,Yes,Yes,Yes,Leadership,Yes,1,1,1,1,2025,3,Mar
3107,2025-03-24,Meeting,Education,Nizhny Tagil,Female,35-44,Analyst,No,No,No,Professional,No,0,0,0,0,2025,3,Mar
409,2025-03-25,Meeting,Education,Nizhny Tagil,Female,45-54,Participant,No,No,No,Basic,No,0,0,0,0,2025,3,Mar
422,2025-03-25,Meeting,Transport,Yekaterinburg,Female,25-34,Participant,No,No,No,Basic,No,0,0,0,0,2025,3,Mar
1032,2025-03-25,Campaign Activity,Housing,Nizhny Tagil,Male,45-54,Coordinator,Yes,No,Yes,Leadership,Yes,1,1,0,1,2025,3,Mar
1460,2025-03-25,Meeting,Gender Equality,Pervouralsk,Female,18-24,Participant,No,No,No,Basic,No,0,0,0,0,2025,3,Mar
2008,2025-03-25,Community Outreach,Youth Policy,Pervouralsk,Female,35-44,Volunteer,No,No,No,Basic,No,0,0,0,0,2025,3,Mar
3293,2025-03-25,Meeting,Gender Equality,Yekaterinburg,Male,25-34,Participant,No,No,No,Basic,No,0,0,0,0,2025,3,Mar
3358,2025-03-25,Community Outreach,Healthcare,Yekaterinburg,Male,35-44,Coordinator,Yes,Yes,Yes,Leadership,Yes,1,1,1,1,2025,3,Mar
664,2025-03-26,Educational Event,Housing,Kamensk-Uralsky,Female,25-34,Volunteer,No,No,No,Basic,No,0,0,0,0,2025,3,Mar
1566,2025-03-26,Survey,Social Policy,Yekaterinburg,Female,25-34,Volunteer,Yes,No,No,Basic,No,0,1,0,0,2025,3,Mar
1919,2025-03-26,Meeting,Education,Kamensk-Uralsky,Male,18-24,Participant,No,No,No,Basic,No,0,0,0,0,2025,3,Mar
1382,2025-03-27,Public Event,Youth Policy,Pervouralsk,Female,25-34,Coordinator,No,No,Yes,Leadership,Yes,1,0,0,1,2025,3,Mar
1990,2025-03-27,Community Outreach,Social Policy,Serov,Female,25-34,Participant,No,No,No,Basic,No,0,0,0,0,2025,3,Mar
194,2025-03-28,Meeting,Gender Equality,Yekaterinburg,Male,18-24,Participant,No,No,No,Basic,No,0,0,0,0,2025,3,Mar
734,2025-03-28,Community Outreach,Housing,Yekaterinburg,Female,25-34,Organizer,Yes,No,Yes,Leadership,Yes,1,1,0,1,2025,3,Mar
864,2025-03-28,Media Activity,Transport,Revda,Male,25-34,Organizer,Yes,Yes,Yes,Leadership,Yes,1,1,1,1,2025,3,Mar
982,2025-03-28,Survey,Housing,Yekaterinburg,Male,25-34,Speaker,No,Yes,No,Visible,No,0,0,1,0,2025,3,Mar
1048,2025-03-28,Public Event,Local Government,Yekaterinburg,Male,45-54,Participant,No,No,No,Basic,No,0,0,0,0,2025,3,Mar
3485,2025-03-28,Community Outreach,Local Government,Pervouralsk,Male,45-54,Speaker,No,Yes,No,Visible,No,0,0,1,0,2025,3,Mar
1168,2025-03-29,Community Outreach,Education,Kamensk-Uralsky,Male,25-34,Volunteer,No,No,No,Basic,No,0,0,0,0,2025,3,Mar
1236,2025-03-29,Educational Event,Gender Equality,Yekaterinburg,Female,45-54,Participant,No,No,No,Basic,No,0,0,0,0,2025,3,Mar
1298,2025-03-29,Community Outreach,Education,Yekaterinburg,Female,25-34,Volunteer,No,No,No,Basic,No,0,0,0,0,2025,3,Mar
2566,2025-03-29,Government Interaction,Entrepreneurship,Yekaterinburg,Female,25-34,Participant,No,No,No,Basic,No,0,0,0,0,2025,3,Mar
2700,2025-03-29,Media Activity,Gender Equality,Kamensk-Uralsky,Male,55+,Coordinator,Yes,No,Yes,Leadership,Yes,1,1,0,1,2025,3,Mar
53,2025-03-30,Public Event,Transport,Revda,Male,18-24,Analyst,No,No,No,Professional,No,0,0,0,0,2025,3,Mar
644,2025-03-30,Community Outreach,Local Government,Yekaterinburg,Female,18-24,Participant,No,No,No,Basic,No,0,0,0,0,2025,3,Mar
691,2025-03-30,Meeting,Social Policy,Yekaterinburg,Female,45-54,Participant,No,No,No,Basic,No,0,0,0,0,2025,3,Mar
1037,2025-03-30,Campaign Activity,Transport,Serov,Female,18-24,Participant,No,No,No,Basic,No,0,0,0,0,2025,3,Mar
2545,2025-03-30,Community Outreach,Entrepreneurship,Yekaterinburg,Male,25-34,Participant,No,No,No,Basic,No,0,0,0,0,2025,3,Mar
2890,2025-03-30,Media Activity,Local Government,Yekaterinburg,Female,45-54,Volunteer,No,No,No,Basic,No,0,0,0,0,2025,3,Mar
3068,2025-03-30,Community Outreach,Economic Policy,Asbest,Female,55+,Participant,No,No,No,Basic,No,0,0,0,0,2025,3,Mar
3073,2025-03-30,Community Outreach,Transport,Yekaterinburg,Male,35-44,Organizer,Yes,No,Yes,Leadership,Yes,1,1,0,1,2025,3,Mar
3167,2025-03-30,Educational Event,Healthcare,Yekaterinburg,Female,18-24,Participant,No,No,No,Basic,No,0,0,0,0,2025,3,Mar
672,2025-03-31,Community Outreach,Social Policy,Asbest,Male,35-44,Speaker,No,Yes,No,Visible,No,0,0,1,0,2025,3,Mar
1022,2025-03-31,Media Activity,Economic Policy,Yekaterinburg,Male,35-44,Volunteer,No,No,No,Basic,No,0,0,0,0,2025,3,Mar
1292,2025-03-31,Public Event,Education,Nizhny Tagil,Male,45-54,Organizer,No,Yes,Yes,Leadership,Yes,1,0,1,1,2025,3,Mar
1442,2025-03-31,Meeting,Gender Equality,Yekaterinburg,Female,45-54,Participant,No,No,No,Basic,No,0,0,0,0,2025,3,Mar
1673,2025-03-31,Educational Event,Transport,Yekaterinburg,Male,45-54,Organizer,Yes,No,Yes,Leadership,Yes,1,1,0,1,2025,3,Mar
1864,2025-03-31,Survey,Social Policy,Yekaterinburg,Male,25-34,Analyst,Yes,No,Yes,Professional,No,0,1,0,1,2025,3,Mar
3313,2025-03-31,Government Interaction,Education,Yekaterinburg,Male,25-34,Organizer,Yes,No,Yes,Leadership,Yes,1,1,0,1,2025,3,Mar
213,2025-04-01,Community Outreach,Housing,Yekaterinburg,Female,18-24,Participant,No,No,No,Basic,No,0,0,0,0,2025,4,Apr
354,2025-04-01,Government Interaction,Housing,Nizhny Tagil,Male,35-44,Volunteer,No,No,Yes,Basic,No,0,0,0,1,2025,4,Apr
624,2025-04-01,Meeting,Youth Policy,Nizhny Tagil,Female,25-34,Volunteer,No,No,No,Basic,No,0,0,0,0,2025,4,Apr
777,2025-04-01,Government Interaction,Transport,Yekaterinburg,Male,25-34,Participant,No,No,No,Basic,No,0,0,0,0,2025,4,Apr
1257,2025-04-01,Campaign Activity,Economic Policy,Serov,Male,55+,Participant,No,No,No,Basic,No,0,0,0,0,2025,4,Apr
1514,2025-04-01,Media Activity,Local Government,Yekaterinburg,Male,25-34,Organizer,Yes,Yes,Yes,Leadership,Yes,1,1,1,1,2025,4,Apr
1624,2025-04-01,Meeting,Transport,Yekaterinburg,Female,55+,Participant,No,No,No,Basic,No,0,0,0,0,2025,4,Apr
1851,2025-04-01,Meeting,Housing,Yekaterinburg,Female,45-54,Volunteer,No,No,No,Basic,No,0,0,0,0,2025,4,Apr
2161,2025-04-01,Meeting,Youth Policy,Yekaterinburg,Female,25-34,Participant,No,No,No,Basic,No,0,0,0,0,2025,4,Apr
3086,2025-04-01,Campaign Activity,Healthcare,Kamensk-Uralsky,Female,25-34,Participant,No,No,No,Basic,No,0,0,0,0,2025,4,Apr
3543,2025-04-01,Survey,Entrepreneurship,Yekaterinburg,Male,25-34,Participant,No,No,No,Basic,No,0,0,0,0,2025,4,Apr
149,2025-04-02,Public Event,Entrepreneurship,Yekaterinburg,Female,25-34,Coordinator,Yes,Yes,Yes,Leadership,Yes,1,1,1,1,2025,4,Apr
3593,2025-04-02,Community Outreach,Healthcare,Kamensk-Uralsky,Male,55+,Participant,No,No,No,Basic,No,0,0,0,0,2025,4,Apr
470,2025-04-03,Meeting,Housing,Yekaterinburg,Male,35-44,Participant,No,No,No,Basic,No,0,0,0,0,2025,4,Apr
1115,2025-04-03,Community Outreach,Youth Policy,Yekaterinburg,Male,35-44,Participant,Yes,No,No,Basic,No,0,1,0,0,2025,4,Apr
1197,2025-04-03,Meeting,Housing,Yekaterinburg,Female,18-24,Participant,No,No,No,Basic,No,0,0,0,0,2025,4,Apr
1605,2025-04-03,Meeting,Social Policy,Yekaterinburg,Female,45-54,Participant,No,No,No,Basic,No,0,0,0,0,2025,4,Apr
1740,2025-04-03,Public Event,Social Policy,Yekaterinburg,Male,25-34,Participant,No,No,No,Basic,No,0,0,0,0,2025,4,Apr
2464,2025-04-03,Campaign Activity,Housing,Yekaterinburg,Male,18-24,Participant,No,No,No,Basic,No,0,0,0,0,2025,4,Apr
2770,2025-04-03,Government Interaction,Entrepreneurship,Yekaterinburg,Male,25-34,Organizer,Yes,No,Yes,Leadership,Yes,1,1,0,1,2025,4,Apr
485,2025-04-04,Community Outreach,Entrepreneurship,Nizhny Tagil,Female,25-34,Coordinator,No,Yes,Yes,Leadership,Yes,1,0,1,1,2025,4,Apr
604,2025-04-04,Community Outreach,Transport,Yekaterinburg,Male,25-34,Speaker,No,Yes,Yes,Visible,No,0,0,1,1,2025,4,Apr
1861,2025-04-04,Government Interaction,Social Policy,Yekaterinburg,Male,35-44,Participant,No,No,No,Basic,No,0,0,0,0,2025,4,Apr
2095,2025-04-04,Survey,Transport,Yekaterinburg,Male,45-54,Participant,No,No,No,Basic,No,0,0,0,0,2025,4,Apr
3210,2025-04-04,Survey,Transport,Yekaterinburg,Female,25-34,Participant,No,No,No,Basic,No,0,0,0,0,2025,4,Apr
3521,2025-04-04,Campaign Activity,Economic Policy,Yekaterinburg,Male,25-34,Organizer,Yes,No,Yes,Leadership,Yes,1,1,0,1,2025,4,Apr
102,2025-04-05,Public Event,Youth Policy,Yekaterinburg,Male,35-44,Speaker,No,Yes,No,Visible,No,0,0,1,0,2025,4,Apr
1520,2025-04-05,Community Outreach,Social Policy,Revda,Female,25-34,Participant,No,No,No,Basic,No,0,0,0,0,2025,4,Apr
1971,2025-04-05,Meeting,Healthcare,Yekaterinburg,Female,55+,Organizer,Yes,Yes,Yes,Leadership,Yes,1,1,1,1,2025,4,Apr
2172,2025-04-05,Educational Event,Healthcare,Nizhny Tagil,Female,35-44,Analyst,Yes,No,No,Professional,No,0,1,0,0,2025,4,Apr
3214,2025-04-05,Meeting,Housing,Serov,Male,55+,Participant,Yes,No,No,Basic,No,0,1,0,0,2025,4,Apr
136,2025-04-06,Media Activity,Gender Equality,Nizhny Tagil,Female,55+,Participant,No,No,No,Basic,No,0,0,0,0,2025,4,Apr
299,2025-04-06,Meeting,Local Government,Pervouralsk,Male,45-54,Organizer,Yes,No,Yes,Leadership,Yes,1,1,0,1,2025,4,Apr
2103,2025-04-06,Meeting,Healthcare,Pervouralsk,Male,35-44,Participant,No,No,No,Basic,No,0,0,0,0,2025,4,Apr
3390,2025-04-06,Meeting,Local Government,Nizhny Tagil,Female,25-34,Participant,No,No,No,Basic,No,0,0,0,0,2025,4,Apr
3449,2025-04-06,Community Outreach,Gender Equality,Kamensk-Uralsky,Female,45-54,Coordinator,Yes,No,Yes,Leadership,Yes,1,1,0,1,2025,4,Apr
110,2025-04-07,Survey,Youth Policy,Yekaterinburg,Male,25-34,Organizer,Yes,Yes,Yes,Leadership,Yes,1,1,1,1,2025,4,Apr
153,2025-04-07,Campaign Activity,Housing,Yekaterinburg,Female,35-44,Participant,No,No,No,Basic,No,0,0,0,0,2025,4,Apr
994,2025-04-07,Public Event,Local Government,Yekaterinburg,Female,18-24,Coordinator,Yes,Yes,Yes,Leadership,Yes,1,1,1,1,2025,4,Apr
2744,2025-04-07,Campaign Activity,Social Policy,Yekaterinburg,Male,18-24,Participant,No,No,No,Basic,No,0,0,0,0,2025,4,Apr
2806,2025-04-07,Government Interaction,Education,Nizhny Tagil,Female,45-54,Analyst,No,No,Yes,Professional,No,0,0,0,1,2025,4,Apr
3397,2025-04-07,Survey,Social Policy,Yekaterinburg,Female,55+,Participant,No,No,No,Basic,No,0,0,0,0,2025,4,Apr
796,2025-04-08,Campaign Activity,Transport,Pervouralsk,Female,55+,Analyst,No,No,No,Professional,No,0,0,0,0,2025,4,Apr
1305,2025-04-08,Government Interaction,Healthcare,Serov,Male,18-24,Analyst,No,Yes,No,Professional,No,0,0,1,0,2025,4,Apr
2466,2025-04-08,Educational Event,Entrepreneurship,Nizhny Tagil,Male,35-44,Coordinator,Yes,Yes,Yes,Leadership,Yes,1,1,1,1,2025,4,Apr
2684,2025-04-08,Meeting,Housing,Asbest,Male,45-54,Coordinator,Yes,Yes,Yes,Leadership,Yes,1,1,1,1,2025,4,Apr
2866,2025-04-08,Educational Event,Housing,Yekaterinburg,Female,18-24,Participant,No,No,No,Basic,No,0,0,0,0,2025,4,Apr
2933,2025-04-08,Government Interaction,Economic Policy,Yekaterinburg,Male,18-24,Organizer,Yes,Yes,Yes,Leadership,Yes,1,1,1,1,2025,4,Apr
3325,2025-04-08,Campaign Activity,Social Policy,Yekaterinburg,Male,35-44,Participant,No,Yes,No,Basic,No,0,0,1,0,2025,4,Apr
3399,2025-04-08,Educational Event,Entrepreneurship,Yekaterinburg,Male,35-44,Organizer,Yes,No,Yes,Leadership,Yes,1,1,0,1,2025,4,Apr
1593,2025-04-09,Meeting,Local Government,Pervouralsk,Male,35-44,Participant,No,No,No,Basic,No,0,0,0,0,2025,4,Apr
1880,2025-04-09,Media Activity,Local Government,Kamensk-Uralsky,Male,25-34,Speaker,Yes,Yes,No,Visible,No,0,1,1,0,2025,4,Apr
2273,2025-04-09,Meeting,Education,Revda,Male,45-54,Participant,No,No,No,Basic,No,0,0,0,0,2025,4,Apr
2455,2025-04-09,Meeting,Youth Policy,Nizhny Tagil,Male,45-54,Participant,No,No,No,Basic,No,0,0,0,0,2025,4,Apr
3082,2025-04-09,Educational Event,Housing,Serov,Female,25-34,Speaker,No,Yes,No,Visible,No,0,0,1,0,2025,4,Apr
3133,2025-04-09,Educational Event,Healthcare,Yekaterinburg,Female,18-24,Participant,No,No,No,Basic,No,0,0,0,0,2025,4,Apr
3349,2025-04-09,Government Interaction,Local Government,Revda,Male,25-34,Participant,Yes,No,No,Basic,No,0,1,0,0,2025,4,Apr
1500,2025-04-10,Educational Event,Social Policy,Kamensk-Uralsky,Male,35-44,Organizer,Yes,No,Yes,Leadership,Yes,1,1,0,1,2025,4,Apr
2462,2025-04-10,Campaign Activity,Housing,Yekaterinburg,Male,55+,Volunteer,No,No,No,Basic,No,0,0,0,0,2025,4,Apr
2871,2025-04-10,Campaign Activity,Housing,Yekaterinburg,Male,25-34,Participant,No,No,No,Basic,No,0,0,0,0,2025,4,Apr
2892,2025-04-10,Government Interaction,Local Government,Yekaterinburg,Male,18-24,Participant,No,No,No,Basic,No,0,0,0,0,2025,4,Apr
2955,2025-04-10,Meeting,Education,Serov,Male,35-44,Participant,No,No,No,Basic,No,0,0,0,0,2025,4,Apr
2961,2025-04-10,Campaign Activity,Healthcare,Yekaterinburg,Male,18-24,Volunteer,No,No,No,Basic,No,0,0,0,0,2025,4,Apr
3043,2025-04-10,Public Event,Education,Revda,Male,25-34,Organizer,Yes,Yes,Yes,Leadership,Yes,1,1,1,1,2025,4,Apr
66,2025-04-11,Campaign Activity,Healthcare,Pervouralsk,Male,25-34,Coordinator,Yes,Yes,Yes,Leadership,Yes,1,1,1,1,2025,4,Apr
721,2025-04-11,Educational Event,Entrepreneurship,Nizhny Tagil,Male,25-34,Analyst,No,No,No,Professional,No,0,0,0,0,2025,4,Apr
1835,2025-04-11,Survey,Transport,Yekaterinburg,Female,18-24,Coordinator,No,Yes,Yes,Leadership,Yes,1,0,1,1,2025,4,Apr
2097,2025-04-11,Meeting,Economic Policy,Yekaterinburg,Female,25-34,Coordinator,No,Yes,Yes,Leadership,Yes,1,0,1,1,2025,4,Apr
2253,2025-04-11,Meeting,Entrepreneurship,Yekaterinburg,Female,35-44,Participant,No,No,No,Basic,No,0,0,0,0,2025,4,Apr
3176,2025-04-11,Campaign Activity,Gender Equality,Yekaterinburg,Female,45-54,Organizer,Yes,No,Yes,Leadership,Yes,1,1,0,1,2025,4,Apr
3408,2025-04-11,Meeting,Local Government,Yekaterinburg,Female,25-34,Analyst,Yes,No,Yes,Professional,No,0,1,0,1,2025,4,Apr
961,2025-04-12,Media Activity,Local Government,Yekaterinburg,Male,18-24,Participant,No,No,No,Basic,No,0,0,0,0,2025,4,Apr
1539,2025-04-12,Public Event,Local Government,Yekaterinburg,Male,25-34,Participant,No,Yes,No,Basic,No,0,0,1,0,2025,4,Apr
2062,2025-04-12,Meeting,Education,Yekaterinburg,Female,25-34,Participant,No,No,No,Basic,No,0,0,0,0,2025,4,Apr
2127,2025-04-12,Government Interaction,Economic Policy,Yekaterinburg,Female,35-44,Participant,No,No,No,Basic,No,0,0,0,0,2025,4,Apr
2666,2025-04-12,Educational Event,Healthcare,Pervouralsk,Male,18-24,Organizer,Yes,Yes,Yes,Leadership,Yes,1,1,1,1,2025,4,Apr
547,2025-04-13,Meeting,Entrepreneurship,Nizhny Tagil,Female,55+,Participant,No,No,No,Basic,No,0,0,0,0,2025,4,Apr
813,2025-04-13,Survey,Gender Equality,Pervouralsk,Male,35-44,Organizer,No,No,Yes,Leadership,Yes,1,0,0,1,2025,4,Apr
202,2025-04-14,Public Event,Economic Policy,Asbest,Male,35-44,Participant,No,No,No,Basic,No,0,0,0,0,2025,4,Apr
1876,2025-04-14,Meeting,Housing,Yekaterinburg,Male,45-54,Coordinator,Yes,No,Yes,Leadership,Yes,1,1,0,1,2025,4,Apr
2287,2025-04-14,Public Event,Social Policy,Asbest,Male,35-44,Organizer,Yes,No,Yes,Leadership,Yes,1,1,0,1,2025,4,Apr
2676,2025-04-14,Government Interaction,Social Policy,Yekaterinburg,Male,45-54,Speaker,No,Yes,No,Visible,No,0,0,1,0,2025,4,Apr
2791,2025-04-14,Meeting,Local Government,Nizhny Tagil,Male,25-34,Coordinator,Yes,No,Yes,Leadership,Yes,1,1,0,1,2025,4,Apr
3157,2025-04-14,Survey,Local Government,Serov,Female,25-34,Participant,No,No,No,Basic,No,0,0,0,0,2025,4,Apr
1606,2025-04-15,Meeting,Education,Yekaterinburg,Female,18-24,Volunteer,No,Yes,No,Basic,No,0,0,1,0,2025,4,Apr
1612,2025-04-15,Public Event,Transport,Yekaterinburg,Male,35-44,Organizer,Yes,Yes,Yes,Leadership,Yes,1,1,1,1,2025,4,Apr
2413,2025-04-15,Meeting,Education,Kamensk-Uralsky,Female,45-54,Participant,No,No,No,Basic,No,0,0,0,0,2025,4,Apr
2665,2025-04-15,Campaign Activity,Social Policy,Nizhny Tagil,Male,18-24,Analyst,Yes,No,No,Professional,No,0,1,0,0,2025,4,Apr
2695,2025-04-15,Meeting,Social Policy,Yekaterinburg,Male,45-54,Speaker,No,Yes,No,Visible,No,0,0,1,0,2025,4,Apr
3281,2025-04-15,Meeting,Housing,Yekaterinburg,Male,18-24,Volunteer,No,No,Yes,Basic,No,0,0,0,1,2025,4,Apr
1056,2025-04-16,Educational Event,Education,Yekaterinburg,Male,25-34,Volunteer,Yes,No,Yes,Basic,No,0,1,0,1,2025,4,Apr
2184,2025-04-16,Educational Event,Social Policy,Serov,Female,45-54,Organizer,Yes,Yes,Yes,Leadership,Yes,1,1,1,1,2025,4,Apr
2694,2025-04-16,Media Activity,Transport,Yekaterinburg,Male,25-34,Organizer,Yes,No,Yes,Leadership,Yes,1,1,0,1,2025,4,Apr
2762,2025-04-16,Community Outreach,Youth Policy,Yekaterinburg,Male,25-34,Organizer,Yes,Yes,Yes,Leadership,Yes,1,1,1,1,2025,4,Apr
2844,2025-04-16,Educational Event,Gender Equality,Yekaterinburg,Female,25-34,Volunteer,No,No,Yes,Basic,No,0,0,0,1,2025,4,Apr
2967,2025-04-16,Community Outreach,Local Government,Nizhny Tagil,Female,35-44,Volunteer,No,No,No,Basic,No,0,0,0,0,2025,4,Apr
3461,2025-04-16,Meeting,Entrepreneurship,Kamensk-Uralsky,Female,25-34,Participant,No,No,No,Basic,No,0,0,0,0,2025,4,Apr
490,2025-04-17,Meeting,Housing,Revda,Male,45-54,Participant,No,No,No,Basic,No,0,0,0,0,2025,4,Apr
996,2025-04-17,Media Activity,Entrepreneurship,Yekaterinburg,Female,25-34,Organizer,No,Yes,Yes,Leadership,Yes,1,0,1,1,2025,4,Apr
1781,2025-04-17,Public Event,Healthcare,Yekaterinburg,Female,35-44,Coordinator,Yes,Yes,Yes,Leadership,Yes,1,1,1,1,2025,4,Apr
2226,2025-04-17,Meeting,Housing,Yekaterinburg,Female,45-54,Coordinator,Yes,Yes,Yes,Leadership,Yes,1,1,1,1,2025,4,Apr
2874,2025-04-17,Community Outreach,Education,Yekaterinburg,Female,45-54,Participant,No,No,No,Basic,No,0,0,0,0,2025,4,Apr
3021,2025-04-17,Survey,Gender Equality,Yekaterinburg,Female,45-54,Volunteer,No,No,No,Basic,No,0,0,0,0,2025,4,Apr
3336,2025-04-17,Government Interaction,Economic Policy,Yekaterinburg,Female,18-24,Organizer,No,Yes,Yes,Leadership,Yes,1,0,1,1,2025,4,Apr
249,2025-04-18,Public Event,Entrepreneurship,Pervouralsk,Female,18-24,Organizer,Yes,No,Yes,Leadership,Yes,1,1,0,1,2025,4,Apr
533,2025-04-18,Campaign Activity,Gender Equality,Asbest,Female,25-34,Participant,No,No,No,Basic,No,0,0,0,0,2025,4,Apr
654,2025-04-18,Community Outreach,Transport,Nizhny Tagil,Female,25-34,Participant,No,No,No,Basic,No,0,0,0,0,2025,4,Apr
2109,2025-04-18,Meeting,Housing,Yekaterinburg,Female,35-44,Speaker,No,Yes,No,Visible,No,0,0,1,0,2025,4,Apr
2323,2025-04-18,Survey,Transport,Yekaterinburg,Female,25-34,Coordinator,Yes,No,Yes,Leadership,Yes,1,1,0,1,2025,4,Apr
3179,2025-04-18,Campaign Activity,Entrepreneurship,Yekaterinburg,Female,35-44,Participant,No,No,No,Basic,No,0,0,0,0,2025,4,Apr
3244,2025-04-18,Campaign Activity,Economic Policy,Kamensk-Uralsky,Female,18-24,Participant,Yes,No,No,Basic,No,0,1,0,0,2025,4,Apr
47,2025-04-19,Campaign Activity,Transport,Yekaterinburg,Female,18-24,Participant,No,No,No,Basic,No,0,0,0,0,2025,4,Apr
421,2025-04-19,Public Event,Entrepreneurship,Yekaterinburg,Male,45-54,Analyst,No,No,Yes,Professional,No,0,0,0,1,2025,4,Apr
1102,2025-04-19,Campaign Activity,Entrepreneurship,Kamensk-Uralsky,Female,25-34,Participant,No,No,No,Basic,No,0,0,0,0,2025,4,Apr
1412,2025-04-19,Community Outreach,Healthcare,Yekaterinburg,Male,25-34,Participant,No,No,No,Basic,No,0,0,0,0,2025,4,Apr
2224,2025-04-19,Meeting,Local Government,Yekaterinburg,Female,45-54,Organizer,Yes,No,Yes,Leadership,Yes,1,1,0,1,2025,4,Apr
246,2025-04-20,Community Outreach,Local Government,Pervouralsk,Male,35-44,Coordinator,Yes,No,Yes,Leadership,Yes,1,1,0,1,2025,4,Apr
322,2025-04-20,Educational Event,Economic Policy,Yekaterinburg,Male,55+,Speaker,No,Yes,No,Visible,No,0,0,1,0,2025,4,Apr
1598,2025-04-20,Campaign Activity,Education,Yekaterinburg,Female,25-34,Participant,No,No,No,Basic,No,0,0,0,0,2025,4,Apr
1712,2025-04-20,Public Event,Youth Policy,Yekaterinburg,Female,18-24,Participant,No,No,No,Basic,No,0,0,0,0,2025,4,Apr
2030,2025-04-20,Public Event,Education,Revda,Male,25-34,Participant,Yes,No,No,Basic,No,0,1,0,0,2025,4,Apr
2924,2025-04-20,Public Event,Education,Nizhny Tagil,Male,18-24,Participant,No,No,No,Basic,No,0,0,0,0,2025,4,Apr
3006,2025-04-20,Meeting,Education,Yekaterinburg,Male,25-34,Participant,No,Yes,No,Basic,No,0,0,1,0,2025,4,Apr
3079,2025-04-20,Meeting,Transport,Yekaterinburg,Male,35-44,Coordinator,Yes,No,Yes,Leadership,Yes,1,1,0,1,2025,4,Apr
374,2025-04-21,Meeting,Youth Policy,Asbest,Female,45-54,Participant,No,No,No,Basic,No,0,0,0,0,2025,4,Apr
819,2025-04-21,Meeting,Transport,Yekaterinburg,Male,25-34,Speaker,No,Yes,No,Visible,No,0,0,1,0,2025,4,Apr
1983,2025-04-21,Campaign Activity,Social Policy,Yekaterinburg,Male,25-34,Coordinator,Yes,Yes,Yes,Leadership,Yes,1,1,1,1,2025,4,Apr
2108,2025-04-21,Educational Event,Entrepreneurship,Yekaterinburg,Male,25-34,Coordinator,Yes,No,Yes,Leadership,Yes,1,1,0,1,2025,4,Apr
2177,2025-04-21,Government Interaction,Housing,Yekaterinburg,Female,45-54,Volunteer,No,No,No,Basic,No,0,0,0,0,2025,4,Apr
2719,2025-04-21,Community Outreach,Social Policy,Yekaterinburg,Female,25-34,Analyst,No,No,No,Professional,No,0,0,0,0,2025,4,Apr
2869,2025-04-21,Media Activity,Economic Policy,Yekaterinburg,Male,18-24,Participant,No,No,No,Basic,No,0,0,0,0,2025,4,Apr
2910,2025-04-21,Community Outreach,Local Government,Pervouralsk,Male,25-34,Coordinator,Yes,No,Yes,Leadership,Yes,1,1,0,1,2025,4,Apr
506,2025-04-22,Meeting,Economic Policy,Pervouralsk,Male,35-44,Speaker,No,Yes,No,Visible,No,0,0,1,0,2025,4,Apr
593,2025-04-22,Community Outreach,Social Policy,Revda,Female,25-34,Participant,No,No,No,Basic,No,0,0,0,0,2025,4,Apr
1219,2025-04-22,Community Outreach,Social Policy,Yekaterinburg,Male,25-34,Analyst,No,No,Yes,Professional,No,0,0,0,1,2025,4,Apr
1564,2025-04-22,Campaign Activity,Entrepreneurship,Yekaterinburg,Male,35-44,Volunteer,No,No,No,Basic,No,0,0,0,0,2025,4,Apr
2188,2025-04-22,Educational Event,Housing,Yekaterinburg,Male,45-54,Volunteer,No,No,No,Basic,No,0,0,0,0,2025,4,Apr
2326,2025-04-22,Meeting,Economic Policy,Yekaterinburg,Male,35-44,Organizer,Yes,No,Yes,Leadership,Yes,1,1,0,1,2025,4,Apr
2617,2025-04-22,Community Outreach,Education,Yekaterinburg,Female,25-34,Participant,No,No,No,Basic,No,0,0,0,0,2025,4,Apr
2840,2025-04-22,Community Outreach,Transport,Yekaterinburg,Female,35-44,Analyst,No,No,No,Professional,No,0,0,0,0,2025,4,Apr
1388,2025-04-23,Meeting,Healthcare,Pervouralsk,Female,55+,Participant,No,No,No,Basic,No,0,0,0,0,2025,4,Apr
1863,2025-04-23,Meeting,Social Policy,Yekaterinburg,Male,35-44,Organizer,No,No,Yes,Leadership,Yes,1,0,0,1,2025,4,Apr
2191,2025-04-23,Educational Event,Transport,Yekaterinburg,Female,45-54,Participant,No,No,No,Basic,No,0,0,0,0,2025,4,Apr
2537,2025-04-23,Media Activity,Gender Equality,Yekaterinburg,Male,18-24,Volunteer,No,No,No,Basic,No,0,0,0,0,2025,4,Apr
2567,2025-04-23,Community Outreach,Transport,Yekaterinburg,Female,25-34,Volunteer,No,No,No,Basic,No,0,0,0,0,2025,4,Apr
2691,2025-04-23,Government Interaction,Youth Policy,Yekaterinburg,Male,35-44,Analyst,Yes,No,No,Professional,No,0,1,0,0,2025,4,Apr
26,2025-04-24,Community Outreach,Gender Equality,Yekaterinburg,Female,35-44,Analyst,Yes,No,No,Professional,No,0,1,0,0,2025,4,Apr
257,2025-04-24,Survey,Healthcare,Yekaterinburg,Male,18-24,Volunteer,No,No,No,Basic,No,0,0,0,0,2025,4,Apr
916,2025-04-24,Public Event,Transport,Yekaterinburg,Male,45-54,Participant,No,No,No,Basic,No,0,0,0,0,2025,4,Apr
1823,2025-04-24,Survey,Gender Equality,Yekaterinburg,Male,25-34,Participant,No,No,No,Basic,No,0,0,0,0,2025,4,Apr
2081,2025-04-24,Educational Event,Entrepreneurship,Pervouralsk,Female,45-54,Speaker,No,Yes,No,Visible,No,0,0,1,0,2025,4,Apr
2981,2025-04-24,Educational Event,Transport,Yekaterinburg,Male,18-24,Analyst,Yes,No,No,Professional,No,0,1,0,0,2025,4,Apr
3155,2025-04-24,Campaign Activity,Healthcare,Nizhny Tagil,Female,25-34,Volunteer,No,Yes,No,Basic,No,0,0,1,0,2025,4,Apr
3584,2025-04-24,Campaign Activity,Healthcare,Nizhny Tagil,Male,18-24,Volunteer,No,No,No,Basic,No,0,0,0,0,2025,4,Apr
143,2025-04-25,Educational Event,Youth Policy,Yekaterinburg,Male,25-34,Analyst,No,No,Yes,Professional,No,0,0,0,1,2025,4,Apr
219,2025-04-25,Government Interaction,Healthcare,Kamensk-Uralsky,Male,25-34,Participant,No,No,No,Basic,No,0,0,0,0,2025,4,Apr
517,2025-04-25,Community Outreach,Entrepreneurship,Serov,Female,35-44,Speaker,No,Yes,No,Visible,No,0,0,1,0,2025,4,Apr
843,2025-04-25,Educational Event,Local Government,Yekaterinburg,Male,25-34,Participant,No,No,No,Basic,No,0,0,0,0,2025,4,Apr
857,2025-04-25,Meeting,Social Policy,Pervouralsk,Male,18-24,Volunteer,No,No,No,Basic,No,0,0,0,0,2025,4,Apr
931,2025-04-25,Survey,Gender Equality,Yekaterinburg,Female,45-54,Organizer,No,No,Yes,Leadership,Yes,1,0,0,1,2025,4,Apr
1206,2025-04-25,Government Interaction,Local Government,Yekaterinburg,Female,18-24,Coordinator,Yes,No,Yes,Leadership,Yes,1,1,0,1,2025,4,Apr
2141,2025-04-25,Government Interaction,Entrepreneurship,Yekaterinburg,Male,35-44,Participant,No,No,No,Basic,No,0,0,0,0,2025,4,Apr
2783,2025-04-25,Government Interaction,Youth Policy,Yekaterinburg,Male,45-54,Analyst,Yes,Yes,No,Professional,No,0,1,1,0,2025,4,Apr
714,2025-04-26,Educational Event,Education,Kamensk-Uralsky,Male,45-54,Volunteer,No,No,No,Basic,No,0,0,0,0,2025,4,Apr
1345,2025-04-26,Community Outreach,Social Policy,Yekaterinburg,Male,18-24,Speaker,No,Yes,No,Visible,No,0,0,1,0,2025,4,Apr
2010,2025-04-26,Government Interaction,Local Government,Serov,Male,55+,Participant,No,No,No,Basic,No,0,0,0,0,2025,4,Apr
2083,2025-04-26,Meeting,Housing,Yekaterinburg,Male,55+,Coordinator,Yes,Yes,Yes,Leadership,Yes,1,1,1,1,2025,4,Apr
2435,2025-04-26,Media Activity,Social Policy,Yekaterinburg,Male,45-54,Participant,No,No,No,Basic,No,0,0,0,0,2025,4,Apr
2624,2025-04-26,Meeting,Youth Policy,Nizhny Tagil,Male,25-34,Coordinator,Yes,No,Yes,Leadership,Yes,1,1,0,1,2025,4,Apr
3162,2025-04-26,Community Outreach,Youth Policy,Pervouralsk,Male,55+,Participant,No,No,No,Basic,No,0,0,0,0,2025,4,Apr
3218,2025-04-26,Meeting,Social Policy,Yekaterinburg,Female,25-34,Coordinator,Yes,No,Yes,Leadership,Yes,1,1,0,1,2025,4,Apr
3488,2025-04-26,Public Event,Transport,Yekaterinburg,Male,18-24,Speaker,No,Yes,No,Visible,No,0,0,1,0,2025,4,Apr
616,2025-04-27,Meeting,Entrepreneurship,Yekaterinburg,Male,25-34,Participant,No,No,No,Basic,No,0,0,0,0,2025,4,Apr
1760,2025-04-27,Educational Event,Social Policy,Revda,Male,25-34,Volunteer,No,No,No,Basic,No,0,0,0,0,2025,4,Apr
2236,2025-04-27,Meeting,Entrepreneurship,Pervouralsk,Male,25-34,Speaker,Yes,Yes,No,Visible,No,0,1,1,0,2025,4,Apr
2343,2025-04-27,Meeting,Economic Policy,Yekaterinburg,Male,35-44,Organizer,No,No,Yes,Leadership,Yes,1,0,0,1,2025,4,Apr
2401,2025-04-27,Campaign Activity,Economic Policy,Kamensk-Uralsky,Male,25-34,Participant,No,No,No,Basic,No,0,0,0,0,2025,4,Apr
2540,2025-04-27,Campaign Activity,Local Government,Kamensk-Uralsky,Male,25-34,Participant,No,No,No,Basic,No,0,0,0,0,2025,4,Apr
2930,2025-04-27,Meeting,Housing,Kamensk-Uralsky,Male,25-34,Participant,No,No,No,Basic,No,0,0,0,0,2025,4,Apr
546,2025-04-28,Public Event,Local Government,Yekaterinburg,Female,18-24,Volunteer,No,No,No,Basic,No,0,0,0,0,2025,4,Apr
1362,2025-04-28,Meeting,Education,Yekaterinburg,Female,25-34,Analyst,No,No,Yes,Professional,No,0,0,0,1,2025,4,Apr
2919,2025-04-28,Public Event,Entrepreneurship,Asbest,Female,25-34,Participant,No,No,No,Basic,No,0,0,0,0,2025,4,Apr
3054,2025-04-28,Community Outreach,Social Policy,Yekaterinburg,Male,25-34,Speaker,Yes,Yes,No,Visible,No,0,1,1,0,2025,4,Apr
3388,2025-04-28,Meeting,Education,Pervouralsk,Male,35-44,Coordinator,No,Yes,Yes,Leadership,Yes,1,0,1,1,2025,4,Apr
3541,2025-04-28,Campaign Activity,Economic Policy,Yekaterinburg,Male,35-44,Coordinator,Yes,Yes,Yes,Leadership,Yes,1,1,1,1,2025,4,Apr
457,2025-04-29,Public Event,Local Government,Yekaterinburg,Male,18-24,Coordinator,Yes,Yes,Yes,Leadership,Yes,1,1,1,1,2025,4,Apr
1667,2025-04-29,Campaign Activity,Entrepreneurship,Yekaterinburg,Male,45-54,Analyst,Yes,Yes,No,Professional,No,0,1,1,0,2025,4,Apr
2689,2025-04-29,Campaign Activity,Entrepreneurship,Pervouralsk,Female,45-54,Volunteer,No,No,No,Basic,No,0,0,0,0,2025,4,Apr
3253,2025-04-29,Government Interaction,Housing,Kamensk-Uralsky,Female,45-54,Coordinator,Yes,Yes,Yes,Leadership,Yes,1,1,1,1,2025,4,Apr
568,2025-04-30,Campaign Activity,Transport,Kamensk-Uralsky,Female,25-34,Participant,No,No,No,Basic,No,0,0,0,0,2025,4,Apr
698,2025-04-30,Community Outreach,Healthcare,Yekaterinburg,Male,25-34,Coordinator,No,No,Yes,Leadership,Yes,1,0,0,1,2025,4,Apr
757,2025-04-30,Media Activity,Transport,Nizhny Tagil,Female,25-34,Participant,No,No,No,Basic,No,0,0,0,0,2025,4,Apr
2266,2025-04-30,Campaign Activity,Housing,Yekaterinburg,Female,18-24,Analyst,No,No,No,Professional,No,0,0,0,0,2025,4,Apr
293,2025-05-01,Community Outreach,Housing,Nizhny Tagil,Male,25-34,Organizer,Yes,Yes,Yes,Leadership,Yes,1,1,1,1,2025,5,May
569,2025-05-01,Community Outreach,Local Government,Yekaterinburg,Female,25-34,Coordinator,Yes,Yes,Yes,Leadership,Yes,1,1,1,1,2025,5,May
1042,2025-05-01,Meeting,Healthcare,Yekaterinburg,Male,35-44,Participant,No,No,No,Basic,No,0,0,0,0,2025,5,May
2005,2025-05-01,Community Outreach,Entrepreneurship,Nizhny Tagil,Female,45-54,Volunteer,No,No,No,Basic,No,0,0,0,0,2025,5,May
3172,2025-05-01,Community Outreach,Education,Serov,Male,18-24,Organizer,No,Yes,Yes,Leadership,Yes,1,0,1,1,2025,5,May
3193,2025-05-01,Government Interaction,Economic Policy,Yekaterinburg,Male,55+,Participant,No,No,No,Basic,No,0,0,0,0,2025,5,May
1486,2025-05-02,Campaign Activity,Gender Equality,Pervouralsk,Female,25-34,Organizer,Yes,Yes,Yes,Leadership,Yes,1,1,1,1,2025,5,May
1573,2025-05-02,Educational Event,Entrepreneurship,Yekaterinburg,Male,35-44,Organizer,Yes,No,Yes,Leadership,Yes,1,1,0,1,2025,5,May
1845,2025-05-02,Media Activity,Social Policy,Yekaterinburg,Female,35-44,Analyst,Yes,No,No,Professional,No,0,1,0,0,2025,5,May
1947,2025-05-02,Media Activity,Healthcare,Asbest,Female,25-34,Volunteer,No,No,No,Basic,No,0,0,0,0,2025,5,May
2389,2025-05-02,Media Activity,Economic Policy,Yekaterinburg,Male,25-34,Participant,No,No,No,Basic,No,0,0,0,0,2025,5,May
2932,2025-05-02,Media Activity,Gender Equality,Pervouralsk,Female,55+,Organizer,Yes,Yes,Yes,Leadership,Yes,1,1,1,1,2025,5,May
3016,2025-05-02,Meeting,Housing,Yekaterinburg,Male,45-54,Participant,No,No,No,Basic,No,0,0,0,0,2025,5,May
3038,2025-05-02,Government Interaction,Youth Policy,Yekaterinburg,Female,25-34,Speaker,No,Yes,No,Visible,No,0,0,1,0,2025,5,May
198,2025-05-03,Survey,Social Policy,Yekaterinburg,Male,18-24,Participant,Yes,No,No,Basic,No,0,1,0,0,2025,5,May
243,2025-05-03,Government Interaction,Transport,Yekaterinburg,Female,55+,Participant,No,No,No,Basic,No,0,0,0,0,2025,5,May
788,2025-05-03,Meeting,Entrepreneurship,Yekaterinburg,Female,45-54,Participant,Yes,No,No,Basic,No,0,1,0,0,2025,5,May
1413,2025-05-03,Public Event,Local Government,Yekaterinburg,Male,45-54,Volunteer,No,No,Yes,Basic,No,0,0,0,1,2025,5,May
3259,2025-05-03,Public Event,Transport,Yekaterinburg,Male,35-44,Participant,No,No,No,Basic,No,0,0,0,0,2025,5,May
245,2025-05-04,Media Activity,Economic Policy,Yekaterinburg,Male,18-24,Participant,No,No,No,Basic,No,0,0,0,0,2025,5,May
486,2025-05-04,Media Activity,Transport,Yekaterinburg,Female,35-44,Participant,No,No,No,Basic,No,0,0,0,0,2025,5,May
1321,2025-05-04,Campaign Activity,Transport,Kamensk-Uralsky,Male,45-54,Participant,No,No,No,Basic,No,0,0,0,0,2025,5,May
2307,2025-05-04,Community Outreach,Transport,Yekaterinburg,Male,35-44,Participant,No,No,No,Basic,No,0,0,0,0,2025,5,May
3025,2025-05-04,Meeting,Local Government,Pervouralsk,Female,18-24,Volunteer,No,No,No,Basic,No,0,0,0,0,2025,5,May
3308,2025-05-04,Survey,Youth Policy,Kamensk-Uralsky,Female,18-24,Participant,No,No,No,Basic,No,0,0,0,0,2025,5,May
3453,2025-05-04,Campaign Activity,Education,Nizhny Tagil,Female,55+,Volunteer,No,No,No,Basic,No,0,0,0,0,2025,5,May
3489,2025-05-04,Meeting,Entrepreneurship,Serov,Female,35-44,Participant,No,No,No,Basic,No,0,0,0,0,2025,5,May
315,2025-05-05,Campaign Activity,Education,Yekaterinburg,Female,18-24,Participant,No,No,No,Basic,No,0,0,0,0,2025,5,May
464,2025-05-05,Community Outreach,Gender Equality,Yekaterinburg,Female,55+,Participant,No,No,No,Basic,No,0,0,0,0,2025,5,May
1498,2025-05-05,Community Outreach,Education,Nizhny Tagil,Male,25-34,Organizer,Yes,No,Yes,Leadership,Yes,1,1,0,1,2025,5,May
1563,2025-05-05,Meeting,Healthcare,Kamensk-Uralsky,Male,45-54,Participant,No,No,No,Basic,No,0,0,0,0,2025,5,May
2135,2025-05-05,Meeting,Social Policy,Kamensk-Uralsky,Male,35-44,Coordinator,Yes,No,Yes,Leadership,Yes,1,1,0,1,2025,5,May
3148,2025-05-05,Community Outreach,Transport,Kamensk-Uralsky,Male,35-44,Participant,No,No,No,Basic,No,0,0,0,0,2025,5,May
3470,2025-05-05,Government Interaction,Entrepreneurship,Yekaterinburg,Male,18-24,Participant,No,No,No,Basic,No,0,0,0,0,2025,5,May
3483,2025-05-05,Survey,Healthcare,Yekaterinburg,Male,35-44,Participant,No,No,No,Basic,No,0,0,0,0,2025,5,May
702,2025-05-06,Government Interaction,Entrepreneurship,Yekaterinburg,Female,45-54,Speaker,No,Yes,No,Visible,No,0,0,1,0,2025,5,May
1355,2025-05-06,Public Event,Housing,Yekaterinburg,Male,55+,Analyst,No,No,No,Professional,No,0,0,0,0,2025,5,May
1936,2025-05-06,Survey,Social Policy,Yekaterinburg,Female,35-44,Analyst,No,No,No,Professional,No,0,0,0,0,2025,5,May
2286,2025-05-06,Meeting,Gender Equality,Yekaterinburg,Female,35-44,Participant,No,No,No,Basic,No,0,0,0,0,2025,5,May
3306,2025-05-06,Educational Event,Healthcare,Yekaterinburg,Female,18-24,Participant,No,No,No,Basic,No,0,0,0,0,2025,5,May
3512,2025-05-06,Community Outreach,Local Government,Yekaterinburg,Male,35-44,Volunteer,No,No,No,Basic,No,0,0,0,0,2025,5,May
2082,2025-05-07,Campaign Activity,Housing,Nizhny Tagil,Female,45-54,Volunteer,No,No,No,Basic,No,0,0,0,0,2025,5,May
2363,2025-05-07,Community Outreach,Healthcare,Serov,Male,18-24,Organizer,Yes,Yes,Yes,Leadership,Yes,1,1,1,1,2025,5,May
2528,2025-05-07,Meeting,Entrepreneurship,Nizhny Tagil,Male,25-34,Participant,No,No,No,Basic,No,0,0,0,0,2025,5,May
3254,2025-05-07,Campaign Activity,Transport,Yekaterinburg,Male,25-34,Participant,No,No,No,Basic,No,0,0,0,0,2025,5,May
3507,2025-05-07,Community Outreach,Healthcare,Nizhny Tagil,Male,18-24,Participant,No,No,No,Basic,No,0,0,0,0,2025,5,May
3591,2025-05-07,Community Outreach,Entrepreneurship,Pervouralsk,Male,25-34,Participant,No,No,No,Basic,No,0,0,0,0,2025,5,May
885,2025-05-08,Educational Event,Housing,Yekaterinburg,Female,25-34,Participant,No,No,No,Basic,No,0,0,0,0,2025,5,May
1095,2025-05-08,Campaign Activity,Entrepreneurship,Serov,Male,25-34,Participant,No,No,No,Basic,No,0,0,0,0,2025,5,May
2243,2025-05-08,Public Event,Housing,Yekaterinburg,Female,25-34,Participant,No,No,No,Basic,No,0,0,0,0,2025,5,May
281,2025-05-09,Government Interaction,Healthcare,Revda,Female,18-24,Participant,Yes,No,No,Basic,No,0,1,0,0,2025,5,May
645,2025-05-09,Government Interaction,Housing,Serov,Male,25-34,Speaker,Yes,Yes,No,Visible,No,0,1,1,0,2025,5,May
879,2025-05-09,Educational Event,Economic Policy,Yekaterinburg,Male,45-54,Volunteer,No,No,No,Basic,No,0,0,0,0,2025,5,May
1849,2025-05-09,Community Outreach,Social Policy,Kamensk-Uralsky,Female,35-44,Speaker,No,Yes,No,Visible,No,0,0,1,0,2025,5,May
2587,2025-05-09,Government Interaction,Housing,Kamensk-Uralsky,Female,18-24,Participant,No,No,No,Basic,No,0,0,0,0,2025,5,May
3153,2025-05-09,Survey,Youth Policy,Kamensk-Uralsky,Female,25-34,Coordinator,Yes,No,Yes,Leadership,Yes,1,1,0,1,2025,5,May
3236,2025-05-09,Meeting,Transport,Revda,Female,35-44,Volunteer,No,Yes,No,Basic,No,0,0,1,0,2025,5,May
3315,2025-05-09,Survey,Housing,Nizhny Tagil,Female,55+,Coordinator,Yes,Yes,Yes,Leadership,Yes,1,1,1,1,2025,5,May
709,2025-05-10,Media Activity,Gender Equality,Kamensk-Uralsky,Female,18-24,Organizer,No,No,Yes,Leadership,Yes,1,0,0,1,2025,5,May
804,2025-05-10,Public Event,Social Policy,Nizhny Tagil,Male,35-44,Participant,No,No,No,Basic,No,0,0,0,0,2025,5,May
937,2025-05-10,Government Interaction,Economic Policy,Yekaterinburg,Male,35-44,Participant,Yes,No,No,Basic,No,0,1,0,0,2025,5,May
1711,2025-05-10,Campaign Activity,Housing,Kamensk-Uralsky,Male,18-24,Participant,No,No,No,Basic,No,0,0,0,0,2025,5,May
1898,2025-05-10,Public Event,Entrepreneurship,Kamensk-Uralsky,Female,25-34,Volunteer,Yes,No,No,Basic,No,0,1,0,0,2025,5,May
2317,2025-05-10,Survey,Economic Policy,Yekaterinburg,Female,45-54,Organizer,Yes,Yes,Yes,Leadership,Yes,1,1,1,1,2025,5,May
2804,2025-05-10,Community Outreach,Housing,Nizhny Tagil,Male,35-44,Coordinator,Yes,No,Yes,Leadership,Yes,1,1,0,1,2025,5,May
42,2025-05-11,Meeting,Education,Yekaterinburg,Male,25-34,Analyst,No,No,No,Professional,No,0,0,0,0,2025,5,May
941,2025-05-11,Meeting,Youth Policy,Revda,Female,18-24,Participant,No,No,No,Basic,No,0,0,0,0,2025,5,May
1153,2025-05-11,Campaign Activity,Economic Policy,Yekaterinburg,Female,45-54,Participant,No,No,No,Basic,No,0,0,0,0,2025,5,May
1179,2025-05-11,Public Event,Social Policy,Yekaterinburg,Female,18-24,Speaker,No,Yes,No,Visible,No,0,0,1,0,2025,5,May
1801,2025-05-11,Government Interaction,Transport,Yekaterinburg,Male,18-24,Volunteer,No,No,No,Basic,No,0,0,0,0,2025,5,May
2484,2025-05-11,Meeting,Local Government,Nizhny Tagil,Female,45-54,Participant,No,Yes,No,Basic,No,0,0,1,0,2025,5,May
3435,2025-05-11,Meeting,Social Policy,Nizhny Tagil,Female,25-34,Participant,No,No,No,Basic,No,0,0,0,0,2025,5,May
391,2025-05-12,Media Activity,Social Policy,Pervouralsk,Male,25-34,Participant,No,Yes,No,Basic,No,0,0,1,0,2025,5,May
1111,2025-05-12,Survey,Housing,Yekaterinburg,Female,25-34,Participant,No,No,No,Basic,No,0,0,0,0,2025,5,May
1803,2025-05-12,Campaign Activity,Transport,Pervouralsk,Female,45-54,Volunteer,No,No,No,Basic,No,0,0,0,0,2025,5,May
2046,2025-05-12,Public Event,Local Government,Kamensk-Uralsky,Female,55+,Volunteer,No,No,No,Basic,No,0,0,0,0,2025,5,May
2616,2025-05-12,Meeting,Education,Yekaterinburg,Male,25-34,Participant,No,No,No,Basic,No,0,0,0,0,2025,5,May
2668,2025-05-12,Survey,Social Policy,Serov,Female,18-24,Analyst,No,No,Yes,Professional,No,0,0,0,1,2025,5,May
2859,2025-05-12,Community Outreach,Entrepreneurship,Pervouralsk,Male,25-34,Participant,No,No,No,Basic,No,0,0,0,0,2025,5,May
3442,2025-05-12,Meeting,Economic Policy,Pervouralsk,Female,25-34,Volunteer,No,No,No,Basic,No,0,0,0,0,2025,5,May
3498,2025-05-12,Campaign Activity,Economic Policy,Yekaterinburg,Male,18-24,Participant,No,No,No,Basic,No,0,0,0,0,2025,5,May
58,2025-05-13,Campaign Activity,Healthcare,Asbest,Male,35-44,Volunteer,No,No,No,Basic,No,0,0,0,0,2025,5,May
197,2025-05-13,Community Outreach,Gender Equality,Yekaterinburg,Male,45-54,Participant,No,No,No,Basic,No,0,0,0,0,2025,5,May
1180,2025-05-13,Government Interaction,Education,Pervouralsk,Female,35-44,Participant,No,No,No,Basic,No,0,0,0,0,2025,5,May
1335,2025-05-13,Community Outreach,Social Policy,Yekaterinburg,Male,45-54,Coordinator,Yes,Yes,Yes,Leadership,Yes,1,1,1,1,2025,5,May
1421,2025-05-13,Media Activity,Social Policy,Yekaterinburg,Male,35-44,Organizer,No,Yes,Yes,Leadership,Yes,1,0,1,1,2025,5,May
1565,2025-05-13,Community Outreach,Economic Policy,Pervouralsk,Male,18-24,Participant,No,No,No,Basic,No,0,0,0,0,2025,5,May
2119,2025-05-13,Meeting,Housing,Yekaterinburg,Female,18-24,Participant,No,No,No,Basic,No,0,0,0,0,2025,5,May
2600,2025-05-13,Media Activity,Housing,Yekaterinburg,Male,35-44,Volunteer,No,Yes,No,Basic,No,0,0,1,0,2025,5,May
3118,2025-05-13,Educational Event,Local Government,Nizhny Tagil,Male,45-54,Participant,No,No,No,Basic,No,0,0,0,0,2025,5,May
926,2025-05-14,Community Outreach,Gender Equality,Asbest,Female,18-24,Participant,No,No,No,Basic,No,0,0,0,0,2025,5,May
1314,2025-05-14,Media Activity,Healthcare,Asbest,Female,18-24,Volunteer,No,No,No,Basic,No,0,0,0,0,2025,5,May
1729,2025-05-14,Campaign Activity,Economic Policy,Kamensk-Uralsky,Female,55+,Participant,Yes,No,No,Basic,No,0,1,0,0,2025,5,May
1996,2025-05-14,Community Outreach,Education,Kamensk-Uralsky,Male,35-44,Organizer,Yes,Yes,Yes,Leadership,Yes,1,1,1,1,2025,5,May
2408,2025-05-14,Educational Event,Entrepreneurship,Yekaterinburg,Female,55+,Speaker,No,Yes,No,Visible,No,0,0,1,0,2025,5,May
2428,2025-05-14,Meeting,Education,Yekaterinburg,Male,25-34,Organizer,No,No,Yes,Leadership,Yes,1,0,0,1,2025,5,May
2836,2025-05-14,Campaign Activity,Gender Equality,Serov,Male,25-34,Coordinator,No,No,Yes,Leadership,Yes,1,0,0,1,2025,5,May
2976,2025-05-14,Community Outreach,Education,Yekaterinburg,Male,25-34,Coordinator,Yes,Yes,Yes,Leadership,Yes,1,1,1,1,2025,5,May
2,2025-05-15,Meeting,Local Government,Yekaterinburg,Female,55+,Coordinator,No,Yes,Yes,Leadership,Yes,1,0,1,1,2025,5,May
2414,2025-05-15,Community Outreach,Healthcare,Yekaterinburg,Male,45-54,Analyst,Yes,No,No,Professional,No,0,1,0,0,2025,5,May
1744,2025-05-16,Community Outreach,Youth Policy,Kamensk-Uralsky,Male,25-34,Participant,Yes,Yes,No,Basic,No,0,1,1,0,2025,5,May
2443,2025-05-16,Survey,Housing,Yekaterinburg,Female,18-24,Participant,No,No,No,Basic,No,0,0,0,0,2025,5,May
2759,2025-05-16,Community Outreach,Housing,Yekaterinburg,Male,35-44,Participant,No,No,No,Basic,No,0,0,0,0,2025,5,May
3371,2025-05-16,Survey,Transport,Serov,Male,25-34,Volunteer,No,No,No,Basic,No,0,0,0,0,2025,5,May
265,2025-05-17,Media Activity,Economic Policy,Yekaterinburg,Male,35-44,Volunteer,No,No,No,Basic,No,0,0,0,0,2025,5,May
513,2025-05-17,Survey,Youth Policy,Yekaterinburg,Female,18-24,Analyst,No,No,No,Professional,No,0,0,0,0,2025,5,May
635,2025-05-17,Meeting,Economic Policy,Pervouralsk,Female,35-44,Organizer,No,No,Yes,Leadership,Yes,1,0,0,1,2025,5,May
763,2025-05-17,Government Interaction,Gender Equality,Nizhny Tagil,Female,25-34,Speaker,No,Yes,No,Visible,No,0,0,1,0,2025,5,May
2524,2025-05-17,Campaign Activity,Gender Equality,Yekaterinburg,Male,45-54,Participant,No,No,No,Basic,No,0,0,0,0,2025,5,May
2659,2025-05-17,Community Outreach,Transport,Yekaterinburg,Female,25-34,Participant,No,No,No,Basic,No,0,0,0,0,2025,5,May
2734,2025-05-17,Campaign Activity,Entrepreneurship,Yekaterinburg,Female,35-44,Coordinator,No,Yes,Yes,Leadership,Yes,1,0,1,1,2025,5,May
3055,2025-05-17,Community Outreach,Gender Equality,Revda,Male,18-24,Participant,No,No,No,Basic,No,0,0,0,0,2025,5,May
1114,2025-05-18,Educational Event,Healthcare,Serov,Male,25-34,Volunteer,No,No,No,Basic,No,0,0,0,0,2025,5,May
1689,2025-05-18,Public Event,Economic Policy,Yekaterinburg,Male,25-34,Participant,No,No,No,Basic,No,0,0,0,0,2025,5,May
2576,2025-05-18,Media Activity,Housing,Yekaterinburg,Male,45-54,Participant,No,No,No,Basic,No,0,0,0,0,2025,5,May
2826,2025-05-18,Meeting,Gender Equality,Yekaterinburg,Male,25-34,Participant,No,No,No,Basic,No,0,0,0,0,2025,5,May
3235,2025-05-18,Campaign Activity,Youth Policy,Revda,Female,18-24,Participant,No,Yes,No,Basic,No,0,0,1,0,2025,5,May
522,2025-05-19,Survey,Economic Policy,Pervouralsk,Female,35-44,Participant,No,No,No,Basic,No,0,0,0,0,2025,5,May
600,2025-05-19,Meeting,Housing,Yekaterinburg,Male,25-34,Participant,No,Yes,No,Basic,No,0,0,1,0,2025,5,May
2885,2025-05-19,Media Activity,Education,Yekaterinburg,Male,18-24,Speaker,No,Yes,No,Visible,No,0,0,1,0,2025,5,May
3108,2025-05-19,Community Outreach,Entrepreneurship,Yekaterinburg,Male,55+,Volunteer,Yes,No,No,Basic,No,0,1,0,0,2025,5,May
3426,2025-05-19,Community Outreach,Gender Equality,Yekaterinburg,Male,55+,Speaker,No,Yes,No,Visible,No,0,0,1,0,2025,5,May
592,2025-05-20,Government Interaction,Transport,Yekaterinburg,Female,55+,Participant,No,No,No,Basic,No,0,0,0,0,2025,5,May
947,2025-05-20,Media Activity,Gender Equality,Kamensk-Uralsky,Male,55+,Coordinator,Yes,Yes,Yes,Leadership,Yes,1,1,1,1,2025,5,May
1294,2025-05-20,Public Event,Youth Policy,Yekaterinburg,Female,25-34,Participant,No,No,No,Basic,No,0,0,0,0,2025,5,May
2013,2025-05-20,Public Event,Transport,Nizhny Tagil,Female,25-34,Participant,No,No,No,Basic,No,0,0,0,0,2025,5,May
2065,2025-05-20,Public Event,Gender Equality,Yekaterinburg,Female,18-24,Participant,No,No,No,Basic,No,0,0,0,0,2025,5,May
2573,2025-05-20,Campaign Activity,Youth Policy,Yekaterinburg,Male,25-34,Volunteer,No,No,No,Basic,No,0,0,0,0,2025,5,May
651,2025-05-21,Campaign Activity,Healthcare,Serov,Female,45-54,Volunteer,No,No,No,Basic,No,0,0,0,0,2025,5,May
718,2025-05-21,Survey,Entrepreneurship,Yekaterinburg,Female,25-34,Participant,No,No,No,Basic,No,0,0,0,0,2025,5,May
951,2025-05-21,Meeting,Housing,Yekaterinburg,Male,18-24,Organizer,Yes,No,Yes,Leadership,Yes,1,1,0,1,2025,5,May
1948,2025-05-21,Community Outreach,Youth Policy,Kamensk-Uralsky,Male,18-24,Participant,No,No,No,Basic,No,0,0,0,0,2025,5,May
2125,2025-05-21,Survey,Transport,Revda,Female,18-24,Speaker,No,Yes,No,Visible,No,0,0,1,0,2025,5,May
2197,2025-05-21,Community Outreach,Social Policy,Yekaterinburg,Female,25-34,Participant,No,Yes,No,Basic,No,0,0,1,0,2025,5,May
2597,2025-05-21,Survey,Housing,Yekaterinburg,Female,55+,Organizer,Yes,Yes,Yes,Leadership,Yes,1,1,1,1,2025,5,May
2613,2025-05-21,Campaign Activity,Education,Yekaterinburg,Male,35-44,Participant,No,No,No,Basic,No,0,0,0,0,2025,5,May
262,2025-05-22,Meeting,Education,Yekaterinburg,Male,45-54,Coordinator,Yes,No,Yes,Leadership,Yes,1,1,0,1,2025,5,May
1329,2025-05-22,Government Interaction,Housing,Yekaterinburg,Female,35-44,Participant,No,No,No,Basic,No,0,0,0,0,2025,5,May
1475,2025-05-22,Media Activity,Transport,Yekaterinburg,Male,25-34,Participant,No,No,No,Basic,No,0,0,0,0,2025,5,May
1372,2025-05-23,Meeting,Local Government,Yekaterinburg,Male,25-34,Analyst,No,No,No,Professional,No,0,0,0,0,2025,5,May
1379,2025-05-23,Educational Event,Economic Policy,Yekaterinburg,Male,55+,Speaker,No,Yes,No,Visible,No,0,0,1,0,2025,5,May
2283,2025-05-23,Survey,Education,Yekaterinburg,Female,18-24,Speaker,No,Yes,No,Visible,No,0,0,1,0,2025,5,May
2592,2025-05-23,Meeting,Youth Policy,Yekaterinburg,Male,25-34,Participant,No,No,No,Basic,No,0,0,0,0,2025,5,May
3321,2025-05-23,Survey,Youth Policy,Yekaterinburg,Female,18-24,Coordinator,Yes,Yes,Yes,Leadership,Yes,1,1,1,1,2025,5,May
327,2025-05-24,Community Outreach,Local Government,Yekaterinburg,Male,35-44,Participant,No,No,No,Basic,No,0,0,0,0,2025,5,May
363,2025-05-24,Government Interaction,Gender Equality,Pervouralsk,Female,45-54,Participant,No,No,No,Basic,No,0,0,0,0,2025,5,May
854,2025-05-24,Government Interaction,Social Policy,Yekaterinburg,Male,35-44,Coordinator,Yes,Yes,Yes,Leadership,Yes,1,1,1,1,2025,5,May
2048,2025-05-24,Meeting,Social Policy,Yekaterinburg,Male,45-54,Participant,No,No,No,Basic,No,0,0,0,0,2025,5,May
2937,2025-05-24,Meeting,Education,Serov,Female,25-34,Participant,No,No,No,Basic,No,0,0,0,0,2025,5,May
2974,2025-05-24,Community Outreach,Transport,Yekaterinburg,Male,45-54,Participant,No,No,No,Basic,No,0,0,0,0,2025,5,May
3546,2025-05-24,Government Interaction,Entrepreneurship,Nizhny Tagil,Male,25-34,Participant,No,No,No,Basic,No,0,0,0,0,2025,5,May
90,2025-05-25,Campaign Activity,Economic Policy,Yekaterinburg,Male,35-44,Participant,No,No,No,Basic,No,0,0,0,0,2025,5,May
1195,2025-05-25,Public Event,Entrepreneurship,Yekaterinburg,Male,25-34,Analyst,No,No,No,Professional,No,0,0,0,0,2025,5,May
1656,2025-05-25,Educational Event,Transport,Yekaterinburg,Female,55+,Volunteer,No,No,No,Basic,No,0,0,0,0,2025,5,May
1986,2025-05-25,Media Activity,Healthcare,Yekaterinburg,Male,25-34,Volunteer,No,No,No,Basic,No,0,0,0,0,2025,5,May
2202,2025-05-25,Community Outreach,Transport,Yekaterinburg,Male,35-44,Participant,No,No,No,Basic,No,0,0,0,0,2025,5,May
2657,2025-05-25,Government Interaction,Social Policy,Yekaterinburg,Female,35-44,Coordinator,No,Yes,Yes,Leadership,Yes,1,0,1,1,2025,5,May
1870,2025-05-26,Meeting,Education,Asbest,Male,55+,Volunteer,No,No,No,Basic,No,0,0,0,0,2025,5,May
2003,2025-05-26,Educational Event,Healthcare,Serov,Male,35-44,Participant,No,No,No,Basic,No,0,0,0,0,2025,5,May
2948,2025-05-26,Community Outreach,Healthcare,Yekaterinburg,Male,25-34,Coordinator,No,No,Yes,Leadership,Yes,1,0,0,1,2025,5,May
3166,2025-05-26,Community Outreach,Social Policy,Yekaterinburg,Male,25-34,Participant,No,No,No,Basic,No,0,0,0,0,2025,5,May
3195,2025-05-26,Community Outreach,Youth Policy,Yekaterinburg,Male,25-34,Participant,No,No,No,Basic,No,0,0,0,0,2025,5,May
1410,2025-05-27,Campaign Activity,Social Policy,Yekaterinburg,Male,35-44,Organizer,Yes,Yes,Yes,Leadership,Yes,1,1,1,1,2025,5,May
1434,2025-05-27,Community Outreach,Entrepreneurship,Yekaterinburg,Female,25-34,Participant,No,No,No,Basic,No,0,0,0,0,2025,5,May
1456,2025-05-27,Public Event,Economic Policy,Kamensk-Uralsky,Female,18-24,Organizer,Yes,No,Yes,Leadership,Yes,1,1,0,1,2025,5,May
1873,2025-05-27,Media Activity,Local Government,Kamensk-Uralsky,Male,18-24,Coordinator,No,Yes,Yes,Leadership,Yes,1,0,1,1,2025,5,May
1991,2025-05-27,Campaign Activity,Healthcare,Pervouralsk,Female,55+,Volunteer,No,No,No,Basic,No,0,0,0,0,2025,5,May
2632,2025-05-27,Community Outreach,Youth Policy,Yekaterinburg,Male,45-54,Volunteer,Yes,No,No,Basic,No,0,1,0,0,2025,5,May
2918,2025-05-27,Government Interaction,Youth Policy,Pervouralsk,Male,35-44,Participant,No,No,No,Basic,No,0,0,0,0,2025,5,May
3029,2025-05-27,Public Event,Local Government,Yekaterinburg,Male,35-44,Coordinator,Yes,Yes,Yes,Leadership,Yes,1,1,1,1,2025,5,May
186,2025-05-28,Media Activity,Entrepreneurship,Asbest,Male,25-34,Participant,Yes,No,No,Basic,No,0,1,0,0,2025,5,May
976,2025-05-28,Meeting,Gender Equality,Yekaterinburg,Male,45-54,Participant,No,No,No,Basic,No,0,0,0,0,2025,5,May
1465,2025-05-28,Media Activity,Transport,Yekaterinburg,Male,25-34,Participant,No,No,No,Basic,No,0,0,0,0,2025,5,May
1590,2025-05-28,Community Outreach,Housing,Yekaterinburg,Female,45-54,Participant,No,No,No,Basic,No,0,0,0,0,2025,5,May
1844,2025-05-28,Survey,Youth Policy,Kamensk-Uralsky,Male,18-24,Volunteer,No,No,Yes,Basic,No,0,0,0,1,2025,5,May
2302,2025-05-28,Meeting,Social Policy,Asbest,Male,25-34,Coordinator,Yes,No,Yes,Leadership,Yes,1,1,0,1,2025,5,May
2499,2025-05-28,Community Outreach,Local Government,Yekaterinburg,Male,45-54,Participant,No,Yes,No,Basic,No,0,0,1,0,2025,5,May
2510,2025-05-28,Community Outreach,Healthcare,Yekaterinburg,Male,45-54,Participant,No,No,No,Basic,No,0,0,0,0,2025,5,May
3152,2025-05-28,Public Event,Healthcare,Serov,Male,45-54,Analyst,Yes,Yes,No,Professional,No,0,1,1,0,2025,5,May
962,2025-05-29,Public Event,Social Policy,Yekaterinburg,Female,18-24,Participant,No,No,No,Basic,No,0,0,0,0,2025,5,May
2250,2025-05-29,Survey,Entrepreneurship,Yekaterinburg,Female,18-24,Participant,No,No,No,Basic,No,0,0,0,0,2025,5,May
2259,2025-05-29,Community Outreach,Transport,Yekaterinburg,Female,25-34,Participant,No,No,No,Basic,No,0,0,0,0,2025,5,May
3050,2025-05-29,Public Event,Youth Policy,Nizhny Tagil,Female,18-24,Participant,No,No,No,Basic,No,0,0,0,0,2025,5,May
150,2025-05-30,Public Event,Transport,Yekaterinburg,Female,25-34,Organizer,Yes,No,Yes,Leadership,Yes,1,1,0,1,2025,5,May
343,2025-05-30,Meeting,Housing,Kamensk-Uralsky,Male,35-44,Participant,No,No,No,Basic,No,0,0,0,0,2025,5,May
2593,2025-05-30,Meeting,Housing,Revda,Male,25-34,Volunteer,No,No,Yes,Basic,No,0,0,0,1,2025,5,May
3138,2025-05-30,Community Outreach,Youth Policy,Nizhny Tagil,Female,55+,Organizer,Yes,Yes,Yes,Leadership,Yes,1,1,1,1,2025,5,May
306,2025-05-31,Government Interaction,Social Policy,Yekaterinburg,Female,45-54,Speaker,Yes,Yes,No,Visible,No,0,1,1,0,2025,5,May
392,2025-05-31,Campaign Activity,Entrepreneurship,Serov,Female,25-34,Participant,No,No,No,Basic,No,0,0,0,0,2025,5,May
540,2025-05-31,Survey,Youth Policy,Yekaterinburg,Male,45-54,Participant,No,No,No,Basic,No,0,0,0,0,2025,5,May
607,2025-05-31,Meeting,Local Government,Yekaterinburg,Male,25-34,Coordinator,Yes,Yes,Yes,Leadership,Yes,1,1,1,1,2025,5,May
831,2025-05-31,Public Event,Entrepreneurship,Kamensk-Uralsky,Male,55+,Organizer,Yes,No,Yes,Leadership,Yes,1,1,0,1,2025,5,May
919,2025-05-31,Survey,Economic Policy,Yekaterinburg,Female,25-34,Participant,No,No,No,Basic,No,0,0,0,0,2025,5,May
1036,2025-05-31,Meeting,Entrepreneurship,Revda,Male,25-34,Speaker,Yes,Yes,No,Visible,No,0,1,1,0,2025,5,May
1262,2025-05-31,Educational Event,Social Policy,Asbest,Female,45-54,Volunteer,No,No,No,Basic,No,0,0,0,0,2025,5,May
1545,2025-05-31,Campaign Activity,Economic Policy,Yekaterinburg,Female,35-44,Participant,No,No,No,Basic,No,0,0,0,0,2025,5,May
2198,2025-05-31,Educational Event,Housing,Yekaterinburg,Male,18-24,Participant,No,No,No,Basic,No,0,0,0,0,2025,5,May
2292,2025-05-31,Community Outreach,Youth Policy,Yekaterinburg,Male,25-34,Speaker,No,Yes,No,Visible,No,0,0,1,0,2025,5,May
2340,2025-05-31,Educational Event,Healthcare,Yekaterinburg,Female,25-34,Participant,No,No,No,Basic,No,0,0,0,0,2025,5,May
340,2025-06-01,Meeting,Social Policy,Yekaterinburg,Male,25-34,Volunteer,No,No,No,Basic,No,0,0,0,0,2025,6,Jun
404,2025-06-01,Public Event,Education,Yekaterinburg,Female,25-34,Participant,No,No,No,Basic,No,0,0,0,0,2025,6,Jun
817,2025-06-01,Community Outreach,Local Government,Yekaterinburg,Male,45-54,Coordinator,Yes,No,Yes,Leadership,Yes,1,1,0,1,2025,6,Jun
925,2025-06-01,Survey,Social Policy,Yekaterinburg,Female,25-34,Participant,No,No,No,Basic,No,0,0,0,0,2025,6,Jun
3576,2025-06-01,Meeting,Social Policy,Yekaterinburg,Female,35-44,Participant,No,No,No,Basic,No,0,0,0,0,2025,6,Jun
132,2025-06-02,Educational Event,Housing,Nizhny Tagil,Male,18-24,Participant,No,No,No,Basic,No,0,0,0,0,2025,6,Jun
393,2025-06-02,Meeting,Economic Policy,Yekaterinburg,Male,25-34,Participant,No,No,No,Basic,No,0,0,0,0,2025,6,Jun
622,2025-06-02,Meeting,Gender Equality,Nizhny Tagil,Male,35-44,Organizer,No,No,Yes,Leadership,Yes,1,0,0,1,2025,6,Jun
631,2025-06-02,Media Activity,Transport,Kamensk-Uralsky,Male,25-34,Participant,No,Yes,No,Basic,No,0,0,1,0,2025,6,Jun
705,2025-06-02,Meeting,Gender Equality,Yekaterinburg,Female,35-44,Participant,No,No,No,Basic,No,0,0,0,0,2025,6,Jun
816,2025-06-02,Survey,Housing,Yekaterinburg,Male,25-34,Organizer,Yes,Yes,Yes,Leadership,Yes,1,1,1,1,2025,6,Jun
1517,2025-06-02,Community Outreach,Economic Policy,Yekaterinburg,Female,45-54,Participant,No,No,No,Basic,No,0,0,0,0,2025,6,Jun
1704,2025-06-02,Campaign Activity,Transport,Pervouralsk,Male,25-34,Participant,No,No,No,Basic,No,0,0,0,0,2025,6,Jun
1748,2025-06-02,Survey,Economic Policy,Kamensk-Uralsky,Male,45-54,Participant,No,No,No,Basic,No,0,0,0,0,2025,6,Jun
2907,2025-06-02,Media Activity,Economic Policy,Pervouralsk,Male,55+,Organizer,Yes,Yes,Yes,Leadership,Yes,1,1,1,1,2025,6,Jun
2980,2025-06-02,Media Activity,Entrepreneurship,Serov,Male,25-34,Coordinator,Yes,Yes,Yes,Leadership,Yes,1,1,1,1,2025,6,Jun
500,2025-06-03,Educational Event,Economic Policy,Yekaterinburg,Male,25-34,Volunteer,No,Yes,No,Basic,No,0,0,1,0,2025,6,Jun
1047,2025-06-03,Media Activity,Youth Policy,Pervouralsk,Female,35-44,Volunteer,No,No,No,Basic,No,0,0,0,0,2025,6,Jun
1802,2025-06-03,Public Event,Healthcare,Yekaterinburg,Male,25-34,Speaker,No,Yes,No,Visible,No,0,0,1,0,2025,6,Jun
2470,2025-06-03,Meeting,Transport,Nizhny Tagil,Female,25-34,Participant,No,No,No,Basic,No,0,0,0,0,2025,6,Jun
614,2025-06-04,Meeting,Social Policy,Yekaterinburg,Male,25-34,Organizer,Yes,Yes,Yes,Leadership,Yes,1,1,1,1,2025,6,Jun
1735,2025-06-04,Campaign Activity,Economic Policy,Yekaterinburg,Male,18-24,Speaker,Yes,Yes,No,Visible,No,0,1,1,0,2025,6,Jun
1830,2025-06-04,Community Outreach,Healthcare,Yekaterinburg,Male,35-44,Organizer,Yes,Yes,Yes,Leadership,Yes,1,1,1,1,2025,6,Jun
2136,2025-06-04,Media Activity,Healthcare,Revda,Male,25-34,Participant,No,No,No,Basic,No,0,0,0,0,2025,6,Jun
2831,2025-06-04,Campaign Activity,Social Policy,Yekaterinburg,Female,45-54,Participant,No,No,No,Basic,No,0,0,0,0,2025,6,Jun
2883,2025-06-04,Educational Event,Youth Policy,Pervouralsk,Male,35-44,Coordinator,Yes,Yes,Yes,Leadership,Yes,1,1,1,1,2025,6,Jun
3588,2025-06-04,Campaign Activity,Local Government,Yekaterinburg,Male,45-54,Participant,No,No,No,Basic,No,0,0,0,0,2025,6,Jun
184,2025-06-05,Public Event,Education,Asbest,Female,25-34,Coordinator,No,Yes,Yes,Leadership,Yes,1,0,1,1,2025,6,Jun
1065,2025-06-05,Community Outreach,Healthcare,Yekaterinburg,Female,45-54,Participant,No,No,No,Basic,No,0,0,0,0,2025,6,Jun
2261,2025-06-05,Community Outreach,Education,Yekaterinburg,Male,25-34,Coordinator,Yes,Yes,Yes,Leadership,Yes,1,1,1,1,2025,6,Jun
3537,2025-06-05,Meeting,Transport,Yekaterinburg,Female,45-54,Participant,No,No,No,Basic,No,0,0,0,0,2025,6,Jun
3597,2025-06-05,Meeting,Healthcare,Revda,Male,35-44,Speaker,Yes,Yes,No,Visible,No,0,1,1,0,2025,6,Jun
121,2025-06-06,Community Outreach,Transport,Pervouralsk,Male,25-34,Coordinator,Yes,No,Yes,Leadership,Yes,1,1,0,1,2025,6,Jun
1291,2025-06-06,Public Event,Housing,Yekaterinburg,Female,55+,Participant,No,No,No,Basic,No,0,0,0,0,2025,6,Jun
1368,2025-06-06,Public Event,Transport,Yekaterinburg,Female,35-44,Organizer,Yes,No,Yes,Leadership,Yes,1,1,0,1,2025,6,Jun
1776,2025-06-06,Government Interaction,Healthcare,Yekaterinburg,Male,25-34,Participant,No,No,No,Basic,No,0,0,0,0,2025,6,Jun
2052,2025-06-06,Campaign Activity,Healthcare,Yekaterinburg,Female,18-24,Volunteer,No,No,No,Basic,No,0,0,0,0,2025,6,Jun
2673,2025-06-06,Community Outreach,Entrepreneurship,Yekaterinburg,Female,18-24,Analyst,No,No,No,Professional,No,0,0,0,0,2025,6,Jun
3163,2025-06-06,Educational Event,Economic Policy,Yekaterinburg,Female,25-34,Participant,No,No,No,Basic,No,0,0,0,0,2025,6,Jun
1445,2025-06-07,Public Event,Entrepreneurship,Yekaterinburg,Female,45-54,Participant,No,No,No,Basic,No,0,0,0,0,2025,6,Jun
1708,2025-06-07,Public Event,Transport,Yekaterinburg,Female,55+,Coordinator,Yes,No,Yes,Leadership,Yes,1,1,0,1,2025,6,Jun
2410,2025-06-07,Educational Event,Social Policy,Yekaterinburg,Male,25-34,Participant,No,No,No,Basic,No,0,0,0,0,2025,6,Jun
2496,2025-06-07,Campaign Activity,Gender Equality,Yekaterinburg,Male,55+,Organizer,Yes,No,Yes,Leadership,Yes,1,1,0,1,2025,6,Jun
896,2025-06-08,Campaign Activity,Local Government,Kamensk-Uralsky,Male,25-34,Participant,Yes,No,No,Basic,No,0,1,0,0,2025,6,Jun
1333,2025-06-08,Survey,Local Government,Yekaterinburg,Male,35-44,Coordinator,Yes,No,Yes,Leadership,Yes,1,1,0,1,2025,6,Jun
1850,2025-06-08,Campaign Activity,Social Policy,Yekaterinburg,Male,35-44,Coordinator,Yes,No,Yes,Leadership,Yes,1,1,0,1,2025,6,Jun
3334,2025-06-08,Government Interaction,Housing,Yekaterinburg,Female,55+,Analyst,No,Yes,No,Professional,No,0,0,1,0,2025,6,Jun
565,2025-06-09,Community Outreach,Housing,Pervouralsk,Male,25-34,Speaker,No,Yes,Yes,Visible,No,0,0,1,1,2025,6,Jun
670,2025-06-09,Survey,Local Government,Serov,Female,45-54,Volunteer,No,No,No,Basic,No,0,0,0,0,2025,6,Jun
786,2025-06-09,Media Activity,Entrepreneurship,Pervouralsk,Female,25-34,Participant,No,No,No,Basic,No,0,0,0,0,2025,6,Jun
905,2025-06-09,Meeting,Economic Policy,Pervouralsk,Male,18-24,Participant,No,No,No,Basic,No,0,0,0,0,2025,6,Jun
1641,2025-06-09,Meeting,Gender Equality,Nizhny Tagil,Male,18-24,Participant,No,No,No,Basic,No,0,0,0,0,2025,6,Jun
1732,2025-06-09,Survey,Healthcare,Yekaterinburg,Female,35-44,Participant,No,No,No,Basic,No,0,0,0,0,2025,6,Jun
1795,2025-06-09,Campaign Activity,Entrepreneurship,Yekaterinburg,Male,35-44,Organizer,Yes,Yes,Yes,Leadership,Yes,1,1,1,1,2025,6,Jun
2595,2025-06-09,Meeting,Healthcare,Yekaterinburg,Female,35-44,Participant,No,No,No,Basic,No,0,0,0,0,2025,6,Jun
3312,2025-06-09,Community Outreach,Healthcare,Yekaterinburg,Male,35-44,Organizer,Yes,Yes,Yes,Leadership,Yes,1,1,1,1,2025,6,Jun
3523,2025-06-09,Media Activity,Social Policy,Revda,Female,18-24,Participant,No,No,No,Basic,No,0,0,0,0,2025,6,Jun
461,2025-06-10,Media Activity,Social Policy,Serov,Male,25-34,Participant,Yes,No,No,Basic,No,0,1,0,0,2025,6,Jun
482,2025-06-10,Public Event,Entrepreneurship,Yekaterinburg,Female,25-34,Participant,No,No,No,Basic,No,0,0,0,0,2025,6,Jun
753,2025-06-10,Government Interaction,Youth Policy,Yekaterinburg,Female,35-44,Organizer,Yes,No,Yes,Leadership,Yes,1,1,0,1,2025,6,Jun
902,2025-06-10,Campaign Activity,Entrepreneurship,Yekaterinburg,Female,25-34,Participant,No,No,No,Basic,No,0,0,0,0,2025,6,Jun
1385,2025-06-10,Public Event,Economic Policy,Kamensk-Uralsky,Male,55+,Participant,No,No,No,Basic,No,0,0,0,0,2025,6,Jun
2571,2025-06-10,Media Activity,Gender Equality,Kamensk-Uralsky,Female,25-34,Participant,No,No,No,Basic,No,0,0,0,0,2025,6,Jun
2829,2025-06-10,Campaign Activity,Gender Equality,Yekaterinburg,Male,18-24,Participant,No,No,No,Basic,No,0,0,0,0,2025,6,Jun
1213,2025-06-11,Community Outreach,Youth Policy,Yekaterinburg,Male,35-44,Analyst,Yes,No,Yes,Professional,No,0,1,0,1,2025,6,Jun
1734,2025-06-11,Meeting,Healthcare,Asbest,Female,18-24,Analyst,No,No,No,Professional,No,0,0,0,0,2025,6,Jun
2275,2025-06-11,Meeting,Local Government,Yekaterinburg,Male,25-34,Coordinator,Yes,No,Yes,Leadership,Yes,1,1,0,1,2025,6,Jun
2544,2025-06-11,Community Outreach,Entrepreneurship,Serov,Female,25-34,Coordinator,Yes,Yes,Yes,Leadership,Yes,1,1,1,1,2025,6,Jun
3101,2025-06-11,Public Event,Youth Policy,Yekaterinburg,Male,55+,Participant,No,No,No,Basic,No,0,0,0,0,2025,6,Jun
1620,2025-06-12,Meeting,Youth Policy,Kamensk-Uralsky,Female,18-24,Speaker,No,Yes,No,Visible,No,0,0,1,0,2025,6,Jun
1897,2025-06-12,Media Activity,Healthcare,Yekaterinburg,Male,55+,Coordinator,Yes,Yes,Yes,Leadership,Yes,1,1,1,1,2025,6,Jun
1979,2025-06-12,Educational Event,Economic Policy,Yekaterinburg,Male,18-24,Coordinator,Yes,Yes,Yes,Leadership,Yes,1,1,1,1,2025,6,Jun
2585,2025-06-12,Meeting,Entrepreneurship,Serov,Female,55+,Speaker,No,Yes,No,Visible,No,0,0,1,0,2025,6,Jun
3017,2025-06-12,Campaign Activity,Gender Equality,Asbest,Male,55+,Volunteer,No,No,No,Basic,No,0,0,0,0,2025,6,Jun
3513,2025-06-12,Government Interaction,Education,Yekaterinburg,Male,45-54,Organizer,Yes,Yes,Yes,Leadership,Yes,1,1,1,1,2025,6,Jun
11,2025-06-13,Government Interaction,Social Policy,Yekaterinburg,Female,35-44,Coordinator,Yes,No,Yes,Leadership,Yes,1,1,0,1,2025,6,Jun
275,2025-06-13,Media Activity,Social Policy,Pervouralsk,Male,25-34,Participant,No,No,No,Basic,No,0,0,0,0,2025,6,Jun
412,2025-06-13,Meeting,Housing,Yekaterinburg,Male,35-44,Speaker,No,Yes,No,Visible,No,0,0,1,0,2025,6,Jun
1286,2025-06-13,Educational Event,Housing,Yekaterinburg,Male,35-44,Organizer,Yes,No,Yes,Leadership,Yes,1,1,0,1,2025,6,Jun
2009,2025-06-13,Campaign Activity,Social Policy,Yekaterinburg,Female,35-44,Coordinator,No,Yes,Yes,Leadership,Yes,1,0,1,1,2025,6,Jun
3156,2025-06-13,Meeting,Transport,Yekaterinburg,Female,25-34,Participant,No,No,No,Basic,No,0,0,0,0,2025,6,Jun
3186,2025-06-13,Community Outreach,Local Government,Yekaterinburg,Female,18-24,Participant,No,No,No,Basic,No,0,0,0,0,2025,6,Jun
356,2025-06-14,Community Outreach,Social Policy,Yekaterinburg,Male,25-34,Participant,No,No,No,Basic,No,0,0,0,0,2025,6,Jun
361,2025-06-14,Public Event,Youth Policy,Yekaterinburg,Male,18-24,Speaker,No,Yes,No,Visible,No,0,0,1,0,2025,6,Jun
501,2025-06-14,Public Event,Youth Policy,Nizhny Tagil,Male,18-24,Participant,No,No,No,Basic,No,0,0,0,0,2025,6,Jun
175,2025-06-15,Survey,Social Policy,Revda,Female,25-34,Participant,No,Yes,No,Basic,No,0,0,1,0,2025,6,Jun
1242,2025-06-15,Campaign Activity,Gender Equality,Yekaterinburg,Female,35-44,Coordinator,Yes,No,Yes,Leadership,Yes,1,1,0,1,2025,6,Jun
3048,2025-06-15,Meeting,Transport,Yekaterinburg,Male,45-54,Volunteer,No,No,No,Basic,No,0,0,0,0,2025,6,Jun
414,2025-06-16,Meeting,Social Policy,Asbest,Male,25-34,Participant,No,No,No,Basic,No,0,0,0,0,2025,6,Jun
1282,2025-06-16,Community Outreach,Entrepreneurship,Serov,Female,25-34,Participant,No,No,No,Basic,No,0,0,0,0,2025,6,Jun
1988,2025-06-16,Public Event,Social Policy,Asbest,Male,25-34,Speaker,No,Yes,No,Visible,No,0,0,1,0,2025,6,Jun
2686,2025-06-16,Community Outreach,Local Government,Serov,Male,18-24,Participant,No,No,No,Basic,No,0,0,0,0,2025,6,Jun
3573,2025-06-16,Survey,Youth Policy,Pervouralsk,Female,25-34,Coordinator,Yes,Yes,Yes,Leadership,Yes,1,1,1,1,2025,6,Jun
317,2025-06-17,Community Outreach,Housing,Serov,Female,25-34,Participant,No,No,No,Basic,No,0,0,0,0,2025,6,Jun
694,2025-06-17,Community Outreach,Youth Policy,Yekaterinburg,Female,25-34,Participant,No,No,No,Basic,No,0,0,0,0,2025,6,Jun
1358,2025-06-17,Public Event,Social Policy,Pervouralsk,Female,25-34,Participant,No,No,No,Basic,No,0,0,0,0,2025,6,Jun
1367,2025-06-17,Campaign Activity,Transport,Kamensk-Uralsky,Female,25-34,Participant,No,No,No,Basic,No,0,0,0,0,2025,6,Jun
2637,2025-06-17,Campaign Activity,Social Policy,Kamensk-Uralsky,Female,35-44,Participant,No,No,No,Basic,No,0,0,0,0,2025,6,Jun
3081,2025-06-17,Government Interaction,Economic Policy,Revda,Female,35-44,Participant,No,No,No,Basic,No,0,0,0,0,2025,6,Jun
6,2025-06-18,Meeting,Housing,Nizhny Tagil,Male,45-54,Coordinator,Yes,Yes,Yes,Leadership,Yes,1,1,1,1,2025,6,Jun
166,2025-06-18,Survey,Healthcare,Yekaterinburg,Female,18-24,Participant,No,No,No,Basic,No,0,0,0,0,2025,6,Jun
1263,2025-06-18,Public Event,Economic Policy,Yekaterinburg,Female,25-34,Volunteer,No,No,No,Basic,No,0,0,0,0,2025,6,Jun
1501,2025-06-18,Community Outreach,Social Policy,Yekaterinburg,Male,18-24,Analyst,No,No,Yes,Professional,No,0,0,0,1,2025,6,Jun
2078,2025-06-19,Community Outreach,Gender Equality,Yekaterinburg,Female,35-44,Volunteer,No,No,No,Basic,No,0,0,0,0,2025,6,Jun
2497,2025-06-19,Meeting,Education,Yekaterinburg,Male,35-44,Organizer,Yes,No,Yes,Leadership,Yes,1,1,0,1,2025,6,Jun
3367,2025-06-19,Community Outreach,Healthcare,Revda,Male,35-44,Participant,No,No,No,Basic,No,0,0,0,0,2025,6,Jun
3538,2025-06-19,Public Event,Social Policy,Yekaterinburg,Male,25-34,Participant,No,No,No,Basic,No,0,0,0,0,2025,6,Jun
324,2025-06-20,Media Activity,Transport,Nizhny Tagil,Male,25-34,Volunteer,No,No,No,Basic,No,0,0,0,0,2025,6,Jun
703,2025-06-20,Media Activity,Youth Policy,Asbest,Female,55+,Analyst,Yes,No,No,Professional,No,0,1,0,0,2025,6,Jun
773,2025-06-20,Community Outreach,Housing,Nizhny Tagil,Male,18-24,Participant,No,No,No,Basic,No,0,0,0,0,2025,6,Jun
1105,2025-06-20,Meeting,Healthcare,Pervouralsk,Female,18-24,Participant,Yes,No,No,Basic,No,0,1,0,0,2025,6,Jun
1526,2025-06-20,Meeting,Gender Equality,Yekaterinburg,Female,55+,Coordinator,No,No,Yes,Leadership,Yes,1,0,0,1,2025,6,Jun
1794,2025-06-20,Campaign Activity,Housing,Asbest,Male,45-54,Participant,No,No,No,Basic,No,0,0,0,0,2025,6,Jun
2044,2025-06-20,Campaign Activity,Transport,Yekaterinburg,Male,35-44,Participant,No,No,No,Basic,No,0,0,0,0,2025,6,Jun
2341,2025-06-20,Government Interaction,Local Government,Pervouralsk,Female,35-44,Participant,No,No,No,Basic,No,0,0,0,0,2025,6,Jun
2929,2025-06-20,Community Outreach,Entrepreneurship,Nizhny Tagil,Female,25-34,Participant,No,No,No,Basic,No,0,0,0,0,2025,6,Jun
530,2025-06-21,Educational Event,Social Policy,Yekaterinburg,Female,18-24,Participant,No,No,No,Basic,No,0,0,0,0,2025,6,Jun
1041,2025-06-21,Public Event,Economic Policy,Yekaterinburg,Female,18-24,Volunteer,No,No,No,Basic,No,0,0,0,0,2025,6,Jun
1964,2025-06-21,Meeting,Transport,Nizhny Tagil,Female,45-54,Analyst,No,No,No,Professional,No,0,0,0,0,2025,6,Jun
3600,2025-06-21,Government Interaction,Gender Equality,Yekaterinburg,Female,25-34,Organizer,No,No,Yes,Leadership,Yes,1,0,0,1,2025,6,Jun
1621,2025-06-22,Meeting,Local Government,Yekaterinburg,Female,25-34,Volunteer,No,Yes,No,Basic,No,0,0,1,0,2025,6,Jun
2446,2025-06-22,Campaign Activity,Gender Equality,Yekaterinburg,Male,45-54,Participant,Yes,Yes,No,Basic,No,0,1,1,0,2025,6,Jun
2460,2025-06-22,Educational Event,Youth Policy,Yekaterinburg,Male,18-24,Organizer,No,Yes,Yes,Leadership,Yes,1,0,1,1,2025,6,Jun
43,2025-06-23,Educational Event,Economic Policy,Yekaterinburg,Male,25-34,Volunteer,No,No,No,Basic,No,0,0,0,0,2025,6,Jun
330,2025-06-23,Educational Event,Healthcare,Pervouralsk,Female,35-44,Participant,No,No,No,Basic,No,0,0,0,0,2025,6,Jun
435,2025-06-23,Meeting,Healthcare,Kamensk-Uralsky,Female,18-24,Coordinator,Yes,Yes,Yes,Leadership,Yes,1,1,1,1,2025,6,Jun
837,2025-06-23,Educational Event,Healthcare,Yekaterinburg,Male,25-34,Participant,No,No,No,Basic,No,0,0,0,0,2025,6,Jun
1584,2025-06-23,Government Interaction,Social Policy,Yekaterinburg,Female,25-34,Participant,No,No,No,Basic,No,0,0,0,0,2025,6,Jun
1913,2025-06-23,Campaign Activity,Education,Pervouralsk,Male,35-44,Participant,No,No,No,Basic,No,0,0,0,0,2025,6,Jun
2034,2025-06-23,Meeting,Entrepreneurship,Yekaterinburg,Female,45-54,Participant,No,No,No,Basic,No,0,0,0,0,2025,6,Jun
2039,2025-06-23,Meeting,Transport,Yekaterinburg,Male,25-34,Participant,No,No,No,Basic,No,0,0,0,0,2025,6,Jun
2092,2025-06-23,Meeting,Healthcare,Yekaterinburg,Male,18-24,Coordinator,Yes,Yes,Yes,Leadership,Yes,1,1,1,1,2025,6,Jun
2124,2025-06-23,Educational Event,Housing,Yekaterinburg,Female,35-44,Speaker,No,Yes,No,Visible,No,0,0,1,0,2025,6,Jun
2214,2025-06-23,Government Interaction,Gender Equality,Yekaterinburg,Male,18-24,Analyst,Yes,No,No,Professional,No,0,1,0,0,2025,6,Jun
2952,2025-06-23,Public Event,Transport,Yekaterinburg,Male,25-34,Analyst,No,No,No,Professional,No,0,0,0,0,2025,6,Jun
3099,2025-06-23,Government Interaction,Transport,Serov,Female,35-44,Organizer,No,No,Yes,Leadership,Yes,1,0,0,1,2025,6,Jun
3265,2025-06-23,Community Outreach,Youth Policy,Nizhny Tagil,Female,35-44,Participant,No,No,No,Basic,No,0,0,0,0,2025,6,Jun
107,2025-06-24,Campaign Activity,Local Government,Yekaterinburg,Female,25-34,Participant,No,No,No,Basic,No,0,0,0,0,2025,6,Jun
286,2025-06-24,Meeting,Entrepreneurship,Yekaterinburg,Female,45-54,Participant,No,No,No,Basic,No,0,0,0,0,2025,6,Jun
395,2025-06-24,Public Event,Gender Equality,Nizhny Tagil,Female,45-54,Participant,No,No,No,Basic,No,0,0,0,0,2025,6,Jun
626,2025-06-24,Educational Event,Housing,Nizhny Tagil,Female,25-34,Participant,No,No,No,Basic,No,0,0,0,0,2025,6,Jun
1126,2025-06-24,Campaign Activity,Education,Yekaterinburg,Male,55+,Organizer,Yes,Yes,Yes,Leadership,Yes,1,1,1,1,2025,6,Jun
2233,2025-06-24,Campaign Activity,Local Government,Yekaterinburg,Female,45-54,Volunteer,No,No,No,Basic,No,0,0,0,0,2025,6,Jun
2381,2025-06-24,Community Outreach,Housing,Pervouralsk,Male,18-24,Speaker,No,Yes,No,Visible,No,0,0,1,0,2025,6,Jun
3053,2025-06-24,Government Interaction,Entrepreneurship,Yekaterinburg,Male,45-54,Organizer,Yes,Yes,Yes,Leadership,Yes,1,1,1,1,2025,6,Jun
3160,2025-06-24,Public Event,Education,Asbest,Female,25-34,Participant,Yes,No,No,Basic,No,0,1,0,0,2025,6,Jun
3491,2025-06-24,Community Outreach,Economic Policy,Yekaterinburg,Male,25-34,Participant,No,Yes,No,Basic,No,0,0,1,0,2025,6,Jun
752,2025-06-25,Meeting,Social Policy,Serov,Female,45-54,Coordinator,No,No,Yes,Leadership,Yes,1,0,0,1,2025,6,Jun
2511,2025-06-25,Meeting,Youth Policy,Yekaterinburg,Female,25-34,Participant,No,No,No,Basic,No,0,0,0,0,2025,6,Jun
16,2025-06-26,Government Interaction,Housing,Serov,Female,45-54,Volunteer,No,No,No,Basic,No,0,0,0,0,2025,6,Jun
1439,2025-06-26,Educational Event,Local Government,Revda,Male,45-54,Participant,Yes,No,No,Basic,No,0,1,0,0,2025,6,Jun
2017,2025-06-26,Campaign Activity,Entrepreneurship,Yekaterinburg,Female,25-34,Participant,No,No,No,Basic,No,0,0,0,0,2025,6,Jun
2264,2025-06-26,Survey,Gender Equality,Yekaterinburg,Female,18-24,Coordinator,Yes,No,Yes,Leadership,Yes,1,1,0,1,2025,6,Jun
2479,2025-06-26,Meeting,Healthcare,Kamensk-Uralsky,Female,35-44,Participant,No,No,No,Basic,No,0,0,0,0,2025,6,Jun
177,2025-06-27,Government Interaction,Local Government,Yekaterinburg,Female,25-34,Participant,No,No,No,Basic,No,0,0,0,0,2025,6,Jun
859,2025-06-27,Meeting,Local Government,Yekaterinburg,Female,35-44,Participant,No,No,No,Basic,No,0,0,0,0,2025,6,Jun
1736,2025-06-27,Survey,Economic Policy,Yekaterinburg,Male,18-24,Speaker,No,Yes,No,Visible,No,0,0,1,0,2025,6,Jun
2116,2025-06-27,Meeting,Education,Yekaterinburg,Male,18-24,Participant,No,No,No,Basic,No,0,0,0,0,2025,6,Jun
2416,2025-06-27,Meeting,Transport,Nizhny Tagil,Female,45-54,Speaker,No,Yes,No,Visible,No,0,0,1,0,2025,6,Jun
2805,2025-06-27,Meeting,Education,Nizhny Tagil,Female,35-44,Participant,No,No,No,Basic,No,0,0,0,0,2025,6,Jun
3364,2025-06-27,Campaign Activity,Social Policy,Pervouralsk,Male,55+,Speaker,No,Yes,No,Visible,No,0,0,1,0,2025,6,Jun
454,2025-06-28,Campaign Activity,Social Policy,Pervouralsk,Female,25-34,Coordinator,Yes,No,Yes,Leadership,Yes,1,1,0,1,2025,6,Jun
865,2025-06-28,Meeting,Social Policy,Yekaterinburg,Female,35-44,Coordinator,No,Yes,Yes,Leadership,Yes,1,0,1,1,2025,6,Jun
1495,2025-06-28,Media Activity,Housing,Revda,Female,18-24,Analyst,No,Yes,Yes,Professional,No,0,0,1,1,2025,6,Jun
1974,2025-06-28,Educational Event,Local Government,Yekaterinburg,Female,25-34,Speaker,Yes,Yes,No,Visible,No,0,1,1,0,2025,6,Jun
2643,2025-06-28,Meeting,Education,Yekaterinburg,Male,18-24,Speaker,No,Yes,No,Visible,No,0,0,1,0,2025,6,Jun
3572,2025-06-28,Community Outreach,Transport,Revda,Female,18-24,Participant,No,No,No,Basic,No,0,0,0,0,2025,6,Jun
364,2025-06-29,Public Event,Local Government,Yekaterinburg,Female,45-54,Volunteer,No,No,No,Basic,No,0,0,0,0,2025,6,Jun
761,2025-06-29,Public Event,Healthcare,Serov,Male,18-24,Volunteer,No,No,No,Basic,No,0,0,0,0,2025,6,Jun
794,2025-06-29,Government Interaction,Education,Yekaterinburg,Female,18-24,Analyst,No,No,Yes,Professional,No,0,0,0,1,2025,6,Jun
1384,2025-06-29,Meeting,Social Policy,Kamensk-Uralsky,Male,35-44,Coordinator,Yes,Yes,Yes,Leadership,Yes,1,1,1,1,2025,6,Jun
2271,2025-06-29,Community Outreach,Education,Yekaterinburg,Male,35-44,Coordinator,Yes,Yes,Yes,Leadership,Yes,1,1,1,1,2025,6,Jun
2502,2025-06-29,Meeting,Social Policy,Yekaterinburg,Male,25-34,Participant,No,No,No,Basic,No,0,0,0,0,2025,6,Jun
272,2025-06-30,Public Event,Social Policy,Nizhny Tagil,Female,18-24,Analyst,Yes,No,No,Professional,No,0,1,0,0,2025,6,Jun
802,2025-06-30,Survey,Social Policy,Pervouralsk,Female,25-34,Participant,No,No,No,Basic,No,0,0,0,0,2025,6,Jun
1075,2025-06-30,Government Interaction,Housing,Yekaterinburg,Male,35-44,Participant,No,No,No,Basic,No,0,0,0,0,2025,6,Jun
1411,2025-06-30,Public Event,Local Government,Yekaterinburg,Male,45-54,Organizer,Yes,Yes,Yes,Leadership,Yes,1,1,1,1,2025,6,Jun
1854,2025-06-30,Meeting,Economic Policy,Nizhny Tagil,Male,35-44,Organizer,Yes,No,Yes,Leadership,Yes,1,1,0,1,2025,6,Jun
2195,2025-06-30,Survey,Housing,Pervouralsk,Male,25-34,Volunteer,No,No,No,Basic,No,0,0,0,0,2025,6,Jun
2367,2025-06-30,Survey,Entrepreneurship,Yekaterinburg,Female,45-54,Participant,No,No,No,Basic,No,0,0,0,0,2025,6,Jun
2468,2025-06-30,Public Event,Gender Equality,Yekaterinburg,Male,45-54,Participant,No,No,No,Basic,No,0,0,0,0,2025,6,Jun
3132,2025-06-30,Community Outreach,Economic Policy,Yekaterinburg,Male,35-44,Volunteer,No,Yes,No,Basic,No,0,0,1,0,2025,6,Jun
399,2025-07-01,Campaign Activity,Healthcare,Kamensk-Uralsky,Female,45-54,Organizer,No,Yes,Yes,Leadership,Yes,1,0,1,1,2025,7,Jul
1769,2025-07-01,Educational Event,Transport,Kamensk-Uralsky,Female,55+,Coordinator,Yes,Yes,Yes,Leadership,Yes,1,1,1,1,2025,7,Jul
2896,2025-07-01,Meeting,Education,Yekaterinburg,Female,35-44,Volunteer,No,No,No,Basic,No,0,0,0,0,2025,7,Jul
3535,2025-07-01,Public Event,Economic Policy,Yekaterinburg,Male,25-34,Volunteer,No,No,No,Basic,No,0,0,0,0,2025,7,Jul
1555,2025-07-02,Meeting,Youth Policy,Kamensk-Uralsky,Female,25-34,Participant,No,No,No,Basic,No,0,0,0,0,2025,7,Jul
92,2025-07-03,Community Outreach,Social Policy,Yekaterinburg,Male,35-44,Speaker,No,Yes,No,Visible,No,0,0,1,0,2025,7,Jul
240,2025-07-03,Public Event,Local Government,Asbest,Female,55+,Participant,No,No,No,Basic,No,0,0,0,0,2025,7,Jul
2768,2025-07-03,Public Event,Housing,Nizhny Tagil,Male,35-44,Participant,No,No,No,Basic,No,0,0,0,0,2025,7,Jul
520,2025-07-04,Community Outreach,Gender Equality,Yekaterinburg,Male,35-44,Participant,No,No,No,Basic,No,0,0,0,0,2025,7,Jul
729,2025-07-04,Educational Event,Housing,Pervouralsk,Female,18-24,Participant,No,Yes,No,Basic,No,0,0,1,0,2025,7,Jul
1014,2025-07-04,Campaign Activity,Healthcare,Yekaterinburg,Male,35-44,Speaker,Yes,Yes,No,Visible,No,0,1,1,0,2025,7,Jul
1251,2025-07-04,Public Event,Gender Equality,Kamensk-Uralsky,Female,25-34,Participant,No,No,No,Basic,No,0,0,0,0,2025,7,Jul
2158,2025-07-04,Community Outreach,Social Policy,Serov,Female,45-54,Coordinator,Yes,No,Yes,Leadership,Yes,1,1,0,1,2025,7,Jul
2493,2025-07-04,Community Outreach,Healthcare,Yekaterinburg,Female,25-34,Participant,No,No,No,Basic,No,0,0,0,0,2025,7,Jul
182,2025-07-05,Educational Event,Local Government,Yekaterinburg,Male,35-44,Participant,No,No,No,Basic,No,0,0,0,0,2025,7,Jul
279,2025-07-05,Meeting,Gender Equality,Yekaterinburg,Male,35-44,Participant,No,No,No,Basic,No,0,0,0,0,2025,7,Jul
559,2025-07-05,Campaign Activity,Local Government,Yekaterinburg,Male,45-54,Participant,No,No,No,Basic,No,0,0,0,0,2025,7,Jul
1466,2025-07-05,Community Outreach,Housing,Serov,Male,35-44,Analyst,No,No,No,Professional,No,0,0,0,0,2025,7,Jul
2403,2025-07-05,Community Outreach,Gender Equality,Yekaterinburg,Male,25-34,Participant,No,No,No,Basic,No,0,0,0,0,2025,7,Jul
2934,2025-07-05,Meeting,Economic Policy,Pervouralsk,Male,55+,Analyst,Yes,No,No,Professional,No,0,1,0,0,2025,7,Jul
3346,2025-07-05,Survey,Housing,Yekaterinburg,Male,25-34,Volunteer,No,No,No,Basic,No,0,0,0,0,2025,7,Jul
73,2025-07-06,Public Event,Social Policy,Pervouralsk,Male,18-24,Participant,No,No,No,Basic,No,0,0,0,0,2025,7,Jul
316,2025-07-06,Public Event,Healthcare,Revda,Female,55+,Speaker,No,Yes,Yes,Visible,No,0,0,1,1,2025,7,Jul
686,2025-07-06,Meeting,Gender Equality,Yekaterinburg,Female,35-44,Participant,No,No,No,Basic,No,0,0,0,0,2025,7,Jul
2610,2025-07-06,Educational Event,Gender Equality,Yekaterinburg,Female,45-54,Analyst,No,No,No,Professional,No,0,0,0,0,2025,7,Jul
2792,2025-07-06,Community Outreach,Transport,Pervouralsk,Female,25-34,Volunteer,No,No,No,Basic,No,0,0,0,0,2025,7,Jul
3005,2025-07-06,Survey,Economic Policy,Yekaterinburg,Female,35-44,Speaker,No,Yes,No,Visible,No,0,0,1,0,2025,7,Jul
3104,2025-07-06,Meeting,Economic Policy,Pervouralsk,Male,45-54,Participant,No,No,No,Basic,No,0,0,0,0,2025,7,Jul
3111,2025-07-06,Meeting,Entrepreneurship,Yekaterinburg,Female,55+,Participant,No,No,No,Basic,No,0,0,0,0,2025,7,Jul
3463,2025-07-06,Public Event,Entrepreneurship,Yekaterinburg,Female,35-44,Participant,No,No,No,Basic,No,0,0,0,0,2025,7,Jul
3494,2025-07-06,Survey,Housing,Kamensk-Uralsky,Male,18-24,Analyst,No,No,No,Professional,No,0,0,0,0,2025,7,Jul
824,2025-07-07,Public Event,Transport,Yekaterinburg,Male,35-44,Volunteer,No,No,No,Basic,No,0,0,0,0,2025,7,Jul
1106,2025-07-07,Public Event,Social Policy,Yekaterinburg,Male,45-54,Participant,No,No,No,Basic,No,0,0,0,0,2025,7,Jul
1174,2025-07-07,Campaign Activity,Gender Equality,Yekaterinburg,Male,35-44,Participant,No,Yes,No,Basic,No,0,0,1,0,2025,7,Jul
1487,2025-07-07,Survey,Education,Yekaterinburg,Male,18-24,Coordinator,Yes,Yes,Yes,Leadership,Yes,1,1,1,1,2025,7,Jul
2043,2025-07-07,Survey,Social Policy,Nizhny Tagil,Male,35-44,Analyst,No,No,Yes,Professional,No,0,0,0,1,2025,7,Jul
2118,2025-07-07,Media Activity,Transport,Yekaterinburg,Female,35-44,Participant,No,No,No,Basic,No,0,0,0,0,2025,7,Jul
115,2025-07-08,Educational Event,Local Government,Yekaterinburg,Female,18-24,Participant,No,No,No,Basic,No,0,0,0,0,2025,7,Jul
1278,2025-07-08,Government Interaction,Transport,Yekaterinburg,Female,25-34,Participant,No,No,No,Basic,No,0,0,0,0,2025,7,Jul
2539,2025-07-08,Meeting,Transport,Kamensk-Uralsky,Female,45-54,Volunteer,No,Yes,No,Basic,No,0,0,1,0,2025,7,Jul
2983,2025-07-08,Survey,Youth Policy,Yekaterinburg,Female,35-44,Organizer,Yes,No,Yes,Leadership,Yes,1,1,0,1,2025,7,Jul
849,2025-07-09,Community Outreach,Social Policy,Yekaterinburg,Female,45-54,Analyst,No,Yes,No,Professional,No,0,0,1,0,2025,7,Jul
1842,2025-07-09,Educational Event,Local Government,Pervouralsk,Male,35-44,Analyst,No,No,No,Professional,No,0,0,0,0,2025,7,Jul
2267,2025-07-09,Educational Event,Transport,Yekaterinburg,Male,25-34,Participant,No,No,No,Basic,No,0,0,0,0,2025,7,Jul
2384,2025-07-09,Campaign Activity,Economic Policy,Yekaterinburg,Female,35-44,Coordinator,Yes,Yes,Yes,Leadership,Yes,1,1,1,1,2025,7,Jul
2494,2025-07-09,Community Outreach,Economic Policy,Yekaterinburg,Male,45-54,Analyst,Yes,Yes,No,Professional,No,0,1,1,0,2025,7,Jul
2628,2025-07-09,Public Event,Social Policy,Asbest,Female,35-44,Analyst,No,Yes,No,Professional,No,0,0,1,0,2025,7,Jul
3069,2025-07-09,Meeting,Social Policy,Yekaterinburg,Male,25-34,Participant,No,No,No,Basic,No,0,0,0,0,2025,7,Jul
357,2025-07-10,Media Activity,Economic Policy,Asbest,Male,25-34,Participant,No,No,No,Basic,No,0,0,0,0,2025,7,Jul
360,2025-07-10,Campaign Activity,Local Government,Yekaterinburg,Male,45-54,Participant,No,No,No,Basic,No,0,0,0,0,2025,7,Jul
679,2025-07-10,Public Event,Education,Yekaterinburg,Female,25-34,Coordinator,Yes,Yes,Yes,Leadership,Yes,1,1,1,1,2025,7,Jul
699,2025-07-10,Community Outreach,Gender Equality,Yekaterinburg,Male,25-34,Participant,No,Yes,No,Basic,No,0,0,1,0,2025,7,Jul
2063,2025-07-10,Community Outreach,Youth Policy,Yekaterinburg,Male,45-54,Participant,No,No,No,Basic,No,0,0,0,0,2025,7,Jul
2457,2025-07-10,Meeting,Youth Policy,Yekaterinburg,Male,45-54,Analyst,Yes,No,No,Professional,No,0,1,0,0,2025,7,Jul
2500,2025-07-10,Meeting,Transport,Yekaterinburg,Male,25-34,Participant,No,No,No,Basic,No,0,0,0,0,2025,7,Jul
2688,2025-07-10,Media Activity,Social Policy,Yekaterinburg,Male,18-24,Participant,No,No,No,Basic,No,0,0,0,0,2025,7,Jul
2830,2025-07-10,Meeting,Healthcare,Yekaterinburg,Male,45-54,Analyst,Yes,No,No,Professional,No,0,1,0,0,2025,7,Jul
2939,2025-07-10,Community Outreach,Education,Yekaterinburg,Female,35-44,Volunteer,No,No,No,Basic,No,0,0,0,0,2025,7,Jul
3440,2025-07-10,Media Activity,Transport,Yekaterinburg,Male,18-24,Volunteer,No,No,No,Basic,No,0,0,0,0,2025,7,Jul
372,2025-07-11,Meeting,Transport,Yekaterinburg,Female,25-34,Participant,No,No,No,Basic,No,0,0,0,0,2025,7,Jul
521,2025-07-11,Media Activity,Youth Policy,Revda,Male,25-34,Participant,No,No,No,Basic,No,0,0,0,0,2025,7,Jul
833,2025-07-11,Educational Event,Local Government,Nizhny Tagil,Female,25-34,Coordinator,Yes,No,Yes,Leadership,Yes,1,1,0,1,2025,7,Jul
1013,2025-07-11,Government Interaction,Healthcare,Yekaterinburg,Male,35-44,Speaker,No,Yes,No,Visible,No,0,0,1,0,2025,7,Jul
1670,2025-07-11,Community Outreach,Housing,Yekaterinburg,Male,35-44,Participant,No,No,No,Basic,No,0,0,0,0,2025,7,Jul
475,2025-07-12,Meeting,Economic Policy,Yekaterinburg,Female,18-24,Volunteer,No,Yes,No,Basic,No,0,0,1,0,2025,7,Jul
1946,2025-07-12,Public Event,Youth Policy,Revda,Male,35-44,Speaker,No,Yes,No,Visible,No,0,0,1,0,2025,7,Jul
1981,2025-07-12,Government Interaction,Healthcare,Yekaterinburg,Male,45-54,Participant,No,No,No,Basic,No,0,0,0,0,2025,7,Jul
2281,2025-07-12,Public Event,Economic Policy,Yekaterinburg,Female,18-24,Participant,No,No,No,Basic,No,0,0,0,0,2025,7,Jul
2922,2025-07-12,Campaign Activity,Education,Nizhny Tagil,Female,35-44,Participant,Yes,Yes,No,Basic,No,0,1,1,0,2025,7,Jul
2963,2025-07-12,Meeting,Local Government,Nizhny Tagil,Female,35-44,Volunteer,No,No,No,Basic,No,0,0,0,0,2025,7,Jul
2994,2025-07-12,Survey,Healthcare,Yekaterinburg,Male,25-34,Organizer,Yes,No,Yes,Leadership,Yes,1,1,0,1,2025,7,Jul
1763,2025-07-13,Meeting,Gender Equality,Yekaterinburg,Female,55+,Volunteer,No,Yes,No,Basic,No,0,0,1,0,2025,7,Jul
2475,2025-07-13,Educational Event,Local Government,Yekaterinburg,Female,35-44,Coordinator,Yes,No,Yes,Leadership,Yes,1,1,0,1,2025,7,Jul
295,2025-07-14,Media Activity,Transport,Yekaterinburg,Male,35-44,Analyst,No,No,No,Professional,No,0,0,0,0,2025,7,Jul
325,2025-07-14,Public Event,Transport,Yekaterinburg,Male,55+,Participant,No,No,No,Basic,No,0,0,0,0,2025,7,Jul
892,2025-07-14,Educational Event,Education,Yekaterinburg,Male,45-54,Speaker,Yes,Yes,No,Visible,No,0,1,1,0,2025,7,Jul
966,2025-07-14,Government Interaction,Economic Policy,Yekaterinburg,Male,35-44,Analyst,Yes,No,No,Professional,No,0,1,0,0,2025,7,Jul
573,2025-07-15,Media Activity,Local Government,Yekaterinburg,Male,45-54,Participant,No,No,No,Basic,No,0,0,0,0,2025,7,Jul
724,2025-07-15,Meeting,Education,Yekaterinburg,Male,55+,Organizer,Yes,Yes,Yes,Leadership,Yes,1,1,1,1,2025,7,Jul
759,2025-07-15,Community Outreach,Entrepreneurship,Yekaterinburg,Female,25-34,Participant,No,No,No,Basic,No,0,0,0,0,2025,7,Jul
830,2025-07-15,Meeting,Economic Policy,Yekaterinburg,Female,55+,Participant,No,No,No,Basic,No,0,0,0,0,2025,7,Jul
1386,2025-07-15,Campaign Activity,Healthcare,Yekaterinburg,Female,25-34,Organizer,Yes,No,Yes,Leadership,Yes,1,1,0,1,2025,7,Jul
1640,2025-07-15,Community Outreach,Gender Equality,Yekaterinburg,Male,18-24,Coordinator,Yes,Yes,Yes,Leadership,Yes,1,1,1,1,2025,7,Jul
2098,2025-07-15,Educational Event,Local Government,Nizhny Tagil,Male,45-54,Participant,No,No,No,Basic,No,0,0,0,0,2025,7,Jul
2495,2025-07-15,Media Activity,Gender Equality,Nizhny Tagil,Male,35-44,Participant,No,No,No,Basic,No,0,0,0,0,2025,7,Jul
2575,2025-07-15,Campaign Activity,Transport,Kamensk-Uralsky,Male,18-24,Participant,No,No,No,Basic,No,0,0,0,0,2025,7,Jul
455,2025-07-16,Educational Event,Youth Policy,Yekaterinburg,Female,25-34,Organizer,Yes,Yes,Yes,Leadership,Yes,1,1,1,1,2025,7,Jul
538,2025-07-16,Educational Event,Transport,Yekaterinburg,Female,25-34,Coordinator,No,No,Yes,Leadership,Yes,1,0,0,1,2025,7,Jul
765,2025-07-16,Survey,Youth Policy,Yekaterinburg,Male,25-34,Participant,No,No,No,Basic,No,0,0,0,0,2025,7,Jul
1161,2025-07-16,Community Outreach,Housing,Yekaterinburg,Female,25-34,Volunteer,Yes,No,No,Basic,No,0,1,0,0,2025,7,Jul
1247,2025-07-16,Meeting,Economic Policy,Yekaterinburg,Male,45-54,Participant,No,No,No,Basic,No,0,0,0,0,2025,7,Jul
1952,2025-07-16,Meeting,Entrepreneurship,Revda,Female,18-24,Volunteer,No,No,No,Basic,No,0,0,0,0,2025,7,Jul
2178,2025-07-16,Community Outreach,Local Government,Nizhny Tagil,Male,25-34,Organizer,Yes,Yes,Yes,Leadership,Yes,1,1,1,1,2025,7,Jul
179,2025-07-17,Survey,Entrepreneurship,Kamensk-Uralsky,Male,25-34,Organizer,Yes,Yes,Yes,Leadership,Yes,1,1,1,1,2025,7,Jul
884,2025-07-17,Public Event,Social Policy,Yekaterinburg,Female,18-24,Volunteer,Yes,No,No,Basic,No,0,1,0,0,2025,7,Jul
1149,2025-07-17,Educational Event,Local Government,Yekaterinburg,Male,18-24,Participant,No,No,No,Basic,No,0,0,0,0,2025,7,Jul
1220,2025-07-17,Community Outreach,Housing,Nizhny Tagil,Female,45-54,Participant,No,No,No,Basic,No,0,0,0,0,2025,7,Jul
1764,2025-07-17,Educational Event,Gender Equality,Kamensk-Uralsky,Female,35-44,Coordinator,No,No,Yes,Leadership,Yes,1,0,0,1,2025,7,Jul
2715,2025-07-17,Government Interaction,Entrepreneurship,Serov,Male,25-34,Coordinator,Yes,Yes,Yes,Leadership,Yes,1,1,1,1,2025,7,Jul
3040,2025-07-17,Campaign Activity,Housing,Yekaterinburg,Male,25-34,Volunteer,Yes,No,No,Basic,No,0,1,0,0,2025,7,Jul
601,2025-07-18,Public Event,Housing,Yekaterinburg,Male,45-54,Analyst,No,No,No,Professional,No,0,0,0,0,2025,7,Jul
1739,2025-07-18,Educational Event,Education,Nizhny Tagil,Male,25-34,Participant,No,No,No,Basic,No,0,0,0,0,2025,7,Jul
2536,2025-07-18,Public Event,Youth Policy,Yekaterinburg,Male,35-44,Volunteer,No,No,No,Basic,No,0,0,0,0,2025,7,Jul
2706,2025-07-18,Meeting,Transport,Yekaterinburg,Female,35-44,Coordinator,Yes,Yes,Yes,Leadership,Yes,1,1,1,1,2025,7,Jul
2825,2025-07-18,Meeting,Transport,Nizhny Tagil,Male,25-34,Volunteer,No,No,No,Basic,No,0,0,0,0,2025,7,Jul
3114,2025-07-18,Community Outreach,Education,Yekaterinburg,Male,35-44,Speaker,Yes,Yes,No,Visible,No,0,1,1,0,2025,7,Jul
3292,2025-07-18,Campaign Activity,Youth Policy,Nizhny Tagil,Male,35-44,Volunteer,No,No,No,Basic,No,0,0,0,0,2025,7,Jul
560,2025-07-19,Public Event,Social Policy,Nizhny Tagil,Male,18-24,Coordinator,Yes,No,Yes,Leadership,Yes,1,1,0,1,2025,7,Jul
1533,2025-07-19,Public Event,Gender Equality,Yekaterinburg,Male,45-54,Volunteer,No,No,No,Basic,No,0,0,0,0,2025,7,Jul
1733,2025-07-19,Public Event,Housing,Nizhny Tagil,Male,18-24,Participant,No,No,No,Basic,No,0,0,0,0,2025,7,Jul
2523,2025-07-19,Government Interaction,Economic Policy,Serov,Female,18-24,Participant,No,No,No,Basic,No,0,0,0,0,2025,7,Jul
2660,2025-07-19,Public Event,Education,Asbest,Female,18-24,Volunteer,No,No,No,Basic,No,0,0,0,0,2025,7,Jul
2877,2025-07-19,Survey,Housing,Kamensk-Uralsky,Female,25-34,Organizer,Yes,No,Yes,Leadership,Yes,1,1,0,1,2025,7,Jul
3196,2025-07-19,Community Outreach,Gender Equality,Yekaterinburg,Female,35-44,Participant,No,No,No,Basic,No,0,0,0,0,2025,7,Jul
3473,2025-07-19,Public Event,Social Policy,Yekaterinburg,Male,25-34,Analyst,No,No,No,Professional,No,0,0,0,0,2025,7,Jul
491,2025-07-20,Meeting,Transport,Yekaterinburg,Male,25-34,Participant,Yes,No,No,Basic,No,0,1,0,0,2025,7,Jul
822,2025-07-20,Meeting,Transport,Revda,Male,45-54,Speaker,No,Yes,Yes,Visible,No,0,0,1,1,2025,7,Jul
1908,2025-07-20,Campaign Activity,Entrepreneurship,Yekaterinburg,Female,18-24,Participant,No,No,No,Basic,No,0,0,0,0,2025,7,Jul
2139,2025-07-20,Media Activity,Entrepreneurship,Yekaterinburg,Male,25-34,Speaker,Yes,Yes,No,Visible,No,0,1,1,0,2025,7,Jul
3201,2025-07-20,Campaign Activity,Healthcare,Serov,Male,35-44,Participant,No,No,No,Basic,No,0,0,0,0,2025,7,Jul
3421,2025-07-20,Media Activity,Entrepreneurship,Yekaterinburg,Male,25-34,Analyst,No,Yes,No,Professional,No,0,0,1,0,2025,7,Jul
3525,2025-07-20,Public Event,Education,Pervouralsk,Male,35-44,Coordinator,Yes,Yes,Yes,Leadership,Yes,1,1,1,1,2025,7,Jul
3599,2025-07-20,Government Interaction,Transport,Pervouralsk,Male,25-34,Speaker,No,Yes,No,Visible,No,0,0,1,0,2025,7,Jul
165,2025-07-21,Meeting,Transport,Yekaterinburg,Male,25-34,Participant,No,No,No,Basic,No,0,0,0,0,2025,7,Jul
342,2025-07-21,Meeting,Education,Yekaterinburg,Male,25-34,Coordinator,Yes,No,Yes,Leadership,Yes,1,1,0,1,2025,7,Jul
948,2025-07-21,Public Event,Economic Policy,Yekaterinburg,Male,25-34,Participant,No,No,No,Basic,No,0,0,0,0,2025,7,Jul
1229,2025-07-21,Survey,Entrepreneurship,Yekaterinburg,Male,25-34,Coordinator,Yes,Yes,Yes,Leadership,Yes,1,1,1,1,2025,7,Jul
1579,2025-07-21,Community Outreach,Economic Policy,Yekaterinburg,Male,25-34,Participant,No,No,No,Basic,No,0,0,0,0,2025,7,Jul
1611,2025-07-21,Campaign Activity,Housing,Yekaterinburg,Female,45-54,Participant,No,No,No,Basic,No,0,0,0,0,2025,7,Jul
3240,2025-07-21,Educational Event,Entrepreneurship,Kamensk-Uralsky,Female,35-44,Analyst,Yes,No,No,Professional,No,0,1,0,0,2025,7,Jul
3557,2025-07-21,Educational Event,Transport,Yekaterinburg,Male,25-34,Participant,No,No,No,Basic,No,0,0,0,0,2025,7,Jul
291,2025-07-22,Meeting,Transport,Yekaterinburg,Male,35-44,Volunteer,No,No,No,Basic,No,0,0,0,0,2025,7,Jul
300,2025-07-22,Meeting,Healthcare,Yekaterinburg,Male,25-34,Participant,No,No,No,Basic,No,0,0,0,0,2025,7,Jul
1010,2025-07-22,Media Activity,Economic Policy,Yekaterinburg,Female,25-34,Speaker,No,Yes,Yes,Visible,No,0,0,1,1,2025,7,Jul
1896,2025-07-22,Public Event,Education,Asbest,Female,35-44,Coordinator,No,No,Yes,Leadership,Yes,1,0,0,1,2025,7,Jul
2059,2025-07-22,Meeting,Economic Policy,Revda,Female,25-34,Volunteer,No,No,No,Basic,No,0,0,0,0,2025,7,Jul
2156,2025-07-22,Community Outreach,Transport,Yekaterinburg,Male,45-54,Organizer,Yes,Yes,Yes,Leadership,Yes,1,1,1,1,2025,7,Jul
2732,2025-07-22,Media Activity,Local Government,Yekaterinburg,Female,35-44,Participant,No,No,No,Basic,No,0,0,0,0,2025,7,Jul
3031,2025-07-22,Government Interaction,Gender Equality,Yekaterinburg,Male,35-44,Analyst,Yes,No,No,Professional,No,0,1,0,0,2025,7,Jul
376,2025-07-23,Public Event,Healthcare,Yekaterinburg,Female,18-24,Volunteer,No,No,No,Basic,No,0,0,0,0,2025,7,Jul
571,2025-07-23,Media Activity,Housing,Yekaterinburg,Female,55+,Coordinator,No,No,Yes,Leadership,Yes,1,0,0,1,2025,7,Jul
591,2025-07-23,Meeting,Gender Equality,Nizhny Tagil,Male,25-34,Participant,No,No,No,Basic,No,0,0,0,0,2025,7,Jul
792,2025-07-23,Survey,Entrepreneurship,Yekaterinburg,Female,45-54,Organizer,No,No,Yes,Leadership,Yes,1,0,0,1,2025,7,Jul
1040,2025-07-23,Public Event,Economic Policy,Yekaterinburg,Female,18-24,Coordinator,No,No,Yes,Leadership,Yes,1,0,0,1,2025,7,Jul
1424,2025-07-23,Community Outreach,Healthcare,Yekaterinburg,Female,25-34,Analyst,Yes,No,No,Professional,No,0,1,0,0,2025,7,Jul
1907,2025-07-23,Meeting,Youth Policy,Nizhny Tagil,Female,45-54,Volunteer,No,No,No,Basic,No,0,0,0,0,2025,7,Jul
1950,2025-07-23,Campaign Activity,Housing,Yekaterinburg,Male,18-24,Organizer,Yes,No,Yes,Leadership,Yes,1,1,0,1,2025,7,Jul
133,2025-07-24,Community Outreach,Social Policy,Yekaterinburg,Male,25-34,Participant,No,No,No,Basic,No,0,0,0,0,2025,7,Jul
877,2025-07-24,Community Outreach,Youth Policy,Kamensk-Uralsky,Female,25-34,Participant,No,No,No,Basic,No,0,0,0,0,2025,7,Jul
1772,2025-07-24,Media Activity,Entrepreneurship,Yekaterinburg,Male,25-34,Participant,No,No,No,Basic,No,0,0,0,0,2025,7,Jul
2284,2025-07-24,Media Activity,Youth Policy,Yekaterinburg,Male,18-24,Participant,No,No,No,Basic,No,0,0,0,0,2025,7,Jul
2638,2025-07-24,Government Interaction,Youth Policy,Nizhny Tagil,Female,35-44,Participant,No,No,No,Basic,No,0,0,0,0,2025,7,Jul
15,2025-07-25,Community Outreach,Housing,Asbest,Female,18-24,Participant,No,No,No,Basic,No,0,0,0,0,2025,7,Jul
59,2025-07-25,Educational Event,Transport,Yekaterinburg,Female,55+,Organizer,No,No,Yes,Leadership,Yes,1,0,0,1,2025,7,Jul
161,2025-07-25,Media Activity,Healthcare,Yekaterinburg,Female,45-54,Coordinator,No,Yes,Yes,Leadership,Yes,1,0,1,1,2025,7,Jul
580,2025-07-25,Educational Event,Housing,Yekaterinburg,Female,55+,Participant,No,No,No,Basic,No,0,0,0,0,2025,7,Jul
1581,2025-07-25,Government Interaction,Healthcare,Kamensk-Uralsky,Male,25-34,Participant,No,No,No,Basic,No,0,0,0,0,2025,7,Jul
2262,2025-07-25,Meeting,Healthcare,Serov,Male,35-44,Participant,No,No,No,Basic,No,0,0,0,0,2025,7,Jul
3380,2025-07-25,Government Interaction,Housing,Yekaterinburg,Male,55+,Organizer,Yes,Yes,Yes,Leadership,Yes,1,1,1,1,2025,7,Jul
427,2025-07-26,Government Interaction,Healthcare,Yekaterinburg,Female,25-34,Analyst,Yes,No,No,Professional,No,0,1,0,0,2025,7,Jul
480,2025-07-26,Campaign Activity,Social Policy,Nizhny Tagil,Female,55+,Participant,No,No,No,Basic,No,0,0,0,0,2025,7,Jul
487,2025-07-26,Community Outreach,Transport,Pervouralsk,Male,25-34,Organizer,Yes,No,Yes,Leadership,Yes,1,1,0,1,2025,7,Jul
542,2025-07-26,Community Outreach,Healthcare,Revda,Male,18-24,Coordinator,Yes,No,Yes,Leadership,Yes,1,1,0,1,2025,7,Jul
960,2025-07-26,Government Interaction,Social Policy,Yekaterinburg,Male,35-44,Participant,No,No,No,Basic,No,0,0,0,0,2025,7,Jul
1002,2025-07-26,Media Activity,Healthcare,Nizhny Tagil,Female,18-24,Analyst,No,No,No,Professional,No,0,0,0,0,2025,7,Jul
1021,2025-07-26,Public Event,Housing,Yekaterinburg,Male,35-44,Organizer,Yes,No,Yes,Leadership,Yes,1,1,0,1,2025,7,Jul
1503,2025-07-26,Meeting,Gender Equality,Yekaterinburg,Female,45-54,Volunteer,Yes,No,No,Basic,No,0,1,0,0,2025,7,Jul
2827,2025-07-26,Meeting,Entrepreneurship,Yekaterinburg,Female,45-54,Coordinator,Yes,Yes,Yes,Leadership,Yes,1,1,1,1,2025,7,Jul
3209,2025-07-26,Campaign Activity,Local Government,Yekaterinburg,Female,18-24,Speaker,No,Yes,No,Visible,No,0,0,1,0,2025,7,Jul
341,2025-07-27,Meeting,Economic Policy,Yekaterinburg,Female,35-44,Participant,No,No,No,Basic,No,0,0,0,0,2025,7,Jul
689,2025-07-27,Media Activity,Economic Policy,Yekaterinburg,Male,35-44,Volunteer,No,No,No,Basic,No,0,0,0,0,2025,7,Jul
1299,2025-07-27,Educational Event,Housing,Pervouralsk,Male,25-34,Participant,No,No,No,Basic,No,0,0,0,0,2025,7,Jul
3370,2025-07-27,Community Outreach,Economic Policy,Yekaterinburg,Female,35-44,Analyst,No,No,Yes,Professional,No,0,0,0,1,2025,7,Jul
3405,2025-07-27,Educational Event,Healthcare,Revda,Male,18-24,Participant,Yes,No,No,Basic,No,0,1,0,0,2025,7,Jul
55,2025-07-28,Public Event,Education,Kamensk-Uralsky,Male,25-34,Participant,Yes,No,No,Basic,No,0,1,0,0,2025,7,Jul
223,2025-07-28,Community Outreach,Youth Policy,Yekaterinburg,Male,18-24,Participant,No,No,No,Basic,No,0,0,0,0,2025,7,Jul
891,2025-07-28,Community Outreach,Housing,Yekaterinburg,Female,25-34,Participant,No,No,No,Basic,No,0,0,0,0,2025,7,Jul
1496,2025-07-28,Community Outreach,Economic Policy,Serov,Male,25-34,Volunteer,No,No,Yes,Basic,No,0,0,0,1,2025,7,Jul
1858,2025-07-28,Community Outreach,Gender Equality,Nizhny Tagil,Female,25-34,Speaker,No,Yes,No,Visible,No,0,0,1,0,2025,7,Jul
2231,2025-07-28,Government Interaction,Youth Policy,Yekaterinburg,Female,25-34,Participant,No,No,No,Basic,No,0,0,0,0,2025,7,Jul
825,2025-07-29,Community Outreach,Housing,Yekaterinburg,Male,25-34,Participant,No,No,No,Basic,No,0,0,0,0,2025,7,Jul
1393,2025-07-29,Government Interaction,Economic Policy,Yekaterinburg,Female,35-44,Participant,No,No,No,Basic,No,0,0,0,0,2025,7,Jul
2845,2025-07-29,Public Event,Healthcare,Yekaterinburg,Female,45-54,Participant,No,No,No,Basic,No,0,0,0,0,2025,7,Jul
3417,2025-07-29,Campaign Activity,Entrepreneurship,Revda,Male,18-24,Speaker,No,Yes,No,Visible,No,0,0,1,0,2025,7,Jul
1534,2025-07-30,Community Outreach,Youth Policy,Nizhny Tagil,Male,35-44,Coordinator,No,No,Yes,Leadership,Yes,1,0,0,1,2025,7,Jul
1698,2025-07-30,Public Event,Youth Policy,Pervouralsk,Male,25-34,Participant,No,No,No,Basic,No,0,0,0,0,2025,7,Jul
2238,2025-07-30,Community Outreach,Local Government,Nizhny Tagil,Female,25-34,Analyst,No,No,No,Professional,No,0,0,0,0,2025,7,Jul
2305,2025-07-30,Campaign Activity,Transport,Kamensk-Uralsky,Female,25-34,Speaker,No,Yes,No,Visible,No,0,0,1,0,2025,7,Jul
2916,2025-07-30,Campaign Activity,Economic Policy,Kamensk-Uralsky,Female,25-34,Participant,No,No,No,Basic,No,0,0,0,0,2025,7,Jul
3475,2025-07-30,Survey,Entrepreneurship,Pervouralsk,Male,35-44,Speaker,No,Yes,No,Visible,No,0,0,1,0,2025,7,Jul
553,2025-07-31,Campaign Activity,Housing,Pervouralsk,Female,25-34,Participant,No,No,No,Basic,No,0,0,0,0,2025,7,Jul
956,2025-07-31,Survey,Social Policy,Yekaterinburg,Male,18-24,Coordinator,Yes,Yes,Yes,Leadership,Yes,1,1,1,1,2025,7,Jul
3251,2025-07-31,Media Activity,Youth Policy,Yekaterinburg,Male,25-34,Participant,No,No,No,Basic,No,0,0,0,0,2025,7,Jul
3454,2025-07-31,Campaign Activity,Transport,Nizhny Tagil,Female,35-44,Participant,No,No,No,Basic,No,0,0,0,0,2025,7,Jul
98,2025-08-01,Meeting,Transport,Yekaterinburg,Female,45-54,Volunteer,No,Yes,No,Basic,No,0,0,1,0,2025,8,Aug
151,2025-08-01,Meeting,Education,Yekaterinburg,Male,55+,Coordinator,Yes,Yes,Yes,Leadership,Yes,1,1,1,1,2025,8,Aug
416,2025-08-01,Community Outreach,Youth Policy,Yekaterinburg,Female,18-24,Volunteer,No,No,No,Basic,No,0,0,0,0,2025,8,Aug
785,2025-08-01,Educational Event,Social Policy,Yekaterinburg,Male,35-44,Participant,No,No,No,Basic,No,0,0,0,0,2025,8,Aug
797,2025-08-01,Meeting,Youth Policy,Yekaterinburg,Female,18-24,Participant,No,No,No,Basic,No,0,0,0,0,2025,8,Aug
1085,2025-08-01,Media Activity,Youth Policy,Pervouralsk,Male,25-34,Organizer,Yes,Yes,Yes,Leadership,Yes,1,1,1,1,2025,8,Aug
2375,2025-08-01,Media Activity,Local Government,Yekaterinburg,Female,18-24,Volunteer,No,No,Yes,Basic,No,0,0,0,1,2025,8,Aug
2702,2025-08-01,Community Outreach,Gender Equality,Kamensk-Uralsky,Male,25-34,Analyst,No,No,No,Professional,No,0,0,0,0,2025,8,Aug
289,2025-08-02,Media Activity,Local Government,Yekaterinburg,Male,45-54,Participant,No,No,No,Basic,No,0,0,0,0,2025,8,Aug
791,2025-08-02,Public Event,Social Policy,Yekaterinburg,Female,45-54,Participant,No,No,No,Basic,No,0,0,0,0,2025,8,Aug
1070,2025-08-02,Public Event,Entrepreneurship,Yekaterinburg,Female,35-44,Volunteer,No,No,No,Basic,No,0,0,0,0,2025,8,Aug
1669,2025-08-02,Media Activity,Economic Policy,Yekaterinburg,Female,35-44,Speaker,No,Yes,No,Visible,No,0,0,1,0,2025,8,Aug
2061,2025-08-02,Campaign Activity,Healthcare,Yekaterinburg,Male,35-44,Organizer,Yes,No,Yes,Leadership,Yes,1,1,0,1,2025,8,Aug
2701,2025-08-02,Public Event,Local Government,Yekaterinburg,Male,18-24,Analyst,Yes,No,No,Professional,No,0,1,0,0,2025,8,Aug
3063,2025-08-02,Meeting,Housing,Nizhny Tagil,Female,45-54,Participant,No,No,No,Basic,No,0,0,0,0,2025,8,Aug
3174,2025-08-02,Media Activity,Gender Equality,Yekaterinburg,Male,18-24,Organizer,Yes,Yes,Yes,Leadership,Yes,1,1,1,1,2025,8,Aug
3478,2025-08-02,Media Activity,Economic Policy,Yekaterinburg,Male,25-34,Participant,No,No,No,Basic,No,0,0,0,0,2025,8,Aug
119,2025-08-03,Media Activity,Local Government,Pervouralsk,Female,25-34,Participant,No,No,No,Basic,No,0,0,0,0,2025,8,Aug
1145,2025-08-03,Meeting,Transport,Yekaterinburg,Female,35-44,Speaker,No,Yes,No,Visible,No,0,0,1,0,2025,8,Aug
1295,2025-08-03,Government Interaction,Social Policy,Yekaterinburg,Female,18-24,Participant,No,No,No,Basic,No,0,0,0,0,2025,8,Aug
1312,2025-08-03,Campaign Activity,Transport,Yekaterinburg,Male,18-24,Organizer,No,No,Yes,Leadership,Yes,1,0,0,1,2025,8,Aug
1334,2025-08-03,Public Event,Housing,Yekaterinburg,Male,25-34,Participant,Yes,No,No,Basic,No,0,1,0,0,2025,8,Aug
1447,2025-08-03,Public Event,Social Policy,Serov,Male,55+,Participant,No,No,No,Basic,No,0,0,0,0,2025,8,Aug
1536,2025-08-03,Community Outreach,Entrepreneurship,Yekaterinburg,Male,25-34,Organizer,Yes,Yes,Yes,Leadership,Yes,1,1,1,1,2025,8,Aug
1998,2025-08-03,Campaign Activity,Economic Policy,Kamensk-Uralsky,Female,25-34,Coordinator,Yes,No,Yes,Leadership,Yes,1,1,0,1,2025,8,Aug
2204,2025-08-03,Community Outreach,Local Government,Yekaterinburg,Female,18-24,Organizer,No,Yes,Yes,Leadership,Yes,1,0,1,1,2025,8,Aug
3134,2025-08-03,Survey,Transport,Kamensk-Uralsky,Female,35-44,Volunteer,No,No,No,Basic,No,0,0,0,0,2025,8,Aug
1046,2025-08-04,Media Activity,Housing,Yekaterinburg,Female,45-54,Coordinator,Yes,No,Yes,Leadership,Yes,1,1,0,1,2025,8,Aug
2946,2025-08-04,Educational Event,Social Policy,Pervouralsk,Female,25-34,Volunteer,No,No,Yes,Basic,No,0,0,0,1,2025,8,Aug
3436,2025-08-04,Community Outreach,Education,Yekaterinburg,Male,45-54,Organizer,Yes,No,Yes,Leadership,Yes,1,1,0,1,2025,8,Aug
3455,2025-08-04,Meeting,Transport,Yekaterinburg,Male,25-34,Analyst,No,No,No,Professional,No,0,0,0,0,2025,8,Aug
3526,2025-08-04,Media Activity,Transport,Yekaterinburg,Female,45-54,Volunteer,No,No,No,Basic,No,0,0,0,0,2025,8,Aug
1647,2025-08-05,Community Outreach,Healthcare,Yekaterinburg,Female,35-44,Organizer,Yes,No,Yes,Leadership,Yes,1,1,0,1,2025,8,Aug
2021,2025-08-06,Campaign Activity,Transport,Yekaterinburg,Male,35-44,Organizer,Yes,No,Yes,Leadership,Yes,1,1,0,1,2025,8,Aug
2196,2025-08-06,Community Outreach,Education,Pervouralsk,Male,35-44,Coordinator,No,Yes,Yes,Leadership,Yes,1,0,1,1,2025,8,Aug
3553,2025-08-06,Media Activity,Housing,Pervouralsk,Female,25-34,Analyst,Yes,No,No,Professional,No,0,1,0,0,2025,8,Aug
678,2025-08-07,Educational Event,Healthcare,Nizhny Tagil,Male,55+,Participant,Yes,No,No,Basic,No,0,1,0,0,2025,8,Aug
872,2025-08-07,Public Event,Housing,Kamensk-Uralsky,Female,35-44,Participant,No,No,No,Basic,No,0,0,0,0,2025,8,Aug
1267,2025-08-07,Public Event,Economic Policy,Yekaterinburg,Female,35-44,Analyst,No,No,No,Professional,No,0,0,0,0,2025,8,Aug
2053,2025-08-07,Community Outreach,Entrepreneurship,Serov,Female,25-34,Coordinator,Yes,Yes,Yes,Leadership,Yes,1,1,1,1,2025,8,Aug
2708,2025-08-07,Educational Event,Transport,Yekaterinburg,Female,45-54,Participant,No,No,No,Basic,No,0,0,0,0,2025,8,Aug
3125,2025-08-07,Campaign Activity,Entrepreneurship,Asbest,Female,55+,Analyst,No,No,No,Professional,No,0,0,0,0,2025,8,Aug
3260,2025-08-07,Meeting,Social Policy,Kamensk-Uralsky,Female,55+,Participant,No,No,No,Basic,No,0,0,0,0,2025,8,Aug
3384,2025-08-07,Survey,Transport,Yekaterinburg,Male,18-24,Participant,Yes,No,No,Basic,No,0,1,0,0,2025,8,Aug
3567,2025-08-07,Government Interaction,Social Policy,Yekaterinburg,Male,35-44,Speaker,No,Yes,No,Visible,No,0,0,1,0,2025,8,Aug
1276,2025-08-08,Community Outreach,Transport,Yekaterinburg,Female,25-34,Participant,No,No,No,Basic,No,0,0,0,0,2025,8,Aug
1284,2025-08-08,Campaign Activity,Education,Revda,Male,25-34,Participant,No,Yes,No,Basic,No,0,0,1,0,2025,8,Aug
2054,2025-08-08,Campaign Activity,Gender Equality,Yekaterinburg,Male,35-44,Participant,No,No,No,Basic,No,0,0,0,0,2025,8,Aug
2562,2025-08-08,Community Outreach,Housing,Yekaterinburg,Male,25-34,Organizer,Yes,No,Yes,Leadership,Yes,1,1,0,1,2025,8,Aug
3062,2025-08-08,Educational Event,Education,Nizhny Tagil,Female,35-44,Participant,No,No,No,Basic,No,0,0,0,0,2025,8,Aug
3100,2025-08-08,Community Outreach,Youth Policy,Pervouralsk,Female,18-24,Volunteer,No,No,No,Basic,No,0,0,0,0,2025,8,Aug
3527,2025-08-08,Public Event,Economic Policy,Nizhny Tagil,Female,45-54,Participant,No,No,No,Basic,No,0,0,0,0,2025,8,Aug
312,2025-08-09,Community Outreach,Local Government,Yekaterinburg,Female,25-34,Participant,No,No,No,Basic,No,0,0,0,0,2025,8,Aug
1099,2025-08-09,Community Outreach,Youth Policy,Yekaterinburg,Male,25-34,Participant,No,No,No,Basic,No,0,0,0,0,2025,8,Aug
1547,2025-08-09,Educational Event,Transport,Pervouralsk,Female,25-34,Volunteer,No,No,No,Basic,No,0,0,0,0,2025,8,Aug
1718,2025-08-09,Media Activity,Transport,Kamensk-Uralsky,Male,35-44,Analyst,Yes,No,No,Professional,No,0,1,0,0,2025,8,Aug
2325,2025-08-09,Community Outreach,Economic Policy,Yekaterinburg,Female,18-24,Organizer,Yes,No,Yes,Leadership,Yes,1,1,0,1,2025,8,Aug
2652,2025-08-09,Public Event,Entrepreneurship,Yekaterinburg,Female,18-24,Participant,No,Yes,No,Basic,No,0,0,1,0,2025,8,Aug
2766,2025-08-09,Campaign Activity,Youth Policy,Yekaterinburg,Male,45-54,Analyst,No,No,No,Professional,No,0,0,0,0,2025,8,Aug
3012,2025-08-09,Public Event,Economic Policy,Yekaterinburg,Male,25-34,Analyst,No,No,Yes,Professional,No,0,0,0,1,2025,8,Aug
200,2025-08-10,Public Event,Gender Equality,Yekaterinburg,Female,35-44,Participant,No,No,No,Basic,No,0,0,0,0,2025,8,Aug
338,2025-08-10,Community Outreach,Social Policy,Yekaterinburg,Male,25-34,Coordinator,Yes,Yes,Yes,Leadership,Yes,1,1,1,1,2025,8,Aug
687,2025-08-10,Educational Event,Education,Serov,Female,45-54,Participant,No,No,No,Basic,No,0,0,0,0,2025,8,Aug
769,2025-08-10,Meeting,Economic Policy,Nizhny Tagil,Female,35-44,Speaker,Yes,Yes,No,Visible,No,0,1,1,0,2025,8,Aug
2045,2025-08-10,Community Outreach,Local Government,Pervouralsk,Male,18-24,Participant,No,No,No,Basic,No,0,0,0,0,2025,8,Aug
2129,2025-08-10,Educational Event,Social Policy,Yekaterinburg,Female,55+,Participant,No,No,No,Basic,No,0,0,0,0,2025,8,Aug
2821,2025-08-10,Campaign Activity,Education,Kamensk-Uralsky,Female,35-44,Volunteer,No,Yes,No,Basic,No,0,0,1,0,2025,8,Aug
3246,2025-08-10,Meeting,Gender Equality,Yekaterinburg,Male,25-34,Coordinator,Yes,Yes,Yes,Leadership,Yes,1,1,1,1,2025,8,Aug
3284,2025-08-10,Survey,Healthcare,Yekaterinburg,Female,45-54,Participant,No,No,No,Basic,No,0,0,0,0,2025,8,Aug
93,2025-08-11,Meeting,Healthcare,Yekaterinburg,Female,55+,Participant,No,No,No,Basic,No,0,0,0,0,2025,8,Aug
914,2025-08-11,Meeting,Transport,Yekaterinburg,Male,25-34,Coordinator,Yes,No,Yes,Leadership,Yes,1,1,0,1,2025,8,Aug
1181,2025-08-11,Public Event,Local Government,Serov,Male,25-34,Speaker,Yes,Yes,No,Visible,No,0,1,1,0,2025,8,Aug
1300,2025-08-11,Survey,Transport,Asbest,Female,35-44,Organizer,No,Yes,Yes,Leadership,Yes,1,0,1,1,2025,8,Aug
1691,2025-08-11,Campaign Activity,Transport,Serov,Male,45-54,Speaker,No,Yes,No,Visible,No,0,0,1,0,2025,8,Aug
1750,2025-08-11,Public Event,Social Policy,Yekaterinburg,Female,45-54,Speaker,Yes,Yes,Yes,Visible,No,0,1,1,1,2025,8,Aug
2015,2025-08-11,Community Outreach,Gender Equality,Asbest,Female,45-54,Participant,No,No,No,Basic,No,0,0,0,0,2025,8,Aug
2449,2025-08-11,Public Event,Healthcare,Nizhny Tagil,Male,35-44,Organizer,Yes,No,Yes,Leadership,Yes,1,1,0,1,2025,8,Aug
3464,2025-08-11,Meeting,Education,Yekaterinburg,Female,25-34,Organizer,No,Yes,Yes,Leadership,Yes,1,0,1,1,2025,8,Aug
674,2025-08-12,Educational Event,Youth Policy,Yekaterinburg,Male,25-34,Speaker,Yes,Yes,No,Visible,No,0,1,1,0,2025,8,Aug
970,2025-08-12,Community Outreach,Housing,Yekaterinburg,Female,45-54,Participant,No,No,No,Basic,No,0,0,0,0,2025,8,Aug
1279,2025-08-12,Campaign Activity,Local Government,Yekaterinburg,Male,45-54,Volunteer,No,No,No,Basic,No,0,0,0,0,2025,8,Aug
2031,2025-08-12,Campaign Activity,Housing,Yekaterinburg,Female,25-34,Participant,No,No,No,Basic,No,0,0,0,0,2025,8,Aug
2581,2025-08-12,Meeting,Local Government,Yekaterinburg,Female,25-34,Participant,No,No,No,Basic,No,0,0,0,0,2025,8,Aug
2760,2025-08-12,Community Outreach,Healthcare,Pervouralsk,Male,25-34,Participant,No,No,No,Basic,No,0,0,0,0,2025,8,Aug
3110,2025-08-12,Meeting,Healthcare,Yekaterinburg,Male,18-24,Participant,No,No,No,Basic,No,0,0,0,0,2025,8,Aug
349,2025-08-13,Educational Event,Education,Nizhny Tagil,Male,25-34,Participant,No,No,No,Basic,No,0,0,0,0,2025,8,Aug
1123,2025-08-13,Public Event,Transport,Yekaterinburg,Male,35-44,Analyst,Yes,No,No,Professional,No,0,1,0,0,2025,8,Aug
1645,2025-08-13,Campaign Activity,Education,Pervouralsk,Female,25-34,Participant,No,No,No,Basic,No,0,0,0,0,2025,8,Aug
2492,2025-08-13,Meeting,Housing,Yekaterinburg,Female,35-44,Volunteer,No,No,No,Basic,No,0,0,0,0,2025,8,Aug
208,2025-08-14,Community Outreach,Economic Policy,Yekaterinburg,Male,55+,Analyst,Yes,No,No,Professional,No,0,1,0,0,2025,8,Aug
238,2025-08-14,Meeting,Economic Policy,Nizhny Tagil,Male,25-34,Speaker,Yes,Yes,No,Visible,No,0,1,1,0,2025,8,Aug
499,2025-08-14,Government Interaction,Local Government,Asbest,Female,45-54,Organizer,Yes,No,Yes,Leadership,Yes,1,1,0,1,2025,8,Aug
1715,2025-08-14,Campaign Activity,Local Government,Pervouralsk,Female,55+,Participant,No,No,No,Basic,No,0,0,0,0,2025,8,Aug
1747,2025-08-14,Government Interaction,Local Government,Yekaterinburg,Male,18-24,Speaker,No,Yes,No,Visible,No,0,0,1,0,2025,8,Aug
1963,2025-08-14,Meeting,Social Policy,Asbest,Male,55+,Analyst,No,No,No,Professional,No,0,0,0,0,2025,8,Aug
2437,2025-08-14,Media Activity,Healthcare,Yekaterinburg,Male,45-54,Organizer,Yes,Yes,Yes,Leadership,Yes,1,1,1,1,2025,8,Aug
2820,2025-08-14,Government Interaction,Healthcare,Yekaterinburg,Male,18-24,Organizer,No,Yes,Yes,Leadership,Yes,1,0,1,1,2025,8,Aug
2854,2025-08-14,Public Event,Local Government,Serov,Female,18-24,Volunteer,No,No,No,Basic,No,0,0,0,0,2025,8,Aug
3462,2025-08-14,Meeting,Gender Equality,Yekaterinburg,Male,25-34,Organizer,Yes,No,Yes,Leadership,Yes,1,1,0,1,2025,8,Aug
789,2025-08-15,Government Interaction,Education,Yekaterinburg,Male,25-34,Analyst,Yes,No,No,Professional,No,0,1,0,0,2025,8,Aug
1069,2025-08-15,Educational Event,Housing,Yekaterinburg,Female,35-44,Organizer,Yes,No,Yes,Leadership,Yes,1,1,0,1,2025,8,Aug
1582,2025-08-15,Campaign Activity,Youth Policy,Yekaterinburg,Female,45-54,Participant,No,No,No,Basic,No,0,0,0,0,2025,8,Aug
3452,2025-08-15,Public Event,Economic Policy,Kamensk-Uralsky,Male,25-34,Participant,No,No,No,Basic,No,0,0,0,0,2025,8,Aug
3519,2025-08-15,Public Event,Gender Equality,Yekaterinburg,Male,55+,Participant,No,No,No,Basic,No,0,0,0,0,2025,8,Aug
394,2025-08-16,Campaign Activity,Local Government,Yekaterinburg,Male,25-34,Analyst,Yes,Yes,No,Professional,No,0,1,1,0,2025,8,Aug
441,2025-08-16,Campaign Activity,Healthcare,Yekaterinburg,Male,55+,Analyst,No,Yes,No,Professional,No,0,0,1,0,2025,8,Aug
880,2025-08-16,Media Activity,Local Government,Yekaterinburg,Male,55+,Volunteer,No,Yes,No,Basic,No,0,0,1,0,2025,8,Aug
1543,2025-08-16,Public Event,Education,Yekaterinburg,Female,35-44,Speaker,Yes,Yes,No,Visible,No,0,1,1,0,2025,8,Aug
3317,2025-08-16,Campaign Activity,Social Policy,Serov,Male,45-54,Participant,No,No,No,Basic,No,0,0,0,0,2025,8,Aug
3432,2025-08-16,Public Event,Education,Serov,Male,45-54,Organizer,Yes,Yes,Yes,Leadership,Yes,1,1,1,1,2025,8,Aug
3469,2025-08-16,Campaign Activity,Gender Equality,Yekaterinburg,Female,25-34,Organizer,Yes,No,Yes,Leadership,Yes,1,1,0,1,2025,8,Aug
229,2025-08-17,Media Activity,Local Government,Kamensk-Uralsky,Male,35-44,Participant,No,No,No,Basic,No,0,0,0,0,2025,8,Aug
334,2025-08-17,Meeting,Healthcare,Pervouralsk,Male,35-44,Analyst,Yes,Yes,No,Professional,No,0,1,1,0,2025,8,Aug
2163,2025-08-17,Survey,Housing,Yekaterinburg,Female,35-44,Participant,No,No,No,Basic,No,0,0,0,0,2025,8,Aug
469,2025-08-18,Media Activity,Entrepreneurship,Yekaterinburg,Female,18-24,Coordinator,Yes,No,Yes,Leadership,Yes,1,1,0,1,2025,8,Aug
1337,2025-08-18,Campaign Activity,Entrepreneurship,Pervouralsk,Female,45-54,Coordinator,Yes,Yes,Yes,Leadership,Yes,1,1,1,1,2025,8,Aug
1509,2025-08-18,Community Outreach,Gender Equality,Yekaterinburg,Female,25-34,Participant,No,No,No,Basic,No,0,0,0,0,2025,8,Aug
1834,2025-08-18,Campaign Activity,Youth Policy,Nizhny Tagil,Female,45-54,Participant,No,Yes,No,Basic,No,0,0,1,0,2025,8,Aug
2085,2025-08-18,Campaign Activity,Healthcare,Yekaterinburg,Male,25-34,Analyst,Yes,No,No,Professional,No,0,1,0,0,2025,8,Aug
2350,2025-08-18,Government Interaction,Gender Equality,Asbest,Female,25-34,Participant,No,No,No,Basic,No,0,0,0,0,2025,8,Aug
2527,2025-08-18,Public Event,Local Government,Yekaterinburg,Male,45-54,Organizer,Yes,Yes,Yes,Leadership,Yes,1,1,1,1,2025,8,Aug
2625,2025-08-18,Community Outreach,Transport,Kamensk-Uralsky,Male,35-44,Volunteer,No,Yes,No,Basic,No,0,0,1,0,2025,8,Aug
2658,2025-08-18,Meeting,Transport,Pervouralsk,Male,25-34,Participant,No,No,No,Basic,No,0,0,0,0,2025,8,Aug
313,2025-08-19,Educational Event,Entrepreneurship,Yekaterinburg,Female,25-34,Volunteer,No,No,No,Basic,No,0,0,0,0,2025,8,Aug
2215,2025-08-19,Community Outreach,Economic Policy,Yekaterinburg,Male,18-24,Coordinator,Yes,No,Yes,Leadership,Yes,1,1,0,1,2025,8,Aug
2964,2025-08-19,Media Activity,Gender Equality,Yekaterinburg,Male,55+,Participant,No,No,No,Basic,No,0,0,0,0,2025,8,Aug
465,2025-08-20,Meeting,Transport,Asbest,Male,25-34,Coordinator,Yes,Yes,Yes,Leadership,Yes,1,1,1,1,2025,8,Aug
1766,2025-08-20,Media Activity,Housing,Yekaterinburg,Female,45-54,Organizer,Yes,Yes,Yes,Leadership,Yes,1,1,1,1,2025,8,Aug
3128,2025-08-20,Public Event,Gender Equality,Pervouralsk,Female,35-44,Volunteer,No,No,No,Basic,No,0,0,0,0,2025,8,Aug
3144,2025-08-20,Meeting,Social Policy,Yekaterinburg,Female,35-44,Participant,No,Yes,No,Basic,No,0,0,1,0,2025,8,Aug
68,2025-08-21,Meeting,Local Government,Pervouralsk,Female,35-44,Volunteer,No,Yes,No,Basic,No,0,0,1,0,2025,8,Aug
192,2025-08-21,Campaign Activity,Social Policy,Yekaterinburg,Female,18-24,Participant,No,No,No,Basic,No,0,0,0,0,2025,8,Aug
355,2025-08-21,Meeting,Social Policy,Nizhny Tagil,Female,55+,Participant,No,No,No,Basic,No,0,0,0,0,2025,8,Aug
992,2025-08-21,Community Outreach,Youth Policy,Yekaterinburg,Male,35-44,Volunteer,No,No,No,Basic,No,0,0,0,0,2025,8,Aug
1012,2025-08-21,Public Event,Youth Policy,Yekaterinburg,Male,25-34,Coordinator,Yes,Yes,Yes,Leadership,Yes,1,1,1,1,2025,8,Aug
1138,2025-08-21,Meeting,Social Policy,Nizhny Tagil,Female,25-34,Coordinator,Yes,No,Yes,Leadership,Yes,1,1,0,1,2025,8,Aug
3206,2025-08-21,Survey,Healthcare,Pervouralsk,Female,45-54,Volunteer,No,No,No,Basic,No,0,0,0,0,2025,8,Aug
19,2025-08-22,Campaign Activity,Local Government,Nizhny Tagil,Male,25-34,Speaker,Yes,Yes,No,Visible,No,0,1,1,0,2025,8,Aug
203,2025-08-22,Public Event,Transport,Yekaterinburg,Male,18-24,Participant,No,No,No,Basic,No,0,0,0,0,2025,8,Aug
1569,2025-08-22,Meeting,Gender Equality,Yekaterinburg,Male,35-44,Analyst,No,No,No,Professional,No,0,0,0,0,2025,8,Aug
1926,2025-08-22,Media Activity,Education,Yekaterinburg,Female,35-44,Volunteer,No,No,No,Basic,No,0,0,0,0,2025,8,Aug
2476,2025-08-22,Community Outreach,Transport,Yekaterinburg,Female,35-44,Speaker,No,Yes,No,Visible,No,0,0,1,0,2025,8,Aug
2966,2025-08-22,Government Interaction,Transport,Yekaterinburg,Male,45-54,Speaker,No,Yes,Yes,Visible,No,0,0,1,1,2025,8,Aug
3173,2025-08-22,Campaign Activity,Education,Yekaterinburg,Male,35-44,Participant,No,No,No,Basic,No,0,0,0,0,2025,8,Aug
190,2025-08-23,Government Interaction,Gender Equality,Pervouralsk,Female,25-34,Coordinator,Yes,Yes,Yes,Leadership,Yes,1,1,1,1,2025,8,Aug
1198,2025-08-23,Community Outreach,Local Government,Nizhny Tagil,Male,25-34,Speaker,No,Yes,No,Visible,No,0,0,1,0,2025,8,Aug
1681,2025-08-23,Media Activity,Youth Policy,Yekaterinburg,Male,25-34,Participant,Yes,No,No,Basic,No,0,1,0,0,2025,8,Aug
2194,2025-08-23,Meeting,Gender Equality,Pervouralsk,Female,45-54,Volunteer,No,No,No,Basic,No,0,0,0,0,2025,8,Aug
3228,2025-08-23,Educational Event,Social Policy,Yekaterinburg,Female,45-54,Participant,No,No,No,Basic,No,0,0,0,0,2025,8,Aug
3400,2025-08-23,Survey,Healthcare,Pervouralsk,Male,25-34,Participant,No,No,No,Basic,No,0,0,0,0,2025,8,Aug
589,2025-08-24,Meeting,Housing,Kamensk-Uralsky,Female,18-24,Participant,No,No,No,Basic,No,0,0,0,0,2025,8,Aug
882,2025-08-24,Community Outreach,Housing,Yekaterinburg,Male,18-24,Speaker,No,Yes,Yes,Visible,No,0,0,1,1,2025,8,Aug
1052,2025-08-24,Survey,Local Government,Yekaterinburg,Female,25-34,Participant,No,No,No,Basic,No,0,0,0,0,2025,8,Aug
1186,2025-08-24,Educational Event,Healthcare,Yekaterinburg,Male,35-44,Coordinator,Yes,No,Yes,Leadership,Yes,1,1,0,1,2025,8,Aug
1432,2025-08-24,Educational Event,Social Policy,Pervouralsk,Male,35-44,Organizer,Yes,No,Yes,Leadership,Yes,1,1,0,1,2025,8,Aug
2263,2025-08-24,Community Outreach,Housing,Yekaterinburg,Female,25-34,Participant,No,No,No,Basic,No,0,0,0,0,2025,8,Aug
3183,2025-08-24,Community Outreach,Education,Revda,Male,25-34,Coordinator,Yes,Yes,Yes,Leadership,Yes,1,1,1,1,2025,8,Aug
3530,2025-08-24,Public Event,Local Government,Yekaterinburg,Male,25-34,Speaker,No,Yes,Yes,Visible,No,0,0,1,1,2025,8,Aug
50,2025-08-25,Educational Event,Gender Equality,Yekaterinburg,Female,25-34,Volunteer,No,No,No,Basic,No,0,0,0,0,2025,8,Aug
255,2025-08-25,Community Outreach,Local Government,Kamensk-Uralsky,Female,55+,Organizer,Yes,No,Yes,Leadership,Yes,1,1,0,1,2025,8,Aug
294,2025-08-25,Community Outreach,Local Government,Yekaterinburg,Female,18-24,Participant,No,No,No,Basic,No,0,0,0,0,2025,8,Aug
337,2025-08-25,Campaign Activity,Economic Policy,Yekaterinburg,Female,25-34,Participant,No,No,No,Basic,No,0,0,0,0,2025,8,Aug
2040,2025-08-25,Community Outreach,Entrepreneurship,Serov,Male,45-54,Participant,No,No,No,Basic,No,0,0,0,0,2025,8,Aug
2769,2025-08-25,Community Outreach,Youth Policy,Yekaterinburg,Male,25-34,Participant,No,No,No,Basic,No,0,0,0,0,2025,8,Aug
2898,2025-08-25,Community Outreach,Economic Policy,Yekaterinburg,Female,25-34,Volunteer,No,No,No,Basic,No,0,0,0,0,2025,8,Aug
3287,2025-08-25,Campaign Activity,Entrepreneurship,Yekaterinburg,Male,55+,Coordinator,Yes,No,Yes,Leadership,Yes,1,1,0,1,2025,8,Aug
3362,2025-08-25,Meeting,Transport,Yekaterinburg,Female,35-44,Coordinator,No,Yes,Yes,Leadership,Yes,1,0,1,1,2025,8,Aug
1156,2025-08-26,Community Outreach,Entrepreneurship,Yekaterinburg,Female,45-54,Organizer,Yes,Yes,Yes,Leadership,Yes,1,1,1,1,2025,8,Aug
1281,2025-08-26,Meeting,Social Policy,Nizhny Tagil,Female,35-44,Participant,No,No,No,Basic,No,0,0,0,0,2025,8,Aug
1347,2025-08-26,Community Outreach,Entrepreneurship,Yekaterinburg,Female,45-54,Coordinator,Yes,No,Yes,Leadership,Yes,1,1,0,1,2025,8,Aug
1400,2025-08-26,Community Outreach,Local Government,Kamensk-Uralsky,Female,25-34,Participant,No,No,No,Basic,No,0,0,0,0,2025,8,Aug
1481,2025-08-26,Meeting,Social Policy,Asbest,Female,25-34,Coordinator,No,No,Yes,Leadership,Yes,1,0,0,1,2025,8,Aug
2623,2025-08-26,Community Outreach,Education,Yekaterinburg,Female,35-44,Volunteer,No,No,No,Basic,No,0,0,0,0,2025,8,Aug
2648,2025-08-26,Media Activity,Economic Policy,Yekaterinburg,Male,25-34,Coordinator,No,No,Yes,Leadership,Yes,1,0,0,1,2025,8,Aug
2757,2025-08-26,Campaign Activity,Education,Revda,Male,18-24,Organizer,Yes,Yes,Yes,Leadership,Yes,1,1,1,1,2025,8,Aug
2867,2025-08-26,Public Event,Social Policy,Yekaterinburg,Female,45-54,Participant,Yes,No,No,Basic,No,0,1,0,0,2025,8,Aug
36,2025-08-27,Meeting,Transport,Yekaterinburg,Female,35-44,Participant,No,No,No,Basic,No,0,0,0,0,2025,8,Aug
52,2025-08-27,Public Event,Healthcare,Pervouralsk,Female,45-54,Participant,No,No,No,Basic,No,0,0,0,0,2025,8,Aug
206,2025-08-27,Meeting,Entrepreneurship,Serov,Female,25-34,Participant,No,No,No,Basic,No,0,0,0,0,2025,8,Aug
438,2025-08-27,Educational Event,Economic Policy,Nizhny Tagil,Male,35-44,Analyst,Yes,No,No,Professional,No,0,1,0,0,2025,8,Aug
920,2025-08-27,Public Event,Youth Policy,Serov,Male,35-44,Volunteer,Yes,No,No,Basic,No,0,1,0,0,2025,8,Aug
1196,2025-08-27,Meeting,Entrepreneurship,Revda,Female,35-44,Participant,No,No,No,Basic,No,0,0,0,0,2025,8,Aug
1818,2025-08-27,Media Activity,Gender Equality,Nizhny Tagil,Male,35-44,Participant,No,No,No,Basic,No,0,0,0,0,2025,8,Aug
2047,2025-08-27,Community Outreach,Healthcare,Serov,Female,25-34,Coordinator,No,No,Yes,Leadership,Yes,1,0,0,1,2025,8,Aug
2146,2025-08-27,Meeting,Social Policy,Nizhny Tagil,Male,45-54,Coordinator,No,Yes,Yes,Leadership,Yes,1,0,1,1,2025,8,Aug
2943,2025-08-27,Media Activity,Housing,Yekaterinburg,Male,25-34,Analyst,No,Yes,No,Professional,No,0,0,1,0,2025,8,Aug
3508,2025-08-27,Community Outreach,Social Policy,Yekaterinburg,Male,35-44,Speaker,No,Yes,No,Visible,No,0,0,1,0,2025,8,Aug
1204,2025-08-28,Campaign Activity,Entrepreneurship,Yekaterinburg,Male,35-44,Speaker,No,Yes,No,Visible,No,0,0,1,0,2025,8,Aug
1414,2025-08-28,Government Interaction,Gender Equality,Yekaterinburg,Male,55+,Volunteer,No,No,Yes,Basic,No,0,0,0,1,2025,8,Aug
2297,2025-08-28,Meeting,Healthcare,Nizhny Tagil,Male,18-24,Participant,No,No,No,Basic,No,0,0,0,0,2025,8,Aug
2432,2025-08-28,Campaign Activity,Entrepreneurship,Yekaterinburg,Male,25-34,Organizer,Yes,Yes,Yes,Leadership,Yes,1,1,1,1,2025,8,Aug
2941,2025-08-28,Educational Event,Housing,Yekaterinburg,Male,25-34,Organizer,No,No,Yes,Leadership,Yes,1,0,0,1,2025,8,Aug
3019,2025-08-28,Public Event,Healthcare,Pervouralsk,Female,25-34,Participant,No,No,No,Basic,No,0,0,0,0,2025,8,Aug
581,2025-08-29,Government Interaction,Healthcare,Nizhny Tagil,Male,25-34,Participant,No,No,No,Basic,No,0,0,0,0,2025,8,Aug
751,2025-08-29,Meeting,Social Policy,Revda,Female,35-44,Participant,No,No,No,Basic,No,0,0,0,0,2025,8,Aug
1261,2025-08-29,Community Outreach,Healthcare,Kamensk-Uralsky,Female,25-34,Volunteer,No,No,No,Basic,No,0,0,0,0,2025,8,Aug
1426,2025-08-29,Community Outreach,Economic Policy,Yekaterinburg,Female,25-34,Participant,No,No,No,Basic,No,0,0,0,0,2025,8,Aug
1783,2025-08-29,Survey,Transport,Yekaterinburg,Female,35-44,Participant,No,Yes,No,Basic,No,0,0,1,0,2025,8,Aug
3067,2025-08-29,Survey,Transport,Yekaterinburg,Female,35-44,Participant,No,No,No,Basic,No,0,0,0,0,2025,8,Aug
3256,2025-08-29,Campaign Activity,Social Policy,Revda,Male,45-54,Participant,No,No,No,Basic,No,0,0,0,0,2025,8,Aug
75,2025-08-30,Survey,Youth Policy,Nizhny Tagil,Female,25-34,Participant,No,No,No,Basic,No,0,0,0,0,2025,8,Aug
2344,2025-08-30,Educational Event,Youth Policy,Yekaterinburg,Female,18-24,Participant,No,No,No,Basic,No,0,0,0,0,2025,8,Aug
3383,2025-08-30,Public Event,Housing,Kamensk-Uralsky,Male,35-44,Participant,No,No,No,Basic,No,0,0,0,0,2025,8,Aug
2589,2025-08-31,Community Outreach,Entrepreneurship,Yekaterinburg,Female,25-34,Participant,No,No,No,Basic,No,0,0,0,0,2025,8,Aug
2893,2025-08-31,Educational Event,Gender Equality,Pervouralsk,Male,45-54,Participant,No,No,No,Basic,No,0,0,0,0,2025,8,Aug
610,2025-09-01,Public Event,Youth Policy,Yekaterinburg,Female,45-54,Analyst,No,No,No,Professional,No,0,0,0,0,2025,9,Sep
3121,2025-09-01,Campaign Activity,Social Policy,Yekaterinburg,Female,45-54,Participant,No,No,No,Basic,No,0,0,0,0,2025,9,Sep
3238,2025-09-01,Community Outreach,Transport,Yekaterinburg,Female,45-54,Participant,No,No,No,Basic,No,0,0,0,0,2025,9,Sep
147,2025-09-02,Public Event,Entrepreneurship,Yekaterinburg,Female,45-54,Coordinator,No,Yes,Yes,Leadership,Yes,1,0,1,1,2025,9,Sep
1527,2025-09-02,Campaign Activity,Entrepreneurship,Asbest,Female,25-34,Participant,No,No,No,Basic,No,0,0,0,0,2025,9,Sep
1731,2025-09-02,Survey,Local Government,Yekaterinburg,Male,25-34,Speaker,No,Yes,No,Visible,No,0,0,1,0,2025,9,Sep
2945,2025-09-02,Public Event,Gender Equality,Yekaterinburg,Female,45-54,Organizer,Yes,No,Yes,Leadership,Yes,1,1,0,1,2025,9,Sep
3277,2025-09-02,Meeting,Social Policy,Revda,Male,45-54,Participant,No,No,No,Basic,No,0,0,0,0,2025,9,Sep
1720,2025-09-03,Campaign Activity,Entrepreneurship,Yekaterinburg,Male,35-44,Participant,No,No,No,Basic,No,0,0,0,0,2025,9,Sep
2217,2025-09-03,Public Event,Gender Equality,Serov,Female,45-54,Analyst,No,No,No,Professional,No,0,0,0,0,2025,9,Sep
2972,2025-09-03,Community Outreach,Healthcare,Yekaterinburg,Male,55+,Participant,No,No,No,Basic,No,0,0,0,0,2025,9,Sep
494,2025-09-04,Meeting,Gender Equality,Pervouralsk,Female,45-54,Organizer,No,Yes,Yes,Leadership,Yes,1,0,1,1,2025,9,Sep
1003,2025-09-04,Media Activity,Housing,Yekaterinburg,Female,25-34,Analyst,Yes,Yes,No,Professional,No,0,1,1,0,2025,9,Sep
1202,2025-09-04,Public Event,Healthcare,Kamensk-Uralsky,Male,45-54,Volunteer,No,No,No,Basic,No,0,0,0,0,2025,9,Sep
1418,2025-09-04,Community Outreach,Youth Policy,Yekaterinburg,Male,25-34,Participant,No,No,No,Basic,No,0,0,0,0,2025,9,Sep
2703,2025-09-04,Community Outreach,Local Government,Yekaterinburg,Female,45-54,Volunteer,No,No,No,Basic,No,0,0,0,0,2025,9,Sep
2911,2025-09-04,Survey,Local Government,Serov,Male,18-24,Participant,No,No,No,Basic,No,0,0,0,0,2025,9,Sep
1671,2025-09-05,Media Activity,Transport,Yekaterinburg,Female,55+,Participant,No,No,No,Basic,No,0,0,0,0,2025,9,Sep
3090,2025-09-05,Community Outreach,Youth Policy,Pervouralsk,Male,55+,Volunteer,No,No,No,Basic,No,0,0,0,0,2025,9,Sep
3563,2025-09-05,Community Outreach,Entrepreneurship,Nizhny Tagil,Male,35-44,Participant,No,No,No,Basic,No,0,0,0,0,2025,9,Sep
1682,2025-09-06,Public Event,Healthcare,Kamensk-Uralsky,Male,25-34,Organizer,No,Yes,Yes,Leadership,Yes,1,0,1,1,2025,9,Sep
1977,2025-09-06,Media Activity,Economic Policy,Yekaterinburg,Female,35-44,Speaker,No,Yes,No,Visible,No,0,0,1,0,2025,9,Sep
2296,2025-09-06,Survey,Healthcare,Serov,Female,45-54,Participant,No,No,No,Basic,No,0,0,0,0,2025,9,Sep
2602,2025-09-06,Community Outreach,Housing,Yekaterinburg,Male,25-34,Analyst,No,No,No,Professional,No,0,0,0,0,2025,9,Sep
2731,2025-09-06,Campaign Activity,Economic Policy,Serov,Female,45-54,Coordinator,Yes,No,Yes,Leadership,Yes,1,1,0,1,2025,9,Sep
758,2025-09-07,Public Event,Housing,Yekaterinburg,Male,18-24,Participant,Yes,No,No,Basic,No,0,1,0,0,2025,9,Sep
1917,2025-09-07,Meeting,Transport,Yekaterinburg,Male,35-44,Participant,No,No,No,Basic,No,0,0,0,0,2025,9,Sep
2208,2025-09-07,Educational Event,Economic Policy,Pervouralsk,Female,18-24,Volunteer,No,No,No,Basic,No,0,0,0,0,2025,9,Sep
3061,2025-09-07,Campaign Activity,Healthcare,Yekaterinburg,Male,55+,Analyst,Yes,Yes,No,Professional,No,0,1,1,0,2025,9,Sep
3276,2025-09-07,Community Outreach,Transport,Yekaterinburg,Male,35-44,Organizer,Yes,Yes,Yes,Leadership,Yes,1,1,1,1,2025,9,Sep
27,2025-09-08,Educational Event,Social Policy,Kamensk-Uralsky,Female,35-44,Volunteer,No,No,No,Basic,No,0,0,0,0,2025,9,Sep
977,2025-09-08,Educational Event,Gender Equality,Nizhny Tagil,Female,25-34,Participant,No,No,No,Basic,No,0,0,0,0,2025,9,Sep
1819,2025-09-08,Meeting,Local Government,Yekaterinburg,Male,25-34,Coordinator,Yes,Yes,Yes,Leadership,Yes,1,1,1,1,2025,9,Sep
2057,2025-09-08,Media Activity,Housing,Yekaterinburg,Male,55+,Organizer,Yes,No,Yes,Leadership,Yes,1,1,0,1,2025,9,Sep
2973,2025-09-08,Community Outreach,Economic Policy,Revda,Female,25-34,Participant,No,No,No,Basic,No,0,0,0,0,2025,9,Sep
3060,2025-09-08,Campaign Activity,Local Government,Yekaterinburg,Female,45-54,Participant,No,No,No,Basic,No,0,0,0,0,2025,9,Sep
3159,2025-09-08,Campaign Activity,Housing,Yekaterinburg,Male,35-44,Analyst,Yes,No,No,Professional,No,0,1,0,0,2025,9,Sep
3547,2025-09-08,Campaign Activity,Entrepreneurship,Serov,Male,18-24,Analyst,No,No,Yes,Professional,No,0,0,0,1,2025,9,Sep
106,2025-09-09,Meeting,Entrepreneurship,Nizhny Tagil,Male,45-54,Speaker,No,Yes,No,Visible,No,0,0,1,0,2025,9,Sep
370,2025-09-09,Meeting,Healthcare,Kamensk-Uralsky,Male,25-34,Participant,No,No,No,Basic,No,0,0,0,0,2025,9,Sep
474,2025-09-09,Meeting,Housing,Yekaterinburg,Female,25-34,Volunteer,No,No,No,Basic,No,0,0,0,0,2025,9,Sep
582,2025-09-09,Meeting,Social Policy,Yekaterinburg,Male,55+,Coordinator,Yes,No,Yes,Leadership,Yes,1,1,0,1,2025,9,Sep
1026,2025-09-09,Community Outreach,Economic Policy,Yekaterinburg,Female,35-44,Volunteer,No,No,No,Basic,No,0,0,0,0,2025,9,Sep
174,2025-09-10,Educational Event,Transport,Yekaterinburg,Male,18-24,Analyst,Yes,Yes,Yes,Professional,No,0,1,1,1,2025,9,Sep
328,2025-09-10,Educational Event,Entrepreneurship,Yekaterinburg,Male,18-24,Volunteer,No,No,No,Basic,No,0,0,0,0,2025,9,Sep
643,2025-09-10,Community Outreach,Youth Policy,Serov,Female,55+,Speaker,No,Yes,No,Visible,No,0,0,1,0,2025,9,Sep
844,2025-09-10,Media Activity,Transport,Pervouralsk,Female,45-54,Participant,No,No,No,Basic,No,0,0,0,0,2025,9,Sep
1118,2025-09-10,Community Outreach,Local Government,Yekaterinburg,Male,25-34,Participant,No,No,No,Basic,No,0,0,0,0,2025,9,Sep
1422,2025-09-10,Educational Event,Social Policy,Yekaterinburg,Male,25-34,Organizer,Yes,Yes,Yes,Leadership,Yes,1,1,1,1,2025,9,Sep
2642,2025-09-10,Meeting,Gender Equality,Yekaterinburg,Male,45-54,Analyst,No,No,No,Professional,No,0,0,0,0,2025,9,Sep
2936,2025-09-10,Meeting,Gender Equality,Pervouralsk,Male,18-24,Speaker,No,Yes,No,Visible,No,0,0,1,0,2025,9,Sep
3102,2025-09-10,Community Outreach,Transport,Yekaterinburg,Female,55+,Participant,No,No,No,Basic,No,0,0,0,0,2025,9,Sep
3105,2025-09-10,Campaign Activity,Entrepreneurship,Pervouralsk,Male,35-44,Coordinator,Yes,No,Yes,Leadership,Yes,1,1,0,1,2025,9,Sep
1,2025-09-11,Public Event,Housing,Serov,Male,35-44,Participant,No,No,No,Basic,No,0,0,0,0,2025,9,Sep
89,2025-09-11,Community Outreach,Housing,Yekaterinburg,Female,18-24,Participant,No,No,No,Basic,No,0,0,0,0,2025,9,Sep
933,2025-09-11,Government Interaction,Transport,Yekaterinburg,Female,25-34,Volunteer,No,No,No,Basic,No,0,0,0,0,2025,9,Sep
1346,2025-09-11,Survey,Education,Kamensk-Uralsky,Male,45-54,Volunteer,No,No,No,Basic,No,0,0,0,0,2025,9,Sep
1576,2025-09-11,Meeting,Social Policy,Nizhny Tagil,Female,25-34,Participant,No,No,No,Basic,No,0,0,0,0,2025,9,Sep
3247,2025-09-11,Public Event,Transport,Yekaterinburg,Female,25-34,Analyst,No,No,No,Professional,No,0,0,0,0,2025,9,Sep
3539,2025-09-11,Government Interaction,Transport,Serov,Female,18-24,Participant,No,No,No,Basic,No,0,0,0,0,2025,9,Sep
579,2025-09-12,Government Interaction,Healthcare,Yekaterinburg,Male,25-34,Analyst,No,No,Yes,Professional,No,0,0,0,1,2025,9,Sep
1016,2025-09-12,Public Event,Economic Policy,Yekaterinburg,Female,18-24,Participant,No,No,No,Basic,No,0,0,0,0,2025,9,Sep
1663,2025-09-12,Meeting,Gender Equality,Asbest,Male,25-34,Volunteer,No,No,No,Basic,No,0,0,0,0,2025,9,Sep
2112,2025-09-12,Community Outreach,Education,Yekaterinburg,Male,35-44,Participant,No,No,No,Basic,No,0,0,0,0,2025,9,Sep
2151,2025-09-12,Meeting,Gender Equality,Yekaterinburg,Male,25-34,Volunteer,No,No,No,Basic,No,0,0,0,0,2025,9,Sep
2477,2025-09-12,Community Outreach,Economic Policy,Yekaterinburg,Female,35-44,Analyst,Yes,No,No,Professional,No,0,1,0,0,2025,9,Sep
3078,2025-09-12,Educational Event,Transport,Asbest,Male,18-24,Participant,Yes,No,No,Basic,No,0,1,0,0,2025,9,Sep
216,2025-09-13,Campaign Activity,Transport,Nizhny Tagil,Male,25-34,Organizer,Yes,Yes,Yes,Leadership,Yes,1,1,1,1,2025,9,Sep
1459,2025-09-13,Community Outreach,Education,Yekaterinburg,Male,18-24,Coordinator,Yes,No,Yes,Leadership,Yes,1,1,0,1,2025,9,Sep
2473,2025-09-13,Meeting,Education,Yekaterinburg,Male,18-24,Participant,No,No,No,Basic,No,0,0,0,0,2025,9,Sep
3071,2025-09-13,Campaign Activity,Housing,Nizhny Tagil,Female,45-54,Organizer,Yes,Yes,Yes,Leadership,Yes,1,1,1,1,2025,9,Sep
3430,2025-09-13,Educational Event,Economic Policy,Yekaterinburg,Male,25-34,Participant,No,No,No,Basic,No,0,0,0,0,2025,9,Sep
1109,2025-09-14,Meeting,Social Policy,Serov,Male,55+,Organizer,Yes,Yes,Yes,Leadership,Yes,1,1,1,1,2025,9,Sep
1287,2025-09-14,Meeting,Economic Policy,Serov,Female,55+,Speaker,No,Yes,No,Visible,No,0,0,1,0,2025,9,Sep
1521,2025-09-14,Community Outreach,Transport,Revda,Female,25-34,Participant,No,Yes,No,Basic,No,0,0,1,0,2025,9,Sep
1616,2025-09-14,Campaign Activity,Entrepreneurship,Yekaterinburg,Female,25-34,Participant,No,No,No,Basic,No,0,0,0,0,2025,9,Sep
1909,2025-09-14,Survey,Education,Kamensk-Uralsky,Male,35-44,Analyst,No,No,Yes,Professional,No,0,0,0,1,2025,9,Sep
2144,2025-09-14,Educational Event,Healthcare,Yekaterinburg,Male,35-44,Organizer,No,No,Yes,Leadership,Yes,1,0,0,1,2025,9,Sep
2342,2025-09-14,Community Outreach,Economic Policy,Yekaterinburg,Female,55+,Coordinator,No,Yes,Yes,Leadership,Yes,1,0,1,1,2025,9,Sep
2591,2025-09-14,Educational Event,Gender Equality,Yekaterinburg,Male,18-24,Volunteer,No,No,No,Basic,No,0,0,0,0,2025,9,Sep
2742,2025-09-14,Educational Event,Gender Equality,Yekaterinburg,Male,55+,Analyst,No,No,No,Professional,No,0,0,0,0,2025,9,Sep
168,2025-09-15,Campaign Activity,Healthcare,Yekaterinburg,Male,25-34,Coordinator,Yes,Yes,Yes,Leadership,Yes,1,1,1,1,2025,9,Sep
1491,2025-09-15,Campaign Activity,Healthcare,Yekaterinburg,Female,25-34,Participant,No,Yes,No,Basic,No,0,0,1,0,2025,9,Sep
2550,2025-09-15,Survey,Education,Pervouralsk,Female,55+,Analyst,Yes,No,No,Professional,No,0,1,0,0,2025,9,Sep
2709,2025-09-15,Campaign Activity,Education,Yekaterinburg,Female,35-44,Analyst,Yes,No,No,Professional,No,0,1,0,0,2025,9,Sep
2875,2025-09-15,Meeting,Transport,Yekaterinburg,Female,35-44,Volunteer,No,No,No,Basic,No,0,0,0,0,2025,9,Sep
2977,2025-09-15,Campaign Activity,Healthcare,Yekaterinburg,Male,55+,Participant,No,No,No,Basic,No,0,0,0,0,2025,9,Sep
3302,2025-09-15,Community Outreach,Local Government,Yekaterinburg,Female,25-34,Participant,No,No,No,Basic,No,0,0,0,0,2025,9,Sep
599,2025-09-16,Meeting,Economic Policy,Nizhny Tagil,Male,18-24,Participant,No,No,No,Basic,No,0,0,0,0,2025,9,Sep
1425,2025-09-16,Community Outreach,Gender Equality,Pervouralsk,Female,35-44,Participant,No,Yes,No,Basic,No,0,0,1,0,2025,9,Sep
1516,2025-09-16,Media Activity,Education,Yekaterinburg,Female,18-24,Participant,No,No,No,Basic,No,0,0,0,0,2025,9,Sep
799,2025-09-17,Meeting,Economic Policy,Yekaterinburg,Male,35-44,Analyst,No,No,No,Professional,No,0,0,0,0,2025,9,Sep
1332,2025-09-17,Community Outreach,Economic Policy,Serov,Male,35-44,Speaker,No,Yes,No,Visible,No,0,0,1,0,2025,9,Sep
1349,2025-09-17,Government Interaction,Economic Policy,Yekaterinburg,Female,55+,Coordinator,Yes,No,Yes,Leadership,Yes,1,1,0,1,2025,9,Sep
1369,2025-09-17,Meeting,Housing,Yekaterinburg,Female,25-34,Organizer,Yes,No,Yes,Leadership,Yes,1,1,0,1,2025,9,Sep
2155,2025-09-17,Meeting,Entrepreneurship,Yekaterinburg,Male,55+,Coordinator,Yes,No,Yes,Leadership,Yes,1,1,0,1,2025,9,Sep
2277,2025-09-17,Community Outreach,Housing,Yekaterinburg,Male,55+,Participant,No,No,No,Basic,No,0,0,0,0,2025,9,Sep
2800,2025-09-17,Educational Event,Economic Policy,Yekaterinburg,Male,25-34,Participant,No,No,No,Basic,No,0,0,0,0,2025,9,Sep
3024,2025-09-17,Campaign Activity,Healthcare,Yekaterinburg,Male,35-44,Coordinator,Yes,No,Yes,Leadership,Yes,1,1,0,1,2025,9,Sep
3131,2025-09-17,Survey,Transport,Yekaterinburg,Female,25-34,Coordinator,No,Yes,Yes,Leadership,Yes,1,0,1,1,2025,9,Sep
3226,2025-09-17,Community Outreach,Youth Policy,Yekaterinburg,Male,35-44,Participant,No,No,No,Basic,No,0,0,0,0,2025,9,Sep
163,2025-09-18,Meeting,Housing,Nizhny Tagil,Female,25-34,Analyst,Yes,No,No,Professional,No,0,1,0,0,2025,9,Sep
420,2025-09-18,Government Interaction,Education,Asbest,Male,25-34,Participant,No,No,No,Basic,No,0,0,0,0,2025,9,Sep
503,2025-09-18,Community Outreach,Gender Equality,Pervouralsk,Male,25-34,Coordinator,Yes,Yes,Yes,Leadership,Yes,1,1,1,1,2025,9,Sep
508,2025-09-18,Government Interaction,Gender Equality,Yekaterinburg,Male,25-34,Participant,No,No,No,Basic,No,0,0,0,0,2025,9,Sep
523,2025-09-18,Educational Event,Healthcare,Yekaterinburg,Female,25-34,Organizer,Yes,No,Yes,Leadership,Yes,1,1,0,1,2025,9,Sep
707,2025-09-18,Community Outreach,Gender Equality,Nizhny Tagil,Male,55+,Volunteer,No,No,No,Basic,No,0,0,0,0,2025,9,Sep
1057,2025-09-18,Educational Event,Social Policy,Yekaterinburg,Male,55+,Speaker,Yes,Yes,No,Visible,No,0,1,1,0,2025,9,Sep
1857,2025-09-18,Meeting,Education,Pervouralsk,Female,25-34,Speaker,Yes,Yes,No,Visible,No,0,1,1,0,2025,9,Sep
1955,2025-09-18,Government Interaction,Education,Revda,Male,35-44,Coordinator,Yes,No,Yes,Leadership,Yes,1,1,0,1,2025,9,Sep
2399,2025-09-18,Educational Event,Entrepreneurship,Yekaterinburg,Female,25-34,Participant,No,No,No,Basic,No,0,0,0,0,2025,9,Sep
3000,2025-09-18,Campaign Activity,Healthcare,Pervouralsk,Female,35-44,Participant,No,No,No,Basic,No,0,0,0,0,2025,9,Sep
434,2025-09-19,Community Outreach,Education,Yekaterinburg,Male,18-24,Speaker,Yes,Yes,No,Visible,No,0,1,1,0,2025,9,Sep
556,2025-09-19,Meeting,Education,Yekaterinburg,Female,45-54,Coordinator,No,Yes,Yes,Leadership,Yes,1,0,1,1,2025,9,Sep
595,2025-09-19,Public Event,Transport,Yekaterinburg,Female,25-34,Participant,No,No,No,Basic,No,0,0,0,0,2025,9,Sep
700,2025-09-19,Government Interaction,Housing,Yekaterinburg,Female,35-44,Participant,No,No,No,Basic,No,0,0,0,0,2025,9,Sep
1017,2025-09-19,Meeting,Youth Policy,Pervouralsk,Male,18-24,Speaker,Yes,Yes,No,Visible,No,0,1,1,0,2025,9,Sep
2115,2025-09-19,Meeting,Gender Equality,Pervouralsk,Female,35-44,Speaker,No,Yes,No,Visible,No,0,0,1,0,2025,9,Sep
2145,2025-09-19,Government Interaction,Local Government,Yekaterinburg,Female,55+,Participant,No,No,No,Basic,No,0,0,0,0,2025,9,Sep
3115,2025-09-19,Community Outreach,Economic Policy,Pervouralsk,Female,35-44,Volunteer,No,No,No,Basic,No,0,0,0,0,2025,9,Sep
3372,2025-09-19,Campaign Activity,Healthcare,Yekaterinburg,Female,35-44,Volunteer,No,No,No,Basic,No,0,0,0,0,2025,9,Sep
448,2025-09-20,Public Event,Economic Policy,Yekaterinburg,Male,35-44,Participant,Yes,No,No,Basic,No,0,1,0,0,2025,9,Sep
2295,2025-09-20,Meeting,Transport,Yekaterinburg,Female,25-34,Participant,No,Yes,No,Basic,No,0,0,1,0,2025,9,Sep
2944,2025-09-20,Community Outreach,Local Government,Yekaterinburg,Female,35-44,Coordinator,No,No,Yes,Leadership,Yes,1,0,0,1,2025,9,Sep
386,2025-09-21,Meeting,Education,Yekaterinburg,Male,35-44,Participant,No,No,No,Basic,No,0,0,0,0,2025,9,Sep
650,2025-09-21,Survey,Healthcare,Yekaterinburg,Female,18-24,Participant,No,No,No,Basic,No,0,0,0,0,2025,9,Sep
696,2025-09-21,Campaign Activity,Housing,Yekaterinburg,Male,25-34,Organizer,Yes,Yes,Yes,Leadership,Yes,1,1,1,1,2025,9,Sep
847,2025-09-21,Campaign Activity,Gender Equality,Kamensk-Uralsky,Female,55+,Organizer,Yes,No,Yes,Leadership,Yes,1,1,0,1,2025,9,Sep
1171,2025-09-21,Community Outreach,Entrepreneurship,Yekaterinburg,Female,55+,Coordinator,Yes,Yes,Yes,Leadership,Yes,1,1,1,1,2025,9,Sep
1710,2025-09-21,Public Event,Social Policy,Nizhny Tagil,Female,25-34,Coordinator,No,Yes,Yes,Leadership,Yes,1,0,1,1,2025,9,Sep
2301,2025-09-21,Educational Event,Transport,Yekaterinburg,Male,45-54,Analyst,No,No,No,Professional,No,0,0,0,0,2025,9,Sep
2383,2025-09-21,Educational Event,Healthcare,Yekaterinburg,Female,55+,Participant,No,No,No,Basic,No,0,0,0,0,2025,9,Sep
2454,2025-09-21,Public Event,Transport,Yekaterinburg,Male,35-44,Participant,No,No,No,Basic,No,0,0,0,0,2025,9,Sep
3297,2025-09-21,Media Activity,Transport,Asbest,Male,18-24,Participant,No,No,No,Basic,No,0,0,0,0,2025,9,Sep
3360,2025-09-21,Educational Event,Economic Policy,Asbest,Male,18-24,Participant,No,No,No,Basic,No,0,0,0,0,2025,9,Sep
478,2025-09-22,Community Outreach,Education,Nizhny Tagil,Male,45-54,Volunteer,No,Yes,No,Basic,No,0,0,1,0,2025,9,Sep
638,2025-09-22,Educational Event,Local Government,Kamensk-Uralsky,Male,35-44,Organizer,Yes,Yes,Yes,Leadership,Yes,1,1,1,1,2025,9,Sep
1636,2025-09-22,Community Outreach,Transport,Yekaterinburg,Female,25-34,Coordinator,Yes,No,Yes,Leadership,Yes,1,1,0,1,2025,9,Sep
2784,2025-09-22,Survey,Housing,Nizhny Tagil,Female,45-54,Participant,No,No,No,Basic,No,0,0,0,0,2025,9,Sep
2953,2025-09-22,Educational Event,Housing,Yekaterinburg,Female,35-44,Analyst,No,No,No,Professional,No,0,0,0,0,2025,9,Sep
3373,2025-09-22,Public Event,Transport,Yekaterinburg,Male,35-44,Organizer,Yes,Yes,Yes,Leadership,Yes,1,1,1,1,2025,9,Sep
747,2025-09-23,Survey,Education,Pervouralsk,Female,45-54,Participant,No,No,No,Basic,No,0,0,0,0,2025,9,Sep
1272,2025-09-23,Public Event,Local Government,Serov,Female,25-34,Participant,No,No,No,Basic,No,0,0,0,0,2025,9,Sep
2364,2025-09-23,Public Event,Youth Policy,Yekaterinburg,Male,55+,Participant,No,No,No,Basic,No,0,0,0,0,2025,9,Sep
3211,2025-09-23,Meeting,Education,Kamensk-Uralsky,Female,35-44,Speaker,No,Yes,No,Visible,No,0,0,1,0,2025,9,Sep
667,2025-09-24,Campaign Activity,Gender Equality,Asbest,Male,35-44,Participant,No,No,No,Basic,No,0,0,0,0,2025,9,Sep
1572,2025-09-24,Community Outreach,Education,Yekaterinburg,Male,25-34,Coordinator,No,Yes,Yes,Leadership,Yes,1,0,1,1,2025,9,Sep
1619,2025-09-24,Public Event,Healthcare,Revda,Male,35-44,Participant,No,No,No,Basic,No,0,0,0,0,2025,9,Sep
1774,2025-09-24,Community Outreach,Social Policy,Pervouralsk,Male,18-24,Speaker,No,Yes,No,Visible,No,0,0,1,0,2025,9,Sep
2360,2025-09-24,Public Event,Economic Policy,Yekaterinburg,Female,25-34,Coordinator,Yes,No,Yes,Leadership,Yes,1,1,0,1,2025,9,Sep
380,2025-09-25,Government Interaction,Education,Yekaterinburg,Male,45-54,Organizer,Yes,No,Yes,Leadership,Yes,1,1,0,1,2025,9,Sep
410,2025-09-25,Community Outreach,Youth Policy,Pervouralsk,Male,25-34,Speaker,No,Yes,No,Visible,No,0,0,1,0,2025,9,Sep
693,2025-09-25,Meeting,Economic Policy,Nizhny Tagil,Female,35-44,Volunteer,No,No,No,Basic,No,0,0,0,0,2025,9,Sep
711,2025-09-25,Community Outreach,Entrepreneurship,Kamensk-Uralsky,Male,35-44,Volunteer,No,No,No,Basic,No,0,0,0,0,2025,9,Sep
908,2025-09-25,Meeting,Housing,Kamensk-Uralsky,Female,45-54,Participant,No,No,No,Basic,No,0,0,0,0,2025,9,Sep
1235,2025-09-25,Campaign Activity,Local Government,Kamensk-Uralsky,Female,35-44,Analyst,Yes,No,No,Professional,No,0,1,0,0,2025,9,Sep
1599,2025-09-25,Survey,Gender Equality,Yekaterinburg,Male,55+,Volunteer,Yes,No,No,Basic,No,0,1,0,0,2025,9,Sep
2395,2025-09-25,Community Outreach,Transport,Serov,Male,45-54,Analyst,Yes,No,No,Professional,No,0,1,0,0,2025,9,Sep
2990,2025-09-25,Community Outreach,Transport,Pervouralsk,Male,45-54,Participant,No,No,No,Basic,No,0,0,0,0,2025,9,Sep
3034,2025-09-25,Community Outreach,Healthcare,Yekaterinburg,Female,45-54,Coordinator,Yes,No,Yes,Leadership,Yes,1,1,0,1,2025,9,Sep
3177,2025-09-25,Campaign Activity,Economic Policy,Yekaterinburg,Male,18-24,Participant,No,No,No,Basic,No,0,0,0,0,2025,9,Sep
231,2025-09-26,Community Outreach,Youth Policy,Yekaterinburg,Female,25-34,Participant,Yes,No,No,Basic,No,0,1,0,0,2025,9,Sep
433,2025-09-26,Community Outreach,Economic Policy,Pervouralsk,Male,18-24,Volunteer,No,No,No,Basic,No,0,0,0,0,2025,9,Sep
1024,2025-09-26,Educational Event,Transport,Asbest,Male,55+,Volunteer,No,No,No,Basic,No,0,0,0,0,2025,9,Sep
1150,2025-09-26,Meeting,Gender Equality,Nizhny Tagil,Male,35-44,Participant,No,No,No,Basic,No,0,0,0,0,2025,9,Sep
1200,2025-09-26,Survey,Education,Kamensk-Uralsky,Male,35-44,Participant,No,No,No,Basic,No,0,0,0,0,2025,9,Sep
2406,2025-09-26,Community Outreach,Youth Policy,Yekaterinburg,Female,18-24,Organizer,Yes,No,Yes,Leadership,Yes,1,1,0,1,2025,9,Sep
2461,2025-09-26,Community Outreach,Healthcare,Yekaterinburg,Male,25-34,Coordinator,Yes,No,Yes,Leadership,Yes,1,1,0,1,2025,9,Sep
2915,2025-09-26,Meeting,Gender Equality,Asbest,Female,18-24,Participant,No,No,No,Basic,No,0,0,0,0,2025,9,Sep
3170,2025-09-26,Campaign Activity,Transport,Pervouralsk,Male,35-44,Volunteer,No,No,No,Basic,No,0,0,0,0,2025,9,Sep
3402,2025-09-26,Educational Event,Healthcare,Kamensk-Uralsky,Male,25-34,Volunteer,No,No,No,Basic,No,0,0,0,0,2025,9,Sep
304,2025-09-27,Community Outreach,Healthcare,Yekaterinburg,Male,55+,Volunteer,No,No,No,Basic,No,0,0,0,0,2025,9,Sep
938,2025-09-27,Educational Event,Gender Equality,Yekaterinburg,Female,45-54,Organizer,Yes,No,Yes,Leadership,Yes,1,1,0,1,2025,9,Sep
2114,2025-09-27,Government Interaction,Transport,Yekaterinburg,Male,25-34,Participant,No,No,No,Basic,No,0,0,0,0,2025,9,Sep
3109,2025-09-27,Community Outreach,Local Government,Yekaterinburg,Female,25-34,Participant,Yes,No,No,Basic,No,0,1,0,0,2025,9,Sep
3278,2025-09-27,Campaign Activity,Healthcare,Pervouralsk,Male,55+,Participant,No,No,No,Basic,No,0,0,0,0,2025,9,Sep
3472,2025-09-27,Public Event,Social Policy,Yekaterinburg,Female,25-34,Volunteer,No,No,No,Basic,No,0,0,0,0,2025,9,Sep
76,2025-09-28,Educational Event,Gender Equality,Yekaterinburg,Female,25-34,Coordinator,No,Yes,Yes,Leadership,Yes,1,0,1,1,2025,9,Sep
886,2025-09-28,Public Event,Local Government,Serov,Female,45-54,Speaker,No,Yes,No,Visible,No,0,0,1,0,2025,9,Sep
1068,2025-09-28,Campaign Activity,Education,Asbest,Male,55+,Coordinator,No,Yes,Yes,Leadership,Yes,1,0,1,1,2025,9,Sep
1173,2025-09-28,Meeting,Economic Policy,Serov,Female,35-44,Participant,No,No,No,Basic,No,0,0,0,0,2025,9,Sep
2474,2025-09-28,Meeting,Economic Policy,Yekaterinburg,Male,35-44,Analyst,No,No,No,Professional,No,0,0,0,0,2025,9,Sep
2543,2025-09-28,Meeting,Education,Yekaterinburg,Female,18-24,Organizer,Yes,Yes,Yes,Leadership,Yes,1,1,1,1,2025,9,Sep
3448,2025-09-28,Campaign Activity,Local Government,Pervouralsk,Male,25-34,Speaker,No,Yes,No,Visible,No,0,0,1,0,2025,9,Sep
252,2025-09-29,Public Event,Local Government,Yekaterinburg,Male,55+,Participant,No,No,No,Basic,No,0,0,0,0,2025,9,Sep
429,2025-09-29,Community Outreach,Gender Equality,Nizhny Tagil,Female,25-34,Volunteer,No,No,No,Basic,No,0,0,0,0,2025,9,Sep
692,2025-09-29,Meeting,Local Government,Yekaterinburg,Male,35-44,Participant,No,No,No,Basic,No,0,0,0,0,2025,9,Sep
1239,2025-09-29,Meeting,Gender Equality,Yekaterinburg,Female,25-34,Participant,No,No,No,Basic,No,0,0,0,0,2025,9,Sep
2348,2025-09-29,Government Interaction,Economic Policy,Yekaterinburg,Male,25-34,Analyst,Yes,No,No,Professional,No,0,1,0,0,2025,9,Sep
3357,2025-09-29,Public Event,Gender Equality,Revda,Male,35-44,Organizer,No,No,Yes,Leadership,Yes,1,0,0,1,2025,9,Sep
3391,2025-09-29,Meeting,Youth Policy,Yekaterinburg,Female,25-34,Participant,No,No,No,Basic,No,0,0,0,0,2025,9,Sep
684,2025-09-30,Meeting,Local Government,Yekaterinburg,Female,25-34,Volunteer,No,No,No,Basic,No,0,0,0,0,2025,9,Sep
1112,2025-09-30,Public Event,Social Policy,Yekaterinburg,Female,35-44,Participant,No,No,No,Basic,No,0,0,0,0,2025,9,Sep
1943,2025-09-30,Community Outreach,Transport,Yekaterinburg,Female,35-44,Participant,No,No,No,Basic,No,0,0,0,0,2025,9,Sep
2644,2025-09-30,Survey,Local Government,Pervouralsk,Male,55+,Volunteer,No,No,No,Basic,No,0,0,0,0,2025,9,Sep
2736,2025-09-30,Campaign Activity,Economic Policy,Revda,Female,18-24,Volunteer,No,Yes,No,Basic,No,0,0,1,0,2025,9,Sep
3113,2025-09-30,Public Event,Education,Nizhny Tagil,Male,25-34,Participant,No,No,No,Basic,No,0,0,0,0,2025,9,Sep
3404,2025-09-30,Community Outreach,Social Policy,Yekaterinburg,Male,18-24,Volunteer,No,No,No,Basic,No,0,0,0,0,2025,9,Sep
29,2025-10-01,Community Outreach,Youth Policy,Yekaterinburg,Female,25-34,Volunteer,No,No,No,Basic,No,0,0,0,0,2025,10,Oct
180,2025-10-01,Media Activity,Healthcare,Yekaterinburg,Male,45-54,Organizer,Yes,No,Yes,Leadership,Yes,1,1,0,1,2025,10,Oct
278,2025-10-01,Media Activity,Healthcare,Yekaterinburg,Male,18-24,Coordinator,Yes,Yes,Yes,Leadership,Yes,1,1,1,1,2025,10,Oct
336,2025-10-01,Public Event,Transport,Kamensk-Uralsky,Male,25-34,Volunteer,No,No,No,Basic,No,0,0,0,0,2025,10,Oct
585,2025-10-01,Media Activity,Education,Kamensk-Uralsky,Male,35-44,Participant,No,No,No,Basic,No,0,0,0,0,2025,10,Oct
683,2025-10-01,Community Outreach,Gender Equality,Revda,Female,55+,Participant,No,No,No,Basic,No,0,0,0,0,2025,10,Oct
1749,2025-10-01,Government Interaction,Transport,Yekaterinburg,Male,55+,Participant,No,Yes,No,Basic,No,0,0,1,0,2025,10,Oct
2515,2025-10-01,Campaign Activity,Education,Yekaterinburg,Female,18-24,Organizer,Yes,Yes,Yes,Leadership,Yes,1,1,1,1,2025,10,Oct
2635,2025-10-01,Campaign Activity,Education,Yekaterinburg,Male,18-24,Participant,No,No,No,Basic,No,0,0,0,0,2025,10,Oct
2745,2025-10-01,Public Event,Social Policy,Yekaterinburg,Female,25-34,Participant,No,No,No,Basic,No,0,0,0,0,2025,10,Oct
2815,2025-10-01,Community Outreach,Housing,Yekaterinburg,Female,25-34,Volunteer,No,No,No,Basic,No,0,0,0,0,2025,10,Oct
3258,2025-10-01,Campaign Activity,Healthcare,Yekaterinburg,Female,18-24,Analyst,No,No,No,Professional,No,0,0,0,0,2025,10,Oct
24,2025-10-02,Educational Event,Transport,Yekaterinburg,Male,35-44,Coordinator,Yes,No,Yes,Leadership,Yes,1,1,0,1,2025,10,Oct
578,2025-10-02,Media Activity,Healthcare,Nizhny Tagil,Male,25-34,Participant,No,No,No,Basic,No,0,0,0,0,2025,10,Oct
1812,2025-10-02,Survey,Housing,Pervouralsk,Female,18-24,Analyst,Yes,No,No,Professional,No,0,1,0,0,2025,10,Oct
2886,2025-10-02,Educational Event,Housing,Yekaterinburg,Female,45-54,Participant,Yes,No,No,Basic,No,0,1,0,0,2025,10,Oct
3339,2025-10-02,Meeting,Economic Policy,Nizhny Tagil,Female,35-44,Coordinator,No,No,Yes,Leadership,Yes,1,0,0,1,2025,10,Oct
3434,2025-10-02,Meeting,Youth Policy,Asbest,Female,25-34,Participant,Yes,Yes,No,Basic,No,0,1,1,0,2025,10,Oct
780,2025-10-03,Meeting,Economic Policy,Kamensk-Uralsky,Male,45-54,Participant,No,No,No,Basic,No,0,0,0,0,2025,10,Oct
1265,2025-10-03,Government Interaction,Local Government,Yekaterinburg,Male,18-24,Participant,No,No,No,Basic,No,0,0,0,0,2025,10,Oct
1945,2025-10-03,Community Outreach,Education,Revda,Male,18-24,Participant,No,No,No,Basic,No,0,0,0,0,2025,10,Oct
2032,2025-10-03,Meeting,Housing,Yekaterinburg,Male,18-24,Volunteer,No,No,No,Basic,No,0,0,0,0,2025,10,Oct
2123,2025-10-03,Meeting,Housing,Nizhny Tagil,Female,35-44,Analyst,No,No,No,Professional,No,0,0,0,0,2025,10,Oct
2321,2025-10-03,Campaign Activity,Entrepreneurship,Yekaterinburg,Female,25-34,Participant,No,No,No,Basic,No,0,0,0,0,2025,10,Oct
3161,2025-10-03,Meeting,Education,Yekaterinburg,Male,25-34,Participant,No,No,No,Basic,No,0,0,0,0,2025,10,Oct
1631,2025-10-04,Survey,Youth Policy,Yekaterinburg,Male,55+,Coordinator,Yes,Yes,Yes,Leadership,Yes,1,1,1,1,2025,10,Oct
1797,2025-10-04,Public Event,Local Government,Yekaterinburg,Male,35-44,Coordinator,Yes,No,Yes,Leadership,Yes,1,1,0,1,2025,10,Oct
2026,2025-10-04,Community Outreach,Gender Equality,Nizhny Tagil,Female,25-34,Participant,No,No,No,Basic,No,0,0,0,0,2025,10,Oct
2230,2025-10-04,Survey,Education,Nizhny Tagil,Male,45-54,Participant,No,No,No,Basic,No,0,0,0,0,2025,10,Oct
2256,2025-10-04,Educational Event,Youth Policy,Yekaterinburg,Male,35-44,Participant,No,No,No,Basic,No,0,0,0,0,2025,10,Oct
3223,2025-10-04,Community Outreach,Local Government,Nizhny Tagil,Male,25-34,Participant,No,No,No,Basic,No,0,0,0,0,2025,10,Oct
3522,2025-10-04,Meeting,Education,Yekaterinburg,Male,55+,Analyst,No,No,Yes,Professional,No,0,0,0,1,2025,10,Oct
725,2025-10-05,Public Event,Healthcare,Pervouralsk,Female,35-44,Participant,No,No,No,Basic,No,0,0,0,0,2025,10,Oct
728,2025-10-05,Survey,Economic Policy,Yekaterinburg,Female,25-34,Participant,No,No,No,Basic,No,0,0,0,0,2025,10,Oct
1271,2025-10-05,Campaign Activity,Economic Policy,Nizhny Tagil,Male,25-34,Participant,No,No,No,Basic,No,0,0,0,0,2025,10,Oct
1274,2025-10-05,Community Outreach,Education,Yekaterinburg,Male,45-54,Participant,No,No,No,Basic,No,0,0,0,0,2025,10,Oct
1317,2025-10-05,Survey,Transport,Yekaterinburg,Male,18-24,Volunteer,No,No,No,Basic,No,0,0,0,0,2025,10,Oct
1507,2025-10-05,Meeting,Housing,Pervouralsk,Male,45-54,Coordinator,Yes,Yes,Yes,Leadership,Yes,1,1,1,1,2025,10,Oct
1610,2025-10-05,Meeting,Transport,Kamensk-Uralsky,Female,25-34,Participant,Yes,No,No,Basic,No,0,1,0,0,2025,10,Oct
1912,2025-10-05,Community Outreach,Social Policy,Pervouralsk,Female,55+,Participant,No,No,No,Basic,No,0,0,0,0,2025,10,Oct
2077,2025-10-05,Meeting,Youth Policy,Yekaterinburg,Male,35-44,Participant,No,No,No,Basic,No,0,0,0,0,2025,10,Oct
2812,2025-10-05,Survey,Economic Policy,Yekaterinburg,Male,35-44,Organizer,Yes,Yes,Yes,Leadership,Yes,1,1,1,1,2025,10,Oct
2960,2025-10-05,Public Event,Gender Equality,Yekaterinburg,Male,55+,Organizer,No,Yes,Yes,Leadership,Yes,1,0,1,1,2025,10,Oct
3013,2025-10-05,Community Outreach,Youth Policy,Serov,Male,25-34,Organizer,Yes,Yes,Yes,Leadership,Yes,1,1,1,1,2025,10,Oct
3124,2025-10-05,Meeting,Healthcare,Revda,Female,45-54,Participant,No,No,No,Basic,No,0,0,0,0,2025,10,Oct
3285,2025-10-05,Media Activity,Local Government,Pervouralsk,Female,35-44,Coordinator,No,No,Yes,Leadership,Yes,1,0,0,1,2025,10,Oct
575,2025-10-06,Survey,Entrepreneurship,Yekaterinburg,Male,18-24,Speaker,Yes,Yes,No,Visible,No,0,1,1,0,2025,10,Oct
928,2025-10-06,Government Interaction,Social Policy,Yekaterinburg,Male,18-24,Speaker,No,Yes,No,Visible,No,0,0,1,0,2025,10,Oct
978,2025-10-06,Meeting,Local Government,Serov,Female,55+,Organizer,Yes,Yes,Yes,Leadership,Yes,1,1,1,1,2025,10,Oct
1403,2025-10-06,Survey,Transport,Yekaterinburg,Male,35-44,Coordinator,Yes,Yes,Yes,Leadership,Yes,1,1,1,1,2025,10,Oct
1702,2025-10-06,Community Outreach,Local Government,Yekaterinburg,Male,35-44,Coordinator,Yes,Yes,Yes,Leadership,Yes,1,1,1,1,2025,10,Oct
1995,2025-10-06,Community Outreach,Transport,Serov,Male,18-24,Organizer,Yes,Yes,Yes,Leadership,Yes,1,1,1,1,2025,10,Oct
2590,2025-10-06,Community Outreach,Gender Equality,Yekaterinburg,Female,18-24,Participant,No,No,No,Basic,No,0,0,0,0,2025,10,Oct
2923,2025-10-06,Meeting,Local Government,Nizhny Tagil,Female,25-34,Volunteer,No,No,No,Basic,No,0,0,0,0,2025,10,Oct
3028,2025-10-06,Community Outreach,Transport,Yekaterinburg,Male,35-44,Volunteer,No,No,No,Basic,No,0,0,0,0,2025,10,Oct
3559,2025-10-06,Meeting,Education,Pervouralsk,Male,45-54,Coordinator,No,Yes,Yes,Leadership,Yes,1,0,1,1,2025,10,Oct
176,2025-10-07,Community Outreach,Healthcare,Asbest,Female,18-24,Participant,No,No,No,Basic,No,0,0,0,0,2025,10,Oct
550,2025-10-07,Campaign Activity,Local Government,Yekaterinburg,Female,25-34,Speaker,No,Yes,No,Visible,No,0,0,1,0,2025,10,Oct
652,2025-10-07,Meeting,Education,Kamensk-Uralsky,Male,18-24,Coordinator,Yes,No,Yes,Leadership,Yes,1,1,0,1,2025,10,Oct
790,2025-10-07,Community Outreach,Gender Equality,Revda,Male,55+,Organizer,Yes,Yes,Yes,Leadership,Yes,1,1,1,1,2025,10,Oct
2894,2025-10-07,Meeting,Gender Equality,Kamensk-Uralsky,Male,25-34,Organizer,Yes,No,Yes,Leadership,Yes,1,1,0,1,2025,10,Oct
3192,2025-10-07,Campaign Activity,Youth Policy,Yekaterinburg,Female,45-54,Speaker,No,Yes,No,Visible,No,0,0,1,0,2025,10,Oct
3359,2025-10-07,Campaign Activity,Local Government,Revda,Male,25-34,Participant,No,No,No,Basic,No,0,0,0,0,2025,10,Oct
46,2025-10-08,Survey,Youth Policy,Yekaterinburg,Male,45-54,Participant,No,No,No,Basic,No,0,0,0,0,2025,10,Oct
736,2025-10-08,Meeting,Gender Equality,Pervouralsk,Male,25-34,Participant,No,No,No,Basic,No,0,0,0,0,2025,10,Oct
1255,2025-10-08,Meeting,Economic Policy,Nizhny Tagil,Female,25-34,Participant,No,No,No,Basic,No,0,0,0,0,2025,10,Oct
1745,2025-10-08,Public Event,Social Policy,Kamensk-Uralsky,Male,25-34,Participant,No,No,No,Basic,No,0,0,0,0,2025,10,Oct
1984,2025-10-08,Government Interaction,Entrepreneurship,Yekaterinburg,Female,35-44,Volunteer,No,No,No,Basic,No,0,0,0,0,2025,10,Oct
2938,2025-10-08,Community Outreach,Youth Policy,Asbest,Female,18-24,Analyst,Yes,No,No,Professional,No,0,1,0,0,2025,10,Oct
25,2025-10-09,Government Interaction,Social Policy,Nizhny Tagil,Male,55+,Organizer,Yes,Yes,Yes,Leadership,Yes,1,1,1,1,2025,10,Oct
1104,2025-10-09,Campaign Activity,Education,Kamensk-Uralsky,Male,35-44,Speaker,No,Yes,No,Visible,No,0,0,1,0,2025,10,Oct
1778,2025-10-09,Government Interaction,Economic Policy,Yekaterinburg,Female,35-44,Participant,No,No,No,Basic,No,0,0,0,0,2025,10,Oct
2811,2025-10-09,Meeting,Gender Equality,Asbest,Female,55+,Volunteer,No,No,No,Basic,No,0,0,0,0,2025,10,Oct
3093,2025-10-09,Educational Event,Gender Equality,Yekaterinburg,Male,25-34,Volunteer,No,No,No,Basic,No,0,0,0,0,2025,10,Oct
57,2025-10-10,Meeting,Entrepreneurship,Pervouralsk,Female,25-34,Participant,No,No,No,Basic,No,0,0,0,0,2025,10,Oct
117,2025-10-10,Survey,Entrepreneurship,Yekaterinburg,Male,35-44,Participant,No,No,No,Basic,No,0,0,0,0,2025,10,Oct
915,2025-10-10,Meeting,Social Policy,Yekaterinburg,Male,25-34,Coordinator,Yes,Yes,Yes,Leadership,Yes,1,1,1,1,2025,10,Oct
950,2025-10-10,Public Event,Economic Policy,Yekaterinburg,Female,25-34,Coordinator,No,Yes,Yes,Leadership,Yes,1,0,1,1,2025,10,Oct
1031,2025-10-10,Public Event,Transport,Yekaterinburg,Male,18-24,Speaker,Yes,Yes,No,Visible,No,0,1,1,0,2025,10,Oct
1158,2025-10-10,Media Activity,Education,Kamensk-Uralsky,Female,25-34,Coordinator,No,No,Yes,Leadership,Yes,1,0,0,1,2025,10,Oct
1170,2025-10-10,Government Interaction,Local Government,Yekaterinburg,Female,25-34,Volunteer,No,No,No,Basic,No,0,0,0,0,2025,10,Oct
2070,2025-10-10,Educational Event,Entrepreneurship,Yekaterinburg,Male,25-34,Participant,No,No,No,Basic,No,0,0,0,0,2025,10,Oct
44,2025-10-11,Meeting,Healthcare,Pervouralsk,Female,25-34,Participant,No,No,No,Basic,No,0,0,0,0,2025,10,Oct
214,2025-10-11,Meeting,Housing,Yekaterinburg,Male,25-34,Participant,No,No,No,Basic,No,0,0,0,0,2025,10,Oct
965,2025-10-11,Meeting,Youth Policy,Yekaterinburg,Male,35-44,Volunteer,No,No,No,Basic,No,0,0,0,0,2025,10,Oct
2076,2025-10-11,Educational Event,Youth Policy,Yekaterinburg,Male,18-24,Analyst,Yes,No,No,Professional,No,0,1,0,0,2025,10,Oct
3266,2025-10-11,Campaign Activity,Housing,Yekaterinburg,Female,18-24,Participant,No,No,No,Basic,No,0,0,0,0,2025,10,Oct
181,2025-10-12,Meeting,Healthcare,Yekaterinburg,Male,18-24,Participant,No,No,No,Basic,No,0,0,0,0,2025,10,Oct
318,2025-10-12,Community Outreach,Education,Yekaterinburg,Male,45-54,Analyst,No,No,Yes,Professional,No,0,0,0,1,2025,10,Oct
935,2025-10-12,Community Outreach,Economic Policy,Serov,Male,35-44,Coordinator,Yes,Yes,Yes,Leadership,Yes,1,1,1,1,2025,10,Oct
1796,2025-10-12,Campaign Activity,Youth Policy,Yekaterinburg,Female,25-34,Participant,No,No,No,Basic,No,0,0,0,0,2025,10,Oct
2206,2025-10-12,Government Interaction,Education,Yekaterinburg,Male,35-44,Coordinator,No,Yes,Yes,Leadership,Yes,1,0,1,1,2025,10,Oct
451,2025-10-13,Media Activity,Economic Policy,Revda,Female,18-24,Participant,No,No,No,Basic,No,0,0,0,0,2025,10,Oct
1659,2025-10-13,Campaign Activity,Entrepreneurship,Yekaterinburg,Female,25-34,Participant,No,No,No,Basic,No,0,0,0,0,2025,10,Oct
1831,2025-10-13,Campaign Activity,Transport,Kamensk-Uralsky,Female,25-34,Volunteer,No,Yes,No,Basic,No,0,0,1,0,2025,10,Oct
1843,2025-10-13,Educational Event,Social Policy,Yekaterinburg,Female,18-24,Analyst,Yes,No,No,Professional,No,0,1,0,0,2025,10,Oct
2865,2025-10-13,Community Outreach,Local Government,Yekaterinburg,Female,45-54,Participant,Yes,No,No,Basic,No,0,1,0,0,2025,10,Oct
1217,2025-10-14,Public Event,Education,Nizhny Tagil,Female,25-34,Organizer,No,Yes,Yes,Leadership,Yes,1,0,1,1,2025,10,Oct
1953,2025-10-14,Campaign Activity,Gender Equality,Yekaterinburg,Male,25-34,Volunteer,No,Yes,No,Basic,No,0,0,1,0,2025,10,Oct
1116,2025-10-15,Meeting,Housing,Yekaterinburg,Female,18-24,Participant,No,No,No,Basic,No,0,0,0,0,2025,10,Oct
1639,2025-10-15,Campaign Activity,Youth Policy,Yekaterinburg,Female,35-44,Participant,No,No,No,Basic,No,0,0,0,0,2025,10,Oct
1822,2025-10-15,Community Outreach,Education,Yekaterinburg,Male,35-44,Participant,No,No,No,Basic,No,0,0,0,0,2025,10,Oct
111,2025-10-16,Educational Event,Gender Equality,Asbest,Female,35-44,Speaker,Yes,Yes,No,Visible,No,0,1,1,0,2025,10,Oct
940,2025-10-16,Campaign Activity,Youth Policy,Nizhny Tagil,Female,45-54,Analyst,Yes,No,No,Professional,No,0,1,0,0,2025,10,Oct
2180,2025-10-16,Meeting,Education,Pervouralsk,Male,18-24,Coordinator,Yes,No,Yes,Leadership,Yes,1,1,0,1,2025,10,Oct
2316,2025-10-16,Community Outreach,Healthcare,Yekaterinburg,Female,25-34,Participant,No,No,No,Basic,No,0,0,0,0,2025,10,Oct
2697,2025-10-16,Survey,Social Policy,Nizhny Tagil,Male,18-24,Participant,No,No,No,Basic,No,0,0,0,0,2025,10,Oct
2951,2025-10-16,Educational Event,Economic Policy,Serov,Female,35-44,Analyst,Yes,No,No,Professional,No,0,1,0,0,2025,10,Oct
3097,2025-10-16,Campaign Activity,Housing,Yekaterinburg,Female,55+,Analyst,No,No,No,Professional,No,0,0,0,0,2025,10,Oct
3300,2025-10-16,Media Activity,Social Policy,Yekaterinburg,Female,25-34,Participant,No,No,No,Basic,No,0,0,0,0,2025,10,Oct
3482,2025-10-16,Educational Event,Healthcare,Pervouralsk,Male,35-44,Coordinator,No,No,Yes,Leadership,Yes,1,0,0,1,2025,10,Oct
430,2025-10-17,Educational Event,Gender Equality,Kamensk-Uralsky,Male,25-34,Volunteer,No,Yes,No,Basic,No,0,0,1,0,2025,10,Oct
609,2025-10-17,Campaign Activity,Social Policy,Asbest,Male,35-44,Analyst,No,No,No,Professional,No,0,0,0,0,2025,10,Oct
1034,2025-10-17,Public Event,Youth Policy,Yekaterinburg,Male,18-24,Organizer,No,Yes,Yes,Leadership,Yes,1,0,1,1,2025,10,Oct
1449,2025-10-17,Meeting,Housing,Yekaterinburg,Male,25-34,Analyst,Yes,No,No,Professional,No,0,1,0,0,2025,10,Oct
1468,2025-10-17,Campaign Activity,Healthcare,Yekaterinburg,Female,45-54,Analyst,Yes,No,No,Professional,No,0,1,0,0,2025,10,Oct
1886,2025-10-17,Media Activity,Education,Yekaterinburg,Female,35-44,Participant,No,No,No,Basic,No,0,0,0,0,2025,10,Oct
2559,2025-10-17,Meeting,Entrepreneurship,Nizhny Tagil,Female,35-44,Volunteer,Yes,No,No,Basic,No,0,1,0,0,2025,10,Oct
2693,2025-10-17,Educational Event,Entrepreneurship,Yekaterinburg,Male,35-44,Participant,No,No,No,Basic,No,0,0,0,0,2025,10,Oct
2752,2025-10-17,Media Activity,Youth Policy,Yekaterinburg,Male,35-44,Analyst,No,No,Yes,Professional,No,0,0,0,1,2025,10,Oct
12,2025-10-18,Campaign Activity,Economic Policy,Nizhny Tagil,Male,25-34,Organizer,No,Yes,Yes,Leadership,Yes,1,0,1,1,2025,10,Oct
716,2025-10-18,Community Outreach,Local Government,Yekaterinburg,Female,25-34,Organizer,Yes,Yes,Yes,Leadership,Yes,1,1,1,1,2025,10,Oct
1064,2025-10-18,Meeting,Economic Policy,Yekaterinburg,Male,25-34,Analyst,No,No,No,Professional,No,0,0,0,0,2025,10,Oct
1370,2025-10-18,Community Outreach,Housing,Asbest,Female,45-54,Volunteer,No,No,No,Basic,No,0,0,0,0,2025,10,Oct
1406,2025-10-18,Campaign Activity,Social Policy,Yekaterinburg,Female,45-54,Coordinator,No,No,Yes,Leadership,Yes,1,0,0,1,2025,10,Oct
1771,2025-10-18,Meeting,Youth Policy,Yekaterinburg,Male,35-44,Participant,No,No,No,Basic,No,0,0,0,0,2025,10,Oct
1827,2025-10-18,Media Activity,Healthcare,Nizhny Tagil,Male,18-24,Analyst,No,No,No,Professional,No,0,0,0,0,2025,10,Oct
3288,2025-10-18,Public Event,Youth Policy,Kamensk-Uralsky,Female,18-24,Volunteer,No,No,No,Basic,No,0,0,0,0,2025,10,Oct
3363,2025-10-18,Community Outreach,Education,Yekaterinburg,Male,35-44,Coordinator,Yes,No,Yes,Leadership,Yes,1,1,0,1,2025,10,Oct
311,2025-10-19,Community Outreach,Entrepreneurship,Yekaterinburg,Male,25-34,Participant,No,No,No,Basic,No,0,0,0,0,2025,10,Oct
2306,2025-10-19,Educational Event,Entrepreneurship,Yekaterinburg,Female,35-44,Volunteer,No,No,No,Basic,No,0,0,0,0,2025,10,Oct
2329,2025-10-19,Educational Event,Local Government,Kamensk-Uralsky,Male,25-34,Coordinator,Yes,Yes,Yes,Leadership,Yes,1,1,1,1,2025,10,Oct
2429,2025-10-19,Media Activity,Education,Yekaterinburg,Male,35-44,Speaker,No,Yes,No,Visible,No,0,0,1,0,2025,10,Oct
2727,2025-10-19,Educational Event,Healthcare,Yekaterinburg,Male,25-34,Participant,No,No,No,Basic,No,0,0,0,0,2025,10,Oct
3145,2025-10-19,Meeting,Youth Policy,Yekaterinburg,Male,18-24,Organizer,Yes,Yes,Yes,Leadership,Yes,1,1,1,1,2025,10,Oct
94,2025-10-20,Community Outreach,Entrepreneurship,Yekaterinburg,Female,25-34,Participant,No,No,No,Basic,No,0,0,0,0,2025,10,Oct
282,2025-10-20,Media Activity,Youth Policy,Asbest,Female,35-44,Participant,No,No,No,Basic,No,0,0,0,0,2025,10,Oct
353,2025-10-20,Media Activity,Housing,Yekaterinburg,Male,25-34,Volunteer,No,No,No,Basic,No,0,0,0,0,2025,10,Oct
633,2025-10-20,Survey,Housing,Yekaterinburg,Female,35-44,Speaker,Yes,Yes,No,Visible,No,0,1,1,0,2025,10,Oct
2029,2025-10-20,Meeting,Education,Yekaterinburg,Male,35-44,Coordinator,Yes,Yes,Yes,Leadership,Yes,1,1,1,1,2025,10,Oct
2824,2025-10-20,Survey,Transport,Pervouralsk,Male,18-24,Speaker,Yes,Yes,No,Visible,No,0,1,1,0,2025,10,Oct
3496,2025-10-20,Public Event,Transport,Revda,Male,25-34,Participant,No,No,No,Basic,No,0,0,0,0,2025,10,Oct
13,2025-10-21,Community Outreach,Gender Equality,Serov,Male,18-24,Volunteer,No,No,No,Basic,No,0,0,0,0,2025,10,Oct
636,2025-10-21,Meeting,Gender Equality,Yekaterinburg,Female,25-34,Coordinator,Yes,Yes,Yes,Leadership,Yes,1,1,1,1,2025,10,Oct
1147,2025-10-21,Campaign Activity,Gender Equality,Yekaterinburg,Male,45-54,Coordinator,No,No,Yes,Leadership,Yes,1,0,0,1,2025,10,Oct
1443,2025-10-21,Public Event,Gender Equality,Asbest,Female,35-44,Participant,No,No,No,Basic,No,0,0,0,0,2025,10,Oct
1540,2025-10-21,Educational Event,Housing,Revda,Female,45-54,Volunteer,No,No,No,Basic,No,0,0,0,0,2025,10,Oct
2678,2025-10-21,Government Interaction,Healthcare,Revda,Male,45-54,Speaker,Yes,Yes,No,Visible,No,0,1,1,0,2025,10,Oct
3366,2025-10-21,Community Outreach,Gender Equality,Serov,Female,45-54,Coordinator,Yes,Yes,Yes,Leadership,Yes,1,1,1,1,2025,10,Oct
1571,2025-10-22,Government Interaction,Transport,Yekaterinburg,Female,45-54,Analyst,Yes,No,No,Professional,No,0,1,0,0,2025,10,Oct
3328,2025-10-22,Media Activity,Youth Policy,Yekaterinburg,Male,35-44,Coordinator,Yes,Yes,Yes,Leadership,Yes,1,1,1,1,2025,10,Oct
417,2025-10-23,Public Event,Social Policy,Yekaterinburg,Female,35-44,Participant,No,No,No,Basic,No,0,0,0,0,2025,10,Oct
505,2025-10-23,Educational Event,Education,Yekaterinburg,Male,25-34,Speaker,Yes,Yes,No,Visible,No,0,1,1,0,2025,10,Oct
856,2025-10-23,Campaign Activity,Social Policy,Yekaterinburg,Female,35-44,Participant,No,No,No,Basic,No,0,0,0,0,2025,10,Oct
1020,2025-10-23,Community Outreach,Gender Equality,Nizhny Tagil,Female,35-44,Participant,No,No,No,Basic,No,0,0,0,0,2025,10,Oct
1304,2025-10-23,Educational Event,Entrepreneurship,Yekaterinburg,Female,25-34,Organizer,Yes,No,Yes,Leadership,Yes,1,1,0,1,2025,10,Oct
1351,2025-10-23,Public Event,Social Policy,Yekaterinburg,Male,45-54,Participant,No,No,No,Basic,No,0,0,0,0,2025,10,Oct
1485,2025-10-23,Media Activity,Housing,Yekaterinburg,Male,35-44,Participant,No,No,No,Basic,No,0,0,0,0,2025,10,Oct
1668,2025-10-23,Educational Event,Local Government,Yekaterinburg,Female,45-54,Participant,No,No,No,Basic,No,0,0,0,0,2025,10,Oct
2185,2025-10-23,Public Event,Healthcare,Yekaterinburg,Male,18-24,Participant,No,No,No,Basic,No,0,0,0,0,2025,10,Oct
2698,2025-10-23,Community Outreach,Transport,Yekaterinburg,Female,25-34,Participant,No,No,No,Basic,No,0,0,0,0,2025,10,Oct
3080,2025-10-23,Campaign Activity,Gender Equality,Yekaterinburg,Female,35-44,Volunteer,No,No,No,Basic,No,0,0,0,0,2025,10,Oct
3098,2025-10-23,Meeting,Transport,Yekaterinburg,Female,18-24,Participant,No,No,No,Basic,No,0,0,0,0,2025,10,Oct
3185,2025-10-23,Government Interaction,Healthcare,Pervouralsk,Female,25-34,Volunteer,No,Yes,No,Basic,No,0,0,1,0,2025,10,Oct
1389,2025-10-24,Media Activity,Social Policy,Yekaterinburg,Male,45-54,Participant,No,No,No,Basic,No,0,0,0,0,2025,10,Oct
2440,2025-10-24,Campaign Activity,Housing,Serov,Male,45-54,Participant,No,No,No,Basic,No,0,0,0,0,2025,10,Oct
2667,2025-10-24,Meeting,Social Policy,Nizhny Tagil,Male,25-34,Analyst,No,No,No,Professional,No,0,0,0,0,2025,10,Oct
3375,2025-10-24,Community Outreach,Education,Yekaterinburg,Male,35-44,Participant,No,No,No,Basic,No,0,0,0,0,2025,10,Oct
321,2025-10-25,Public Event,Youth Policy,Nizhny Tagil,Male,35-44,Organizer,No,No,Yes,Leadership,Yes,1,0,0,1,2025,10,Oct
1028,2025-10-25,Campaign Activity,Education,Yekaterinburg,Female,25-34,Participant,No,No,No,Basic,No,0,0,0,0,2025,10,Oct
2056,2025-10-25,Public Event,Healthcare,Nizhny Tagil,Male,18-24,Participant,No,No,No,Basic,No,0,0,0,0,2025,10,Oct
2265,2025-10-25,Government Interaction,Social Policy,Yekaterinburg,Male,18-24,Coordinator,No,No,Yes,Leadership,Yes,1,0,0,1,2025,10,Oct
2382,2025-10-25,Community Outreach,Gender Equality,Yekaterinburg,Female,35-44,Speaker,No,Yes,No,Visible,No,0,0,1,0,2025,10,Oct
2532,2025-10-25,Community Outreach,Youth Policy,Yekaterinburg,Male,18-24,Participant,No,No,No,Basic,No,0,0,0,0,2025,10,Oct
2574,2025-10-25,Campaign Activity,Social Policy,Revda,Male,45-54,Coordinator,No,No,Yes,Leadership,Yes,1,0,0,1,2025,10,Oct
2802,2025-10-25,Public Event,Youth Policy,Yekaterinburg,Male,25-34,Analyst,No,No,No,Professional,No,0,0,0,0,2025,10,Oct
3014,2025-10-25,Meeting,Healthcare,Yekaterinburg,Male,18-24,Participant,Yes,No,No,Basic,No,0,1,0,0,2025,10,Oct
3501,2025-10-25,Campaign Activity,Education,Nizhny Tagil,Female,35-44,Participant,No,No,No,Basic,No,0,0,0,0,2025,10,Oct
49,2025-10-26,Public Event,Youth Policy,Asbest,Male,25-34,Speaker,No,Yes,No,Visible,No,0,0,1,0,2025,10,Oct
398,2025-10-26,Campaign Activity,Social Policy,Serov,Female,25-34,Participant,No,No,No,Basic,No,0,0,0,0,2025,10,Oct
1101,2025-10-26,Media Activity,Economic Policy,Asbest,Female,45-54,Participant,No,No,No,Basic,No,0,0,0,0,2025,10,Oct
1437,2025-10-26,Educational Event,Entrepreneurship,Yekaterinburg,Female,55+,Volunteer,No,No,No,Basic,No,0,0,0,0,2025,10,Oct
2007,2025-10-26,Meeting,Transport,Kamensk-Uralsky,Male,25-34,Speaker,Yes,Yes,No,Visible,No,0,1,1,0,2025,10,Oct
2252,2025-10-26,Educational Event,Education,Kamensk-Uralsky,Male,35-44,Analyst,Yes,No,No,Professional,No,0,1,0,0,2025,10,Oct
3250,2025-10-26,Media Activity,Entrepreneurship,Yekaterinburg,Male,55+,Coordinator,Yes,No,Yes,Leadership,Yes,1,1,0,1,2025,10,Oct
3407,2025-10-26,Educational Event,Gender Equality,Yekaterinburg,Male,45-54,Volunteer,No,No,No,Basic,No,0,0,0,0,2025,10,Oct
82,2025-10-27,Meeting,Youth Policy,Yekaterinburg,Female,25-34,Volunteer,No,No,No,Basic,No,0,0,0,0,2025,10,Oct
586,2025-10-27,Survey,Transport,Serov,Male,25-34,Participant,No,No,No,Basic,No,0,0,0,0,2025,10,Oct
618,2025-10-27,Meeting,Gender Equality,Yekaterinburg,Female,35-44,Volunteer,Yes,No,No,Basic,No,0,1,0,0,2025,10,Oct
1051,2025-10-27,Educational Event,Social Policy,Yekaterinburg,Male,45-54,Participant,No,No,No,Basic,No,0,0,0,0,2025,10,Oct
1752,2025-10-27,Survey,Economic Policy,Yekaterinburg,Female,45-54,Speaker,No,Yes,No,Visible,No,0,0,1,0,2025,10,Oct
1914,2025-10-27,Campaign Activity,Entrepreneurship,Pervouralsk,Male,35-44,Organizer,Yes,No,Yes,Leadership,Yes,1,1,0,1,2025,10,Oct
1941,2025-10-27,Media Activity,Entrepreneurship,Pervouralsk,Female,45-54,Analyst,Yes,Yes,No,Professional,No,0,1,1,0,2025,10,Oct
1972,2025-10-27,Meeting,Social Policy,Serov,Male,25-34,Organizer,No,Yes,Yes,Leadership,Yes,1,0,1,1,2025,10,Oct
2304,2025-10-27,Survey,Entrepreneurship,Serov,Male,25-34,Analyst,No,Yes,No,Professional,No,0,0,1,0,2025,10,Oct
3051,2025-10-27,Government Interaction,Economic Policy,Yekaterinburg,Male,35-44,Volunteer,No,No,No,Basic,No,0,0,0,0,2025,10,Oct
3207,2025-10-27,Community Outreach,Social Policy,Yekaterinburg,Female,45-54,Participant,No,No,No,Basic,No,0,0,0,0,2025,10,Oct
3564,2025-10-27,Survey,Youth Policy,Revda,Female,18-24,Participant,No,No,No,Basic,No,0,0,0,0,2025,10,Oct
577,2025-10-28,Community Outreach,Economic Policy,Yekaterinburg,Male,25-34,Speaker,No,Yes,No,Visible,No,0,0,1,0,2025,10,Oct
629,2025-10-28,Community Outreach,Economic Policy,Revda,Male,18-24,Participant,Yes,No,No,Basic,No,0,1,0,0,2025,10,Oct
1423,2025-10-28,Educational Event,Healthcare,Yekaterinburg,Female,35-44,Organizer,No,No,Yes,Leadership,Yes,1,0,0,1,2025,10,Oct
1970,2025-10-28,Educational Event,Local Government,Yekaterinburg,Male,55+,Participant,Yes,No,No,Basic,No,0,1,0,0,2025,10,Oct
3140,2025-10-28,Campaign Activity,Housing,Kamensk-Uralsky,Female,25-34,Analyst,Yes,No,No,Professional,No,0,1,0,0,2025,10,Oct
3536,2025-10-28,Government Interaction,Local Government,Revda,Male,35-44,Participant,No,No,No,Basic,No,0,0,0,0,2025,10,Oct
97,2025-10-29,Public Event,Entrepreneurship,Yekaterinburg,Female,35-44,Participant,No,No,No,Basic,No,0,0,0,0,2025,10,Oct
1252,2025-10-29,Survey,Education,Asbest,Female,25-34,Participant,Yes,No,No,Basic,No,0,1,0,0,2025,10,Oct
2533,2025-10-29,Government Interaction,Housing,Yekaterinburg,Male,45-54,Participant,No,No,No,Basic,No,0,0,0,0,2025,10,Oct
2777,2025-10-29,Public Event,Youth Policy,Yekaterinburg,Male,55+,Volunteer,No,No,No,Basic,No,0,0,0,0,2025,10,Oct
2333,2025-10-30,Public Event,Entrepreneurship,Yekaterinburg,Male,45-54,Participant,Yes,No,No,Basic,No,0,1,0,0,2025,10,Oct
2835,2025-10-30,Community Outreach,Local Government,Yekaterinburg,Male,25-34,Participant,No,No,No,Basic,No,0,0,0,0,2025,10,Oct
3095,2025-10-30,Campaign Activity,Transport,Yekaterinburg,Female,45-54,Volunteer,No,No,No,Basic,No,0,0,0,0,2025,10,Oct
3295,2025-10-30,Meeting,Education,Pervouralsk,Male,45-54,Speaker,No,Yes,Yes,Visible,No,0,0,1,1,2025,10,Oct
1019,2025-10-31,Campaign Activity,Local Government,Yekaterinburg,Female,18-24,Participant,No,No,No,Basic,No,0,0,0,0,2025,10,Oct
1100,2025-10-31,Survey,Entrepreneurship,Yekaterinburg,Female,18-24,Participant,No,No,No,Basic,No,0,0,0,0,2025,10,Oct
2862,2025-10-31,Survey,Youth Policy,Asbest,Male,35-44,Coordinator,Yes,Yes,Yes,Leadership,Yes,1,1,1,1,2025,10,Oct
4,2025-11-01,Public Event,Local Government,Yekaterinburg,Male,18-24,Participant,No,No,No,Basic,No,0,0,0,0,2025,11,Nov
189,2025-11-01,Campaign Activity,Youth Policy,Nizhny Tagil,Male,45-54,Volunteer,No,No,No,Basic,No,0,0,0,0,2025,11,Nov
408,2025-11-01,Meeting,Youth Policy,Yekaterinburg,Male,25-34,Volunteer,Yes,No,No,Basic,No,0,1,0,0,2025,11,Nov
731,2025-11-01,Meeting,Social Policy,Yekaterinburg,Female,25-34,Organizer,Yes,No,Yes,Leadership,Yes,1,1,0,1,2025,11,Nov
745,2025-11-01,Survey,Gender Equality,Kamensk-Uralsky,Male,18-24,Volunteer,No,No,No,Basic,No,0,0,0,0,2025,11,Nov
1194,2025-11-01,Media Activity,Education,Yekaterinburg,Male,35-44,Organizer,Yes,No,Yes,Leadership,Yes,1,1,0,1,2025,11,Nov
1713,2025-11-01,Campaign Activity,Housing,Yekaterinburg,Male,45-54,Speaker,No,Yes,No,Visible,No,0,0,1,0,2025,11,Nov
2025,2025-11-01,Meeting,Transport,Yekaterinburg,Female,55+,Coordinator,No,No,Yes,Leadership,Yes,1,0,0,1,2025,11,Nov
2788,2025-11-01,Meeting,Economic Policy,Yekaterinburg,Male,25-34,Participant,No,No,No,Basic,No,0,0,0,0,2025,11,Nov
2905,2025-11-01,Survey,Entrepreneurship,Yekaterinburg,Female,18-24,Participant,No,No,No,Basic,No,0,0,0,0,2025,11,Nov
3487,2025-11-01,Survey,Education,Yekaterinburg,Male,25-34,Coordinator,Yes,No,Yes,Leadership,Yes,1,1,0,1,2025,11,Nov
85,2025-11-02,Meeting,Economic Policy,Yekaterinburg,Female,18-24,Analyst,No,No,No,Professional,No,0,0,0,0,2025,11,Nov
870,2025-11-02,Public Event,Healthcare,Revda,Female,25-34,Participant,No,No,No,Basic,No,0,0,0,0,2025,11,Nov
1184,2025-11-02,Community Outreach,Youth Policy,Yekaterinburg,Female,18-24,Participant,No,No,No,Basic,No,0,0,0,0,2025,11,Nov
1779,2025-11-02,Public Event,Education,Nizhny Tagil,Female,45-54,Participant,No,No,No,Basic,No,0,0,0,0,2025,11,Nov
2132,2025-11-02,Educational Event,Social Policy,Yekaterinburg,Male,25-34,Coordinator,Yes,No,Yes,Leadership,Yes,1,1,0,1,2025,11,Nov
2558,2025-11-02,Meeting,Education,Asbest,Female,25-34,Speaker,Yes,Yes,No,Visible,No,0,1,1,0,2025,11,Nov
2561,2025-11-02,Government Interaction,Healthcare,Serov,Male,18-24,Analyst,No,No,No,Professional,No,0,0,0,0,2025,11,Nov
2988,2025-11-02,Media Activity,Housing,Yekaterinburg,Male,25-34,Participant,No,No,No,Basic,No,0,0,0,0,2025,11,Nov
3087,2025-11-02,Media Activity,Transport,Pervouralsk,Female,55+,Volunteer,No,No,No,Basic,No,0,0,0,0,2025,11,Nov
1113,2025-11-03,Community Outreach,Youth Policy,Yekaterinburg,Male,55+,Speaker,No,Yes,No,Visible,No,0,0,1,0,2025,11,Nov
1172,2025-11-03,Campaign Activity,Social Policy,Yekaterinburg,Male,25-34,Coordinator,Yes,No,Yes,Leadership,Yes,1,1,0,1,2025,11,Nov
1666,2025-11-03,Meeting,Youth Policy,Pervouralsk,Male,35-44,Participant,Yes,No,No,Basic,No,0,1,0,0,2025,11,Nov
2174,2025-11-03,Community Outreach,Economic Policy,Revda,Female,25-34,Participant,No,No,No,Basic,No,0,0,0,0,2025,11,Nov
2269,2025-11-03,Meeting,Healthcare,Yekaterinburg,Male,35-44,Participant,No,No,No,Basic,No,0,0,0,0,2025,11,Nov
2578,2025-11-03,Campaign Activity,Transport,Yekaterinburg,Male,18-24,Coordinator,Yes,Yes,Yes,Leadership,Yes,1,1,1,1,2025,11,Nov
3245,2025-11-03,Community Outreach,Transport,Serov,Female,55+,Volunteer,No,No,No,Basic,No,0,0,0,0,2025,11,Nov
3279,2025-11-03,Government Interaction,Youth Policy,Yekaterinburg,Female,35-44,Volunteer,No,No,No,Basic,No,0,0,0,0,2025,11,Nov
701,2025-11-04,Community Outreach,Local Government,Yekaterinburg,Female,35-44,Volunteer,No,No,No,Basic,No,0,0,0,0,2025,11,Nov
1407,2025-11-04,Survey,Local Government,Kamensk-Uralsky,Male,45-54,Organizer,Yes,Yes,Yes,Leadership,Yes,1,1,1,1,2025,11,Nov
2442,2025-11-04,Meeting,Education,Yekaterinburg,Female,45-54,Coordinator,No,No,Yes,Leadership,Yes,1,0,0,1,2025,11,Nov
2509,2025-11-04,Campaign Activity,Youth Policy,Serov,Male,25-34,Organizer,No,Yes,Yes,Leadership,Yes,1,0,1,1,2025,11,Nov
3036,2025-11-04,Public Event,Housing,Serov,Male,55+,Participant,No,No,No,Basic,No,0,0,0,0,2025,11,Nov
3075,2025-11-04,Government Interaction,Transport,Yekaterinburg,Male,18-24,Participant,Yes,No,No,Basic,No,0,1,0,0,2025,11,Nov
1600,2025-11-05,Community Outreach,Social Policy,Serov,Female,35-44,Participant,No,No,No,Basic,No,0,0,0,0,2025,11,Nov
2386,2025-11-05,Campaign Activity,Economic Policy,Yekaterinburg,Male,45-54,Analyst,Yes,No,No,Professional,No,0,1,0,0,2025,11,Nov
2778,2025-11-05,Educational Event,Economic Policy,Yekaterinburg,Male,18-24,Coordinator,Yes,Yes,Yes,Leadership,Yes,1,1,1,1,2025,11,Nov
2781,2025-11-05,Government Interaction,Housing,Yekaterinburg,Female,25-34,Volunteer,No,No,No,Basic,No,0,0,0,0,2025,11,Nov
2975,2025-11-05,Campaign Activity,Transport,Yekaterinburg,Male,25-34,Analyst,Yes,No,No,Professional,No,0,1,0,0,2025,11,Nov
3273,2025-11-05,Campaign Activity,Youth Policy,Yekaterinburg,Male,18-24,Organizer,Yes,No,Yes,Leadership,Yes,1,1,0,1,2025,11,Nov
566,2025-11-06,Public Event,Youth Policy,Yekaterinburg,Male,35-44,Speaker,No,Yes,No,Visible,No,0,0,1,0,2025,11,Nov
641,2025-11-06,Survey,Entrepreneurship,Nizhny Tagil,Male,18-24,Participant,No,No,No,Basic,No,0,0,0,0,2025,11,Nov
1103,2025-11-06,Campaign Activity,Transport,Revda,Male,18-24,Speaker,Yes,Yes,Yes,Visible,No,0,1,1,1,2025,11,Nov
1127,2025-11-06,Survey,Gender Equality,Yekaterinburg,Male,25-34,Participant,No,Yes,No,Basic,No,0,0,1,0,2025,11,Nov
1578,2025-11-06,Meeting,Gender Equality,Yekaterinburg,Male,45-54,Speaker,Yes,Yes,No,Visible,No,0,1,1,0,2025,11,Nov
1728,2025-11-06,Media Activity,Transport,Pervouralsk,Male,18-24,Participant,No,No,No,Basic,No,0,0,0,0,2025,11,Nov
2425,2025-11-06,Educational Event,Local Government,Yekaterinburg,Male,45-54,Organizer,Yes,No,Yes,Leadership,Yes,1,1,0,1,2025,11,Nov
3,2025-11-07,Community Outreach,Local Government,Yekaterinburg,Male,55+,Analyst,Yes,No,No,Professional,No,0,1,0,0,2025,11,Nov
10,2025-11-07,Public Event,Gender Equality,Yekaterinburg,Female,45-54,Participant,No,No,No,Basic,No,0,0,0,0,2025,11,Nov
129,2025-11-07,Government Interaction,Transport,Yekaterinburg,Female,25-34,Analyst,No,No,No,Professional,No,0,0,0,0,2025,11,Nov
400,2025-11-07,Meeting,Transport,Pervouralsk,Female,35-44,Participant,No,No,No,Basic,No,0,0,0,0,2025,11,Nov
1193,2025-11-07,Public Event,Housing,Yekaterinburg,Male,25-34,Participant,No,Yes,No,Basic,No,0,0,1,0,2025,11,Nov
1228,2025-11-07,Campaign Activity,Education,Yekaterinburg,Male,35-44,Participant,No,No,No,Basic,No,0,0,0,0,2025,11,Nov
1859,2025-11-07,Meeting,Social Policy,Nizhny Tagil,Female,35-44,Organizer,Yes,No,Yes,Leadership,Yes,1,1,0,1,2025,11,Nov
1994,2025-11-07,Meeting,Gender Equality,Yekaterinburg,Female,55+,Participant,No,No,No,Basic,No,0,0,0,0,2025,11,Nov
2282,2025-11-07,Public Event,Healthcare,Pervouralsk,Female,45-54,Volunteer,No,No,No,Basic,No,0,0,0,0,2025,11,Nov
2498,2025-11-07,Community Outreach,Healthcare,Asbest,Female,35-44,Speaker,Yes,Yes,Yes,Visible,No,0,1,1,1,2025,11,Nov
2608,2025-11-07,Public Event,Youth Policy,Yekaterinburg,Female,45-54,Participant,No,No,No,Basic,No,0,0,0,0,2025,11,Nov
2634,2025-11-07,Public Event,Social Policy,Yekaterinburg,Male,25-34,Organizer,Yes,Yes,Yes,Leadership,Yes,1,1,1,1,2025,11,Nov
40,2025-11-08,Community Outreach,Healthcare,Yekaterinburg,Male,25-34,Volunteer,No,No,No,Basic,No,0,0,0,0,2025,11,Nov
2159,2025-11-08,Public Event,Transport,Yekaterinburg,Female,18-24,Participant,No,No,No,Basic,No,0,0,0,0,2025,11,Nov
39,2025-11-09,Survey,Healthcare,Yekaterinburg,Female,35-44,Organizer,No,No,Yes,Leadership,Yes,1,0,0,1,2025,11,Nov
371,2025-11-09,Media Activity,Education,Serov,Male,18-24,Coordinator,Yes,Yes,Yes,Leadership,Yes,1,1,1,1,2025,11,Nov
1139,2025-11-09,Meeting,Social Policy,Yekaterinburg,Female,55+,Participant,No,No,No,Basic,No,0,0,0,0,2025,11,Nov
1192,2025-11-09,Meeting,Transport,Yekaterinburg,Female,45-54,Volunteer,No,No,No,Basic,No,0,0,0,0,2025,11,Nov
1476,2025-11-09,Public Event,Education,Yekaterinburg,Male,25-34,Organizer,Yes,No,Yes,Leadership,Yes,1,1,0,1,2025,11,Nov
1537,2025-11-09,Meeting,Entrepreneurship,Nizhny Tagil,Male,35-44,Coordinator,No,No,Yes,Leadership,Yes,1,0,0,1,2025,11,Nov
662,2025-11-10,Educational Event,Healthcare,Nizhny Tagil,Male,18-24,Participant,No,Yes,No,Basic,No,0,0,1,0,2025,11,Nov
739,2025-11-10,Community Outreach,Economic Policy,Pervouralsk,Female,35-44,Participant,No,No,No,Basic,No,0,0,0,0,2025,11,Nov
1336,2025-11-10,Meeting,Healthcare,Revda,Male,25-34,Participant,No,No,No,Basic,No,0,0,0,0,2025,11,Nov
1471,2025-11-10,Public Event,Housing,Yekaterinburg,Male,35-44,Participant,No,No,No,Basic,No,0,0,0,0,2025,11,Nov
2391,2025-11-10,Meeting,Housing,Yekaterinburg,Male,55+,Volunteer,No,No,No,Basic,No,0,0,0,0,2025,11,Nov
215,2025-11-11,Campaign Activity,Entrepreneurship,Yekaterinburg,Male,25-34,Organizer,No,No,Yes,Leadership,Yes,1,0,0,1,2025,11,Nov
3275,2025-11-11,Public Event,Education,Nizhny Tagil,Male,55+,Participant,No,Yes,No,Basic,No,0,0,1,0,2025,11,Nov
1253,2025-11-12,Survey,Social Policy,Revda,Female,25-34,Volunteer,No,No,Yes,Basic,No,0,0,0,1,2025,11,Nov
2128,2025-11-12,Campaign Activity,Social Policy,Yekaterinburg,Female,18-24,Volunteer,No,Yes,No,Basic,No,0,0,1,0,2025,11,Nov
2516,2025-11-12,Survey,Entrepreneurship,Yekaterinburg,Male,35-44,Participant,No,No,No,Basic,No,0,0,0,0,2025,11,Nov
7,2025-11-13,Meeting,Youth Policy,Yekaterinburg,Male,35-44,Analyst,Yes,No,No,Professional,No,0,1,0,0,2025,11,Nov
479,2025-11-13,Meeting,Economic Policy,Yekaterinburg,Male,35-44,Coordinator,Yes,No,Yes,Leadership,Yes,1,1,0,1,2025,11,Nov
2390,2025-11-13,Community Outreach,Housing,Yekaterinburg,Female,45-54,Volunteer,No,No,No,Basic,No,0,0,0,0,2025,11,Nov
2519,2025-11-13,Educational Event,Transport,Yekaterinburg,Male,25-34,Analyst,Yes,No,No,Professional,No,0,1,0,0,2025,11,Nov
2677,2025-11-13,Public Event,Transport,Yekaterinburg,Male,25-34,Analyst,Yes,No,No,Professional,No,0,1,0,0,2025,11,Nov
2787,2025-11-13,Public Event,Local Government,Pervouralsk,Male,25-34,Participant,No,No,No,Basic,No,0,0,0,0,2025,11,Nov
3154,2025-11-13,Educational Event,Economic Policy,Yekaterinburg,Female,35-44,Participant,No,No,No,Basic,No,0,0,0,0,2025,11,Nov
3202,2025-11-13,Government Interaction,Healthcare,Nizhny Tagil,Male,35-44,Participant,No,Yes,No,Basic,No,0,0,1,0,2025,11,Nov
3203,2025-11-13,Community Outreach,Social Policy,Pervouralsk,Male,25-34,Coordinator,Yes,Yes,Yes,Leadership,Yes,1,1,1,1,2025,11,Nov
3232,2025-11-13,Community Outreach,Local Government,Revda,Female,25-34,Participant,No,No,No,Basic,No,0,0,0,0,2025,11,Nov
3419,2025-11-13,Meeting,Transport,Pervouralsk,Female,35-44,Participant,No,No,No,Basic,No,0,0,0,0,2025,11,Nov
851,2025-11-14,Educational Event,Local Government,Yekaterinburg,Female,25-34,Participant,No,No,No,Basic,No,0,0,0,0,2025,11,Nov
1570,2025-11-14,Campaign Activity,Transport,Revda,Male,45-54,Organizer,Yes,Yes,Yes,Leadership,Yes,1,1,1,1,2025,11,Nov
1658,2025-11-14,Campaign Activity,Social Policy,Nizhny Tagil,Male,25-34,Participant,No,Yes,No,Basic,No,0,0,1,0,2025,11,Nov
1969,2025-11-14,Meeting,Youth Policy,Pervouralsk,Male,25-34,Coordinator,Yes,No,Yes,Leadership,Yes,1,1,0,1,2025,11,Nov
2458,2025-11-14,Community Outreach,Social Policy,Yekaterinburg,Female,45-54,Coordinator,Yes,Yes,Yes,Leadership,Yes,1,1,1,1,2025,11,Nov
254,2025-11-15,Campaign Activity,Social Policy,Kamensk-Uralsky,Female,25-34,Participant,No,No,No,Basic,No,0,0,0,0,2025,11,Nov
396,2025-11-15,Meeting,Local Government,Pervouralsk,Female,25-34,Coordinator,Yes,Yes,Yes,Leadership,Yes,1,1,1,1,2025,11,Nov
986,2025-11-15,Survey,Economic Policy,Revda,Male,55+,Volunteer,No,No,No,Basic,No,0,0,0,0,2025,11,Nov
1092,2025-11-15,Public Event,Youth Policy,Yekaterinburg,Male,35-44,Volunteer,No,No,No,Basic,No,0,0,0,0,2025,11,Nov
1815,2025-11-15,Government Interaction,Social Policy,Yekaterinburg,Male,18-24,Coordinator,No,Yes,Yes,Leadership,Yes,1,0,1,1,2025,11,Nov
1820,2025-11-15,Campaign Activity,Gender Equality,Yekaterinburg,Male,25-34,Analyst,No,No,No,Professional,No,0,0,0,0,2025,11,Nov
1833,2025-11-15,Government Interaction,Education,Yekaterinburg,Female,45-54,Volunteer,No,No,No,Basic,No,0,0,0,0,2025,11,Nov
1920,2025-11-15,Community Outreach,Local Government,Yekaterinburg,Male,35-44,Analyst,Yes,No,No,Professional,No,0,1,0,0,2025,11,Nov
2288,2025-11-15,Meeting,Local Government,Revda,Male,45-54,Coordinator,Yes,Yes,Yes,Leadership,Yes,1,1,1,1,2025,11,Nov
3136,2025-11-15,Media Activity,Social Policy,Yekaterinburg,Male,45-54,Volunteer,No,No,No,Basic,No,0,0,0,0,2025,11,Nov
634,2025-11-16,Survey,Entrepreneurship,Yekaterinburg,Female,35-44,Participant,No,No,No,Basic,No,0,0,0,0,2025,11,Nov
1221,2025-11-16,Government Interaction,Transport,Kamensk-Uralsky,Female,55+,Participant,No,No,No,Basic,No,0,0,0,0,2025,11,Nov
2153,2025-11-16,Survey,Entrepreneurship,Yekaterinburg,Male,25-34,Organizer,No,No,Yes,Leadership,Yes,1,0,0,1,2025,11,Nov
2171,2025-11-16,Survey,Gender Equality,Yekaterinburg,Female,25-34,Speaker,No,Yes,Yes,Visible,No,0,0,1,1,2025,11,Nov
2314,2025-11-16,Public Event,Gender Equality,Yekaterinburg,Female,25-34,Participant,No,No,No,Basic,No,0,0,0,0,2025,11,Nov
67,2025-11-17,Public Event,Gender Equality,Yekaterinburg,Male,18-24,Participant,No,No,No,Basic,No,0,0,0,0,2025,11,Nov
225,2025-11-17,Government Interaction,Healthcare,Yekaterinburg,Female,35-44,Participant,No,No,No,Basic,No,0,0,0,0,2025,11,Nov
993,2025-11-17,Government Interaction,Local Government,Yekaterinburg,Male,35-44,Speaker,No,Yes,No,Visible,No,0,0,1,0,2025,11,Nov
1215,2025-11-17,Campaign Activity,Gender Equality,Nizhny Tagil,Female,25-34,Volunteer,No,No,No,Basic,No,0,0,0,0,2025,11,Nov
1453,2025-11-17,Community Outreach,Education,Kamensk-Uralsky,Male,55+,Coordinator,Yes,No,Yes,Leadership,Yes,1,1,0,1,2025,11,Nov
2415,2025-11-17,Meeting,Education,Revda,Male,25-34,Participant,No,No,No,Basic,No,0,0,0,0,2025,11,Nov
2956,2025-11-17,Campaign Activity,Gender Equality,Pervouralsk,Female,35-44,Organizer,No,Yes,Yes,Leadership,Yes,1,0,1,1,2025,11,Nov
3129,2025-11-17,Survey,Entrepreneurship,Yekaterinburg,Male,55+,Participant,No,Yes,No,Basic,No,0,0,1,0,2025,11,Nov
3187,2025-11-17,Campaign Activity,Youth Policy,Yekaterinburg,Male,55+,Coordinator,Yes,No,Yes,Leadership,Yes,1,1,0,1,2025,11,Nov
413,2025-11-18,Media Activity,Housing,Yekaterinburg,Female,55+,Analyst,No,No,No,Professional,No,0,0,0,0,2025,11,Nov
815,2025-11-18,Public Event,Healthcare,Asbest,Female,25-34,Volunteer,No,No,No,Basic,No,0,0,0,0,2025,11,Nov
1687,2025-11-18,Survey,Entrepreneurship,Kamensk-Uralsky,Male,35-44,Volunteer,No,No,No,Basic,No,0,0,0,0,2025,11,Nov
1846,2025-11-18,Public Event,Transport,Revda,Male,25-34,Participant,No,No,No,Basic,No,0,0,0,0,2025,11,Nov
1939,2025-11-18,Campaign Activity,Healthcare,Yekaterinburg,Female,55+,Participant,No,No,No,Basic,No,0,0,0,0,2025,11,Nov
1993,2025-11-18,Community Outreach,Transport,Yekaterinburg,Female,45-54,Volunteer,No,No,No,Basic,No,0,0,0,0,2025,11,Nov
2626,2025-11-18,Meeting,Youth Policy,Yekaterinburg,Female,25-34,Participant,No,No,No,Basic,No,0,0,0,0,2025,11,Nov
2746,2025-11-18,Community Outreach,Entrepreneurship,Revda,Male,55+,Analyst,No,No,No,Professional,No,0,0,0,0,2025,11,Nov
2750,2025-11-18,Government Interaction,Social Policy,Nizhny Tagil,Female,25-34,Speaker,Yes,Yes,No,Visible,No,0,1,1,0,2025,11,Nov
2942,2025-11-18,Public Event,Housing,Yekaterinburg,Female,25-34,Volunteer,No,No,No,Basic,No,0,0,0,0,2025,11,Nov
1188,2025-11-19,Survey,Economic Policy,Yekaterinburg,Male,25-34,Coordinator,Yes,No,Yes,Leadership,Yes,1,1,0,1,2025,11,Nov
1373,2025-11-19,Public Event,Transport,Yekaterinburg,Female,18-24,Speaker,Yes,Yes,No,Visible,No,0,1,1,0,2025,11,Nov
1484,2025-11-19,Meeting,Local Government,Pervouralsk,Female,25-34,Coordinator,Yes,No,Yes,Leadership,Yes,1,1,0,1,2025,11,Nov
2925,2025-11-19,Campaign Activity,Social Policy,Yekaterinburg,Female,35-44,Volunteer,No,No,No,Basic,No,0,0,0,0,2025,11,Nov
236,2025-11-20,Campaign Activity,Social Policy,Yekaterinburg,Male,18-24,Coordinator,No,Yes,Yes,Leadership,Yes,1,0,1,1,2025,11,Nov
875,2025-11-20,Community Outreach,Transport,Yekaterinburg,Male,25-34,Participant,No,No,No,Basic,No,0,0,0,0,2025,11,Nov
995,2025-11-20,Public Event,Gender Equality,Yekaterinburg,Male,45-54,Participant,No,No,No,Basic,No,0,0,0,0,2025,11,Nov
1799,2025-11-20,Government Interaction,Education,Revda,Male,25-34,Speaker,No,Yes,No,Visible,No,0,0,1,0,2025,11,Nov
1878,2025-11-20,Campaign Activity,Transport,Yekaterinburg,Female,45-54,Volunteer,No,No,No,Basic,No,0,0,0,0,2025,11,Nov
2914,2025-11-20,Survey,Healthcare,Yekaterinburg,Male,25-34,Coordinator,Yes,Yes,Yes,Leadership,Yes,1,1,1,1,2025,11,Nov
3361,2025-11-20,Campaign Activity,Healthcare,Yekaterinburg,Female,45-54,Participant,No,No,No,Basic,No,0,0,0,0,2025,11,Nov
1183,2025-11-21,Media Activity,Housing,Yekaterinburg,Female,35-44,Participant,No,No,No,Basic,No,0,0,0,0,2025,11,Nov
1577,2025-11-21,Meeting,Entrepreneurship,Kamensk-Uralsky,Male,35-44,Coordinator,Yes,Yes,Yes,Leadership,Yes,1,1,1,1,2025,11,Nov
1602,2025-11-21,Meeting,Youth Policy,Kamensk-Uralsky,Female,55+,Analyst,Yes,No,No,Professional,No,0,1,0,0,2025,11,Nov
3438,2025-11-21,Survey,Entrepreneurship,Yekaterinburg,Female,25-34,Participant,No,No,No,Basic,No,0,0,0,0,2025,11,Nov
3596,2025-11-21,Media Activity,Economic Policy,Nizhny Tagil,Male,35-44,Participant,No,No,No,Basic,No,0,0,0,0,2025,11,Nov
1143,2025-11-22,Survey,Education,Yekaterinburg,Male,35-44,Participant,No,No,No,Basic,No,0,0,0,0,2025,11,Nov
1472,2025-11-22,Campaign Activity,Local Government,Yekaterinburg,Female,35-44,Coordinator,Yes,No,Yes,Leadership,Yes,1,1,0,1,2025,11,Nov
1489,2025-11-22,Media Activity,Youth Policy,Asbest,Male,25-34,Participant,No,No,No,Basic,No,0,0,0,0,2025,11,Nov
1905,2025-11-22,Educational Event,Gender Equality,Yekaterinburg,Male,35-44,Volunteer,No,No,No,Basic,No,0,0,0,0,2025,11,Nov
1933,2025-11-22,Community Outreach,Transport,Nizhny Tagil,Male,35-44,Participant,No,No,No,Basic,No,0,0,0,0,2025,11,Nov
3225,2025-11-22,Community Outreach,Local Government,Yekaterinburg,Female,25-34,Coordinator,Yes,Yes,Yes,Leadership,Yes,1,1,1,1,2025,11,Nov
297,2025-11-23,Public Event,Youth Policy,Yekaterinburg,Male,25-34,Participant,No,No,No,Basic,No,0,0,0,0,2025,11,Nov
619,2025-11-23,Media Activity,Housing,Pervouralsk,Female,35-44,Volunteer,No,No,No,Basic,No,0,0,0,0,2025,11,Nov
623,2025-11-23,Campaign Activity,Transport,Revda,Male,35-44,Participant,No,No,No,Basic,No,0,0,0,0,2025,11,Nov
743,2025-11-23,Community Outreach,Healthcare,Yekaterinburg,Male,18-24,Volunteer,No,Yes,No,Basic,No,0,0,1,0,2025,11,Nov
821,2025-11-23,Public Event,Economic Policy,Kamensk-Uralsky,Female,25-34,Participant,No,Yes,No,Basic,No,0,0,1,0,2025,11,Nov
1530,2025-11-23,Media Activity,Healthcare,Yekaterinburg,Female,25-34,Volunteer,No,No,No,Basic,No,0,0,0,0,2025,11,Nov
3332,2025-11-23,Government Interaction,Economic Policy,Pervouralsk,Female,25-34,Participant,No,No,No,Basic,No,0,0,0,0,2025,11,Nov
545,2025-11-24,Community Outreach,Local Government,Pervouralsk,Female,25-34,Coordinator,No,No,Yes,Leadership,Yes,1,0,0,1,2025,11,Nov
793,2025-11-24,Community Outreach,Gender Equality,Yekaterinburg,Female,45-54,Volunteer,No,No,No,Basic,No,0,0,0,0,2025,11,Nov
1027,2025-11-24,Educational Event,Education,Revda,Male,35-44,Participant,No,No,No,Basic,No,0,0,0,0,2025,11,Nov
1269,2025-11-24,Campaign Activity,Local Government,Kamensk-Uralsky,Male,18-24,Speaker,Yes,Yes,No,Visible,No,0,1,1,0,2025,11,Nov
37,2025-11-25,Educational Event,Social Policy,Revda,Female,18-24,Volunteer,No,No,No,Basic,No,0,0,0,0,2025,11,Nov
1839,2025-11-25,Media Activity,Local Government,Yekaterinburg,Male,25-34,Volunteer,No,No,No,Basic,No,0,0,0,0,2025,11,Nov
2071,2025-11-25,Community Outreach,Housing,Asbest,Male,25-34,Participant,No,No,No,Basic,No,0,0,0,0,2025,11,Nov
2338,2025-11-25,Campaign Activity,Local Government,Yekaterinburg,Female,18-24,Participant,No,No,No,Basic,No,0,0,0,0,2025,11,Nov
2378,2025-11-25,Campaign Activity,Economic Policy,Yekaterinburg,Male,35-44,Coordinator,Yes,Yes,Yes,Leadership,Yes,1,1,1,1,2025,11,Nov
2647,2025-11-25,Media Activity,Economic Policy,Pervouralsk,Male,45-54,Organizer,Yes,No,Yes,Leadership,Yes,1,1,0,1,2025,11,Nov
2991,2025-11-25,Public Event,Youth Policy,Revda,Male,35-44,Participant,No,No,No,Basic,No,0,0,0,0,2025,11,Nov
3554,2025-11-25,Community Outreach,Housing,Yekaterinburg,Male,25-34,Participant,No,No,No,Basic,No,0,0,0,0,2025,11,Nov
71,2025-11-26,Campaign Activity,Youth Policy,Yekaterinburg,Female,25-34,Speaker,No,Yes,No,Visible,No,0,0,1,0,2025,11,Nov
1597,2025-11-26,Campaign Activity,Healthcare,Yekaterinburg,Female,25-34,Participant,No,No,No,Basic,No,0,0,0,0,2025,11,Nov
2535,2025-11-26,Campaign Activity,Housing,Yekaterinburg,Male,35-44,Volunteer,No,No,No,Basic,No,0,0,0,0,2025,11,Nov
3127,2025-11-26,Meeting,Healthcare,Yekaterinburg,Male,25-34,Coordinator,Yes,Yes,Yes,Leadership,Yes,1,1,1,1,2025,11,Nov
3348,2025-11-26,Government Interaction,Transport,Yekaterinburg,Male,25-34,Analyst,No,Yes,No,Professional,No,0,0,1,0,2025,11,Nov
1110,2025-11-27,Campaign Activity,Economic Policy,Yekaterinburg,Female,18-24,Participant,No,No,No,Basic,No,0,0,0,0,2025,11,Nov
2084,2025-11-27,Community Outreach,Social Policy,Nizhny Tagil,Female,35-44,Participant,No,No,No,Basic,No,0,0,0,0,2025,11,Nov
2828,2025-11-27,Campaign Activity,Housing,Yekaterinburg,Female,35-44,Coordinator,No,Yes,Yes,Leadership,Yes,1,0,1,1,2025,11,Nov
2970,2025-11-27,Educational Event,Education,Yekaterinburg,Female,18-24,Participant,No,No,No,Basic,No,0,0,0,0,2025,11,Nov
3261,2025-11-27,Public Event,Housing,Yekaterinburg,Female,25-34,Volunteer,Yes,Yes,No,Basic,No,0,1,1,0,2025,11,Nov
264,2025-11-28,Campaign Activity,Entrepreneurship,Serov,Female,18-24,Participant,No,No,No,Basic,No,0,0,0,0,2025,11,Nov
827,2025-11-28,Meeting,Local Government,Revda,Male,55+,Speaker,No,Yes,No,Visible,No,0,0,1,0,2025,11,Nov
1954,2025-11-28,Meeting,Gender Equality,Nizhny Tagil,Male,45-54,Analyst,Yes,No,No,Professional,No,0,1,0,0,2025,11,Nov
2560,2025-11-28,Media Activity,Entrepreneurship,Pervouralsk,Female,18-24,Participant,No,No,No,Basic,No,0,0,0,0,2025,11,Nov
2568,2025-11-28,Campaign Activity,Youth Policy,Nizhny Tagil,Female,35-44,Volunteer,No,No,No,Basic,No,0,0,0,0,2025,11,Nov
3229,2025-11-28,Community Outreach,Youth Policy,Serov,Male,35-44,Participant,No,No,No,Basic,No,0,0,0,0,2025,11,Nov
3241,2025-11-28,Government Interaction,Housing,Nizhny Tagil,Male,35-44,Participant,No,No,No,Basic,No,0,0,0,0,2025,11,Nov
446,2025-11-29,Public Event,Education,Yekaterinburg,Male,45-54,Participant,No,Yes,No,Basic,No,0,0,1,0,2025,11,Nov
1157,2025-11-29,Campaign Activity,Gender Equality,Yekaterinburg,Female,55+,Volunteer,No,No,No,Basic,No,0,0,0,0,2025,11,Nov
2630,2025-11-29,Campaign Activity,Local Government,Nizhny Tagil,Female,45-54,Analyst,No,Yes,No,Professional,No,0,0,1,0,2025,11,Nov
2999,2025-11-29,Meeting,Education,Kamensk-Uralsky,Male,35-44,Organizer,Yes,No,Yes,Leadership,Yes,1,1,0,1,2025,11,Nov
3520,2025-11-29,Government Interaction,Gender Equality,Yekaterinburg,Male,45-54,Organizer,Yes,Yes,Yes,Leadership,Yes,1,1,1,1,2025,11,Nov
248,2025-11-30,Government Interaction,Social Policy,Yekaterinburg,Female,45-54,Volunteer,No,No,No,Basic,No,0,0,0,0,2025,11,Nov
893,2025-11-30,Media Activity,Economic Policy,Yekaterinburg,Female,45-54,Coordinator,Yes,No,Yes,Leadership,Yes,1,1,0,1,2025,11,Nov
964,2025-11-30,Educational Event,Gender Equality,Asbest,Female,25-34,Participant,No,No,No,Basic,No,0,0,0,0,2025,11,Nov
1162,2025-11-30,Community Outreach,Transport,Yekaterinburg,Male,25-34,Coordinator,Yes,No,Yes,Leadership,Yes,1,1,0,1,2025,11,Nov
1241,2025-11-30,Educational Event,Transport,Yekaterinburg,Male,18-24,Coordinator,Yes,Yes,Yes,Leadership,Yes,1,1,1,1,2025,11,Nov
1339,2025-11-30,Community Outreach,Gender Equality,Yekaterinburg,Male,35-44,Organizer,Yes,No,Yes,Leadership,Yes,1,1,0,1,2025,11,Nov
1765,2025-11-30,Educational Event,Local Government,Pervouralsk,Female,25-34,Participant,No,No,No,Basic,No,0,0,0,0,2025,11,Nov
2547,2025-11-30,Survey,Transport,Pervouralsk,Male,55+,Speaker,Yes,Yes,No,Visible,No,0,1,1,0,2025,11,Nov
379,2025-12-01,Community Outreach,Economic Policy,Yekaterinburg,Female,18-24,Organizer,Yes,No,Yes,Leadership,Yes,1,1,0,1,2025,12,Dec
632,2025-12-01,Meeting,Youth Policy,Asbest,Male,35-44,Coordinator,Yes,Yes,Yes,Leadership,Yes,1,1,1,1,2025,12,Dec
1063,2025-12-01,Campaign Activity,Entrepreneurship,Kamensk-Uralsky,Female,55+,Participant,No,No,No,Basic,No,0,0,0,0,2025,12,Dec
1088,2025-12-01,Campaign Activity,Social Policy,Kamensk-Uralsky,Male,25-34,Volunteer,No,No,No,Basic,No,0,0,0,0,2025,12,Dec
1470,2025-12-01,Community Outreach,Gender Equality,Yekaterinburg,Female,35-44,Participant,No,No,No,Basic,No,0,0,0,0,2025,12,Dec
2412,2025-12-01,Government Interaction,Entrepreneurship,Yekaterinburg,Male,25-34,Participant,No,No,No,Basic,No,0,0,0,0,2025,12,Dec
2730,2025-12-01,Public Event,Economic Policy,Yekaterinburg,Male,25-34,Volunteer,No,No,No,Basic,No,0,0,0,0,2025,12,Dec
2847,2025-12-01,Government Interaction,Gender Equality,Kamensk-Uralsky,Female,25-34,Volunteer,No,No,No,Basic,No,0,0,0,0,2025,12,Dec
3479,2025-12-01,Meeting,Local Government,Asbest,Male,18-24,Analyst,No,No,No,Professional,No,0,0,0,0,2025,12,Dec
375,2025-12-02,Meeting,Transport,Yekaterinburg,Female,18-24,Participant,No,No,No,Basic,No,0,0,0,0,2025,12,Dec
529,2025-12-02,Survey,Youth Policy,Kamensk-Uralsky,Male,35-44,Speaker,No,Yes,No,Visible,No,0,0,1,0,2025,12,Dec
1071,2025-12-02,Meeting,Youth Policy,Yekaterinburg,Male,45-54,Volunteer,No,No,No,Basic,No,0,0,0,0,2025,12,Dec
1989,2025-12-02,Community Outreach,Entrepreneurship,Yekaterinburg,Male,35-44,Speaker,No,Yes,No,Visible,No,0,0,1,0,2025,12,Dec
2310,2025-12-02,Meeting,Youth Policy,Yekaterinburg,Male,35-44,Participant,No,No,No,Basic,No,0,0,0,0,2025,12,Dec
1360,2025-12-03,Government Interaction,Social Policy,Nizhny Tagil,Female,18-24,Volunteer,No,Yes,No,Basic,No,0,0,1,0,2025,12,Dec
2728,2025-12-03,Community Outreach,Education,Nizhny Tagil,Female,18-24,Participant,No,No,No,Basic,No,0,0,0,0,2025,12,Dec
2758,2025-12-03,Media Activity,Gender Equality,Yekaterinburg,Male,25-34,Volunteer,No,No,No,Basic,No,0,0,0,0,2025,12,Dec
5,2025-12-04,Media Activity,Entrepreneurship,Yekaterinburg,Female,25-34,Organizer,Yes,Yes,Yes,Leadership,Yes,1,1,1,1,2025,12,Dec
1303,2025-12-04,Meeting,Gender Equality,Pervouralsk,Male,35-44,Organizer,No,No,Yes,Leadership,Yes,1,0,0,1,2025,12,Dec
1366,2025-12-04,Meeting,Local Government,Yekaterinburg,Male,55+,Organizer,Yes,No,Yes,Leadership,Yes,1,1,0,1,2025,12,Dec
2121,2025-12-04,Survey,Youth Policy,Revda,Female,45-54,Coordinator,Yes,No,Yes,Leadership,Yes,1,1,0,1,2025,12,Dec
2351,2025-12-04,Campaign Activity,Youth Policy,Yekaterinburg,Female,45-54,Coordinator,No,Yes,Yes,Leadership,Yes,1,0,1,1,2025,12,Dec
2548,2025-12-04,Campaign Activity,Housing,Yekaterinburg,Female,55+,Participant,No,No,No,Basic,No,0,0,0,0,2025,12,Dec
2556,2025-12-04,Meeting,Economic Policy,Yekaterinburg,Male,45-54,Speaker,No,Yes,No,Visible,No,0,0,1,0,2025,12,Dec
2609,2025-12-04,Meeting,Economic Policy,Yekaterinburg,Male,25-34,Participant,No,No,No,Basic,No,0,0,0,0,2025,12,Dec
3509,2025-12-04,Campaign Activity,Gender Equality,Serov,Male,45-54,Coordinator,Yes,Yes,Yes,Leadership,Yes,1,1,1,1,2025,12,Dec
114,2025-12-05,Survey,Economic Policy,Yekaterinburg,Male,25-34,Participant,No,No,No,Basic,No,0,0,0,0,2025,12,Dec
401,2025-12-05,Government Interaction,Social Policy,Pervouralsk,Female,25-34,Speaker,No,Yes,No,Visible,No,0,0,1,0,2025,12,Dec
574,2025-12-05,Public Event,Education,Nizhny Tagil,Male,25-34,Coordinator,Yes,No,Yes,Leadership,Yes,1,1,0,1,2025,12,Dec
1493,2025-12-05,Campaign Activity,Transport,Revda,Male,55+,Participant,No,No,No,Basic,No,0,0,0,0,2025,12,Dec
1642,2025-12-05,Public Event,Healthcare,Kamensk-Uralsky,Female,18-24,Participant,No,No,No,Basic,No,0,0,0,0,2025,12,Dec
2122,2025-12-05,Meeting,Local Government,Yekaterinburg,Female,25-34,Participant,No,No,No,Basic,No,0,0,0,0,2025,12,Dec
2427,2025-12-05,Meeting,Gender Equality,Kamensk-Uralsky,Female,25-34,Coordinator,No,No,Yes,Leadership,Yes,1,0,0,1,2025,12,Dec
2819,2025-12-05,Educational Event,Entrepreneurship,Yekaterinburg,Female,25-34,Volunteer,No,No,No,Basic,No,0,0,0,0,2025,12,Dec
3205,2025-12-05,Educational Event,Transport,Yekaterinburg,Male,35-44,Analyst,Yes,No,Yes,Professional,No,0,1,0,1,2025,12,Dec
290,2025-12-06,Public Event,Local Government,Yekaterinburg,Female,25-34,Organizer,Yes,Yes,Yes,Leadership,Yes,1,1,1,1,2025,12,Dec
704,2025-12-06,Campaign Activity,Gender Equality,Yekaterinburg,Male,45-54,Participant,No,Yes,No,Basic,No,0,0,1,0,2025,12,Dec
838,2025-12-06,Public Event,Transport,Yekaterinburg,Male,25-34,Volunteer,No,No,No,Basic,No,0,0,0,0,2025,12,Dec
968,2025-12-06,Meeting,Entrepreneurship,Pervouralsk,Female,18-24,Volunteer,No,No,No,Basic,No,0,0,0,0,2025,12,Dec
2152,2025-12-06,Campaign Activity,Local Government,Yekaterinburg,Female,25-34,Participant,No,No,No,Basic,No,0,0,0,0,2025,12,Dec
2318,2025-12-06,Survey,Entrepreneurship,Yekaterinburg,Male,25-34,Speaker,Yes,Yes,No,Visible,No,0,1,1,0,2025,12,Dec
2486,2025-12-06,Survey,Local Government,Yekaterinburg,Female,45-54,Analyst,No,No,No,Professional,No,0,0,0,0,2025,12,Dec
2646,2025-12-06,Meeting,Social Policy,Yekaterinburg,Male,55+,Participant,No,No,No,Basic,No,0,0,0,0,2025,12,Dec
3030,2025-12-06,Government Interaction,Housing,Yekaterinburg,Female,25-34,Speaker,No,Yes,No,Visible,No,0,0,1,0,2025,12,Dec
3234,2025-12-06,Media Activity,Entrepreneurship,Yekaterinburg,Female,35-44,Participant,No,No,No,Basic,No,0,0,0,0,2025,12,Dec
3355,2025-12-06,Government Interaction,Housing,Yekaterinburg,Male,25-34,Participant,No,No,No,Basic,No,0,0,0,0,2025,12,Dec
3544,2025-12-06,Meeting,Local Government,Yekaterinburg,Female,55+,Participant,No,No,No,Basic,No,0,0,0,0,2025,12,Dec
331,2025-12-07,Community Outreach,Healthcare,Pervouralsk,Male,35-44,Participant,No,No,No,Basic,No,0,0,0,0,2025,12,Dec
719,2025-12-07,Educational Event,Education,Serov,Male,45-54,Participant,No,No,No,Basic,No,0,0,0,0,2025,12,Dec
1628,2025-12-07,Meeting,Local Government,Yekaterinburg,Female,25-34,Analyst,Yes,No,No,Professional,No,0,1,0,0,2025,12,Dec
1709,2025-12-07,Meeting,Transport,Pervouralsk,Male,25-34,Participant,No,No,No,Basic,No,0,0,0,0,2025,12,Dec
3477,2025-12-07,Public Event,Youth Policy,Pervouralsk,Male,18-24,Coordinator,No,No,Yes,Leadership,Yes,1,0,0,1,2025,12,Dec
235,2025-12-08,Public Event,Housing,Yekaterinburg,Male,25-34,Speaker,No,Yes,No,Visible,No,0,0,1,0,2025,12,Dec
741,2025-12-08,Meeting,Healthcare,Yekaterinburg,Female,18-24,Coordinator,No,Yes,Yes,Leadership,Yes,1,0,1,1,2025,12,Dec
810,2025-12-08,Meeting,Entrepreneurship,Kamensk-Uralsky,Male,25-34,Speaker,No,Yes,No,Visible,No,0,0,1,0,2025,12,Dec
1214,2025-12-08,Media Activity,Transport,Yekaterinburg,Female,35-44,Participant,No,No,No,Basic,No,0,0,0,0,2025,12,Dec
1308,2025-12-08,Meeting,Economic Policy,Yekaterinburg,Male,25-34,Participant,No,No,No,Basic,No,0,0,0,0,2025,12,Dec
2278,2025-12-08,Meeting,Economic Policy,Yekaterinburg,Female,25-34,Participant,No,No,No,Basic,No,0,0,0,0,2025,12,Dec
2530,2025-12-08,Meeting,Gender Equality,Pervouralsk,Male,25-34,Analyst,Yes,No,No,Professional,No,0,1,0,0,2025,12,Dec
2687,2025-12-08,Community Outreach,Social Policy,Yekaterinburg,Female,55+,Analyst,Yes,Yes,No,Professional,No,0,1,1,0,2025,12,Dec
2690,2025-12-08,Educational Event,Local Government,Pervouralsk,Male,25-34,Volunteer,No,Yes,Yes,Basic,No,0,0,1,1,2025,12,Dec
3347,2025-12-08,Government Interaction,Housing,Yekaterinburg,Male,18-24,Speaker,No,Yes,No,Visible,No,0,0,1,0,2025,12,Dec
918,2025-12-09,Public Event,Healthcare,Yekaterinburg,Female,18-24,Speaker,No,Yes,Yes,Visible,No,0,0,1,1,2025,12,Dec
1325,2025-12-09,Community Outreach,Gender Equality,Yekaterinburg,Female,35-44,Analyst,Yes,No,No,Professional,No,0,1,0,0,2025,12,Dec
2182,2025-12-09,Media Activity,Transport,Yekaterinburg,Male,35-44,Coordinator,Yes,No,Yes,Leadership,Yes,1,1,0,1,2025,12,Dec
2207,2025-12-09,Government Interaction,Youth Policy,Yekaterinburg,Male,25-34,Analyst,Yes,No,No,Professional,No,0,1,0,0,2025,12,Dec
2546,2025-12-09,Government Interaction,Economic Policy,Nizhny Tagil,Female,18-24,Participant,No,No,No,Basic,No,0,0,0,0,2025,12,Dec
157,2025-12-10,Public Event,Youth Policy,Yekaterinburg,Female,25-34,Speaker,No,Yes,No,Visible,No,0,0,1,0,2025,12,Dec
867,2025-12-10,Meeting,Gender Equality,Yekaterinburg,Male,25-34,Participant,No,No,No,Basic,No,0,0,0,0,2025,12,Dec
1038,2025-12-10,Government Interaction,Transport,Pervouralsk,Female,25-34,Participant,No,No,No,Basic,No,0,0,0,0,2025,12,Dec
1906,2025-12-10,Campaign Activity,Youth Policy,Yekaterinburg,Female,35-44,Analyst,Yes,No,No,Professional,No,0,1,0,0,2025,12,Dec
3122,2025-12-10,Campaign Activity,Youth Policy,Nizhny Tagil,Female,18-24,Participant,No,Yes,No,Basic,No,0,0,1,0,2025,12,Dec
3270,2025-12-10,Community Outreach,Local Government,Yekaterinburg,Female,55+,Participant,No,Yes,No,Basic,No,0,0,1,0,2025,12,Dec
3414,2025-12-10,Government Interaction,Economic Policy,Revda,Female,25-34,Volunteer,No,No,No,Basic,No,0,0,0,0,2025,12,Dec
3551,2025-12-10,Community Outreach,Transport,Yekaterinburg,Male,25-34,Participant,No,No,No,Basic,No,0,0,0,0,2025,12,Dec
283,2025-12-11,Government Interaction,Economic Policy,Yekaterinburg,Female,25-34,Analyst,No,Yes,No,Professional,No,0,0,1,0,2025,12,Dec
834,2025-12-11,Campaign Activity,Education,Nizhny Tagil,Male,35-44,Volunteer,No,No,No,Basic,No,0,0,0,0,2025,12,Dec
2276,2025-12-11,Community Outreach,Healthcare,Yekaterinburg,Female,35-44,Participant,No,No,No,Basic,No,0,0,0,0,2025,12,Dec
2627,2025-12-11,Community Outreach,Education,Yekaterinburg,Male,25-34,Participant,No,Yes,No,Basic,No,0,0,1,0,2025,12,Dec
3047,2025-12-11,Meeting,Education,Pervouralsk,Female,25-34,Participant,No,No,No,Basic,No,0,0,0,0,2025,12,Dec
3057,2025-12-11,Community Outreach,Healthcare,Yekaterinburg,Male,25-34,Organizer,Yes,Yes,Yes,Leadership,Yes,1,1,1,1,2025,12,Dec
3333,2025-12-11,Community Outreach,Local Government,Nizhny Tagil,Female,18-24,Analyst,Yes,No,No,Professional,No,0,1,0,0,2025,12,Dec
3569,2025-12-11,Community Outreach,Economic Policy,Asbest,Male,25-34,Speaker,No,Yes,No,Visible,No,0,0,1,0,2025,12,Dec
1059,2025-12-12,Community Outreach,Local Government,Nizhny Tagil,Male,35-44,Participant,No,No,No,Basic,No,0,0,0,0,2025,12,Dec
1165,2025-12-12,Campaign Activity,Economic Policy,Yekaterinburg,Female,35-44,Speaker,No,Yes,No,Visible,No,0,0,1,0,2025,12,Dec
1510,2025-12-12,Educational Event,Entrepreneurship,Kamensk-Uralsky,Male,35-44,Speaker,No,Yes,Yes,Visible,No,0,0,1,1,2025,12,Dec
1685,2025-12-12,Meeting,Youth Policy,Nizhny Tagil,Female,35-44,Participant,No,No,No,Basic,No,0,0,0,0,2025,12,Dec
1825,2025-12-12,Media Activity,Social Policy,Yekaterinburg,Male,25-34,Participant,No,No,No,Basic,No,0,0,0,0,2025,12,Dec
3458,2025-12-12,Meeting,Local Government,Yekaterinburg,Male,35-44,Analyst,No,No,No,Professional,No,0,0,0,0,2025,12,Dec
18,2025-12-13,Meeting,Healthcare,Yekaterinburg,Female,25-34,Participant,No,No,No,Basic,No,0,0,0,0,2025,12,Dec
431,2025-12-13,Community Outreach,Local Government,Yekaterinburg,Male,18-24,Speaker,No,Yes,No,Visible,No,0,0,1,0,2025,12,Dec
1087,2025-12-13,Public Event,Gender Equality,Nizhny Tagil,Male,25-34,Speaker,Yes,Yes,No,Visible,No,0,1,1,0,2025,12,Dec
1924,2025-12-13,Government Interaction,Youth Policy,Yekaterinburg,Female,45-54,Volunteer,No,No,No,Basic,No,0,0,0,0,2025,12,Dec
2102,2025-12-13,Meeting,Local Government,Yekaterinburg,Female,35-44,Analyst,No,No,No,Professional,No,0,0,0,0,2025,12,Dec
2175,2025-12-13,Public Event,Local Government,Pervouralsk,Female,45-54,Volunteer,No,No,Yes,Basic,No,0,0,0,1,2025,12,Dec
2958,2025-12-13,Meeting,Transport,Yekaterinburg,Female,25-34,Participant,No,No,No,Basic,No,0,0,0,0,2025,12,Dec
3092,2025-12-13,Meeting,Economic Policy,Yekaterinburg,Male,18-24,Analyst,No,No,No,Professional,No,0,0,0,0,2025,12,Dec
3409,2025-12-13,Meeting,Local Government,Pervouralsk,Male,35-44,Participant,No,No,No,Basic,No,0,0,0,0,2025,12,Dec
256,2025-12-14,Public Event,Economic Policy,Yekaterinburg,Male,35-44,Participant,No,No,No,Basic,No,0,0,0,0,2025,12,Dec
1767,2025-12-14,Campaign Activity,Gender Equality,Yekaterinburg,Male,45-54,Participant,Yes,No,No,Basic,No,0,1,0,0,2025,12,Dec
2444,2025-12-14,Media Activity,Entrepreneurship,Yekaterinburg,Male,25-34,Volunteer,No,No,No,Basic,No,0,0,0,0,2025,12,Dec
3227,2025-12-14,Meeting,Housing,Yekaterinburg,Male,25-34,Volunteer,Yes,No,No,Basic,No,0,1,0,0,2025,12,Dec
742,2025-12-15,Meeting,Gender Equality,Yekaterinburg,Female,18-24,Participant,No,No,No,Basic,No,0,0,0,0,2025,12,Dec
1083,2025-12-15,Survey,Transport,Yekaterinburg,Male,18-24,Coordinator,Yes,No,Yes,Leadership,Yes,1,1,0,1,2025,12,Dec
1618,2025-12-15,Meeting,Entrepreneurship,Nizhny Tagil,Male,35-44,Participant,No,No,No,Basic,No,0,0,0,0,2025,12,Dec
2569,2025-12-15,Campaign Activity,Local Government,Yekaterinburg,Male,18-24,Speaker,No,Yes,No,Visible,No,0,0,1,0,2025,12,Dec
3135,2025-12-15,Meeting,Social Policy,Serov,Male,45-54,Coordinator,Yes,No,Yes,Leadership,Yes,1,1,0,1,2025,12,Dec
3304,2025-12-15,Public Event,Healthcare,Yekaterinburg,Male,55+,Analyst,No,No,No,Professional,No,0,0,0,0,2025,12,Dec
3594,2025-12-15,Community Outreach,Entrepreneurship,Yekaterinburg,Female,45-54,Volunteer,No,No,No,Basic,No,0,0,0,0,2025,12,Dec
38,2025-12-16,Public Event,Education,Yekaterinburg,Male,45-54,Speaker,No,Yes,No,Visible,No,0,0,1,0,2025,12,Dec
489,2025-12-16,Meeting,Transport,Revda,Male,45-54,Volunteer,No,No,No,Basic,No,0,0,0,0,2025,12,Dec
890,2025-12-16,Community Outreach,Gender Equality,Revda,Male,55+,Coordinator,Yes,Yes,Yes,Leadership,Yes,1,1,1,1,2025,12,Dec
1323,2025-12-16,Public Event,Entrepreneurship,Yekaterinburg,Female,25-34,Volunteer,No,No,No,Basic,No,0,0,0,0,2025,12,Dec
2385,2025-12-16,Government Interaction,Local Government,Yekaterinburg,Female,45-54,Participant,No,No,No,Basic,No,0,0,0,0,2025,12,Dec
2633,2025-12-16,Educational Event,Gender Equality,Yekaterinburg,Male,25-34,Participant,No,No,No,Basic,No,0,0,0,0,2025,12,Dec
2853,2025-12-16,Community Outreach,Entrepreneurship,Yekaterinburg,Male,45-54,Coordinator,Yes,No,Yes,Leadership,Yes,1,1,0,1,2025,12,Dec
2873,2025-12-16,Media Activity,Gender Equality,Nizhny Tagil,Female,35-44,Participant,No,No,No,Basic,No,0,0,0,0,2025,12,Dec
3316,2025-12-16,Educational Event,Social Policy,Yekaterinburg,Female,18-24,Speaker,No,Yes,No,Visible,No,0,0,1,0,2025,12,Dec
141,2025-12-17,Public Event,Education,Yekaterinburg,Male,45-54,Speaker,Yes,Yes,No,Visible,No,0,1,1,0,2025,12,Dec
344,2025-12-17,Community Outreach,Entrepreneurship,Yekaterinburg,Male,45-54,Speaker,Yes,Yes,No,Visible,No,0,1,1,0,2025,12,Dec
1551,2025-12-17,Government Interaction,Gender Equality,Revda,Female,25-34,Speaker,Yes,Yes,No,Visible,No,0,1,1,0,2025,12,Dec
2303,2025-12-17,Meeting,Economic Policy,Revda,Male,18-24,Volunteer,No,Yes,No,Basic,No,0,0,1,0,2025,12,Dec
2720,2025-12-17,Community Outreach,Entrepreneurship,Asbest,Male,18-24,Participant,No,No,No,Basic,No,0,0,0,0,2025,12,Dec
3085,2025-12-17,Public Event,Gender Equality,Serov,Male,18-24,Speaker,No,Yes,No,Visible,No,0,0,1,0,2025,12,Dec
209,2025-12-18,Media Activity,Local Government,Yekaterinburg,Female,55+,Participant,No,No,No,Basic,No,0,0,0,0,2025,12,Dec
492,2025-12-18,Survey,Gender Equality,Revda,Male,35-44,Organizer,Yes,Yes,Yes,Leadership,Yes,1,1,1,1,2025,12,Dec
1018,2025-12-18,Community Outreach,Local Government,Kamensk-Uralsky,Male,55+,Participant,No,No,No,Basic,No,0,0,0,0,2025,12,Dec
1182,2025-12-18,Media Activity,Transport,Pervouralsk,Female,55+,Volunteer,Yes,No,No,Basic,No,0,1,0,0,2025,12,Dec
1340,2025-12-18,Meeting,Gender Equality,Nizhny Tagil,Female,45-54,Speaker,No,Yes,No,Visible,No,0,0,1,0,2025,12,Dec
1479,2025-12-18,Campaign Activity,Housing,Yekaterinburg,Male,25-34,Participant,No,No,No,Basic,No,0,0,0,0,2025,12,Dec
1982,2025-12-18,Campaign Activity,Gender Equality,Yekaterinburg,Female,25-34,Volunteer,No,Yes,No,Basic,No,0,0,1,0,2025,12,Dec
45,2025-12-19,Meeting,Healthcare,Yekaterinburg,Male,25-34,Organizer,Yes,Yes,Yes,Leadership,Yes,1,1,1,1,2025,12,Dec
350,2025-12-19,Public Event,Youth Policy,Yekaterinburg,Female,45-54,Participant,No,No,No,Basic,No,0,0,0,0,2025,12,Dec
675,2025-12-19,Public Event,Local Government,Yekaterinburg,Male,35-44,Analyst,Yes,Yes,No,Professional,No,0,1,1,0,2025,12,Dec
1084,2025-12-19,Survey,Economic Policy,Revda,Male,35-44,Participant,No,No,No,Basic,No,0,0,0,0,2025,12,Dec
1847,2025-12-19,Educational Event,Entrepreneurship,Nizhny Tagil,Female,35-44,Coordinator,Yes,No,Yes,Leadership,Yes,1,1,0,1,2025,12,Dec
2612,2025-12-19,Survey,Education,Yekaterinburg,Male,25-34,Organizer,Yes,Yes,Yes,Leadership,Yes,1,1,1,1,2025,12,Dec
3191,2025-12-19,Campaign Activity,Local Government,Pervouralsk,Female,35-44,Organizer,Yes,No,Yes,Leadership,Yes,1,1,0,1,2025,12,Dec
3585,2025-12-19,Meeting,Entrepreneurship,Pervouralsk,Male,18-24,Participant,No,No,No,Basic,No,0,0,0,0,2025,12,Dec
65,2025-12-20,Public Event,Transport,Yekaterinburg,Male,25-34,Coordinator,Yes,No,Yes,Leadership,Yes,1,1,0,1,2025,12,Dec
185,2025-12-20,Community Outreach,Healthcare,Nizhny Tagil,Male,35-44,Speaker,Yes,Yes,No,Visible,No,0,1,1,0,2025,12,Dec
801,2025-12-20,Survey,Housing,Yekaterinburg,Male,25-34,Participant,No,Yes,No,Basic,No,0,0,1,0,2025,12,Dec
936,2025-12-20,Meeting,Local Government,Yekaterinburg,Female,25-34,Speaker,Yes,Yes,No,Visible,No,0,1,1,0,2025,12,Dec
1098,2025-12-20,Community Outreach,Education,Asbest,Male,25-34,Volunteer,Yes,No,No,Basic,No,0,1,0,0,2025,12,Dec
1277,2025-12-20,Public Event,Local Government,Nizhny Tagil,Female,18-24,Participant,No,No,No,Basic,No,0,0,0,0,2025,12,Dec
1327,2025-12-20,Public Event,Entrepreneurship,Yekaterinburg,Female,25-34,Organizer,Yes,Yes,Yes,Leadership,Yes,1,1,1,1,2025,12,Dec
1741,2025-12-20,Campaign Activity,Housing,Revda,Female,35-44,Participant,No,No,No,Basic,No,0,0,0,0,2025,12,Dec
2219,2025-12-20,Campaign Activity,Healthcare,Yekaterinburg,Male,35-44,Organizer,Yes,Yes,Yes,Leadership,Yes,1,1,1,1,2025,12,Dec
2491,2025-12-20,Meeting,Transport,Yekaterinburg,Male,25-34,Participant,No,No,No,Basic,No,0,0,0,0,2025,12,Dec
2969,2025-12-20,Community Outreach,Economic Policy,Yekaterinburg,Male,25-34,Participant,No,No,No,Basic,No,0,0,0,0,2025,12,Dec
3377,2025-12-20,Educational Event,Entrepreneurship,Yekaterinburg,Female,25-34,Analyst,No,Yes,No,Professional,No,0,0,1,0,2025,12,Dec
3476,2025-12-20,Campaign Activity,Housing,Nizhny Tagil,Female,25-34,Participant,No,No,No,Basic,No,0,0,0,0,2025,12,Dec
3570,2025-12-20,Meeting,Youth Policy,Yekaterinburg,Female,55+,Organizer,No,Yes,Yes,Leadership,Yes,1,0,1,1,2025,12,Dec
123,2025-12-21,Educational Event,Economic Policy,Serov,Female,18-24,Volunteer,No,No,No,Basic,No,0,0,0,0,2025,12,Dec
188,2025-12-21,Meeting,Healthcare,Pervouralsk,Female,45-54,Volunteer,Yes,Yes,No,Basic,No,0,1,1,0,2025,12,Dec
348,2025-12-21,Meeting,Entrepreneurship,Kamensk-Uralsky,Female,25-34,Speaker,Yes,Yes,No,Visible,No,0,1,1,0,2025,12,Dec
1053,2025-12-21,Meeting,Social Policy,Nizhny Tagil,Female,18-24,Volunteer,No,Yes,No,Basic,No,0,0,1,0,2025,12,Dec
1232,2025-12-21,Public Event,Local Government,Kamensk-Uralsky,Male,18-24,Coordinator,No,No,Yes,Leadership,Yes,1,0,0,1,2025,12,Dec
2614,2025-12-21,Community Outreach,Youth Policy,Kamensk-Uralsky,Male,35-44,Participant,No,No,No,Basic,No,0,0,0,0,2025,12,Dec
3345,2025-12-21,Campaign Activity,Education,Kamensk-Uralsky,Male,25-34,Organizer,No,Yes,Yes,Leadership,Yes,1,0,1,1,2025,12,Dec
378,2025-12-22,Meeting,Housing,Yekaterinburg,Female,25-34,Participant,Yes,No,No,Basic,No,0,1,0,0,2025,12,Dec
967,2025-12-22,Survey,Youth Policy,Yekaterinburg,Male,25-34,Coordinator,Yes,Yes,Yes,Leadership,Yes,1,1,1,1,2025,12,Dec
1260,2025-12-22,Public Event,Healthcare,Revda,Male,45-54,Participant,No,No,No,Basic,No,0,0,0,0,2025,12,Dec
1804,2025-12-22,Meeting,Healthcare,Yekaterinburg,Male,35-44,Coordinator,Yes,No,Yes,Leadership,Yes,1,1,0,1,2025,12,Dec
2417,2025-12-22,Meeting,Entrepreneurship,Kamensk-Uralsky,Female,25-34,Coordinator,No,Yes,Yes,Leadership,Yes,1,0,1,1,2025,12,Dec
3146,2025-12-22,Meeting,Gender Equality,Yekaterinburg,Male,18-24,Participant,No,No,No,Basic,No,0,0,0,0,2025,12,Dec
3351,2025-12-22,Community Outreach,Entrepreneurship,Serov,Female,35-44,Participant,No,Yes,No,Basic,No,0,0,1,0,2025,12,Dec
1066,2025-12-23,Campaign Activity,Local Government,Revda,Male,25-34,Coordinator,Yes,No,Yes,Leadership,Yes,1,1,0,1,2025,12,Dec
2011,2025-12-23,Meeting,Social Policy,Yekaterinburg,Female,18-24,Participant,No,No,No,Basic,No,0,0,0,0,2025,12,Dec
2148,2025-12-23,Media Activity,Transport,Yekaterinburg,Male,25-34,Volunteer,No,No,No,Basic,No,0,0,0,0,2025,12,Dec
2311,2025-12-23,Media Activity,Gender Equality,Yekaterinburg,Male,25-34,Participant,No,No,No,Basic,No,0,0,0,0,2025,12,Dec
3305,2025-12-23,Community Outreach,Education,Pervouralsk,Male,45-54,Speaker,No,Yes,No,Visible,No,0,0,1,0,2025,12,Dec
3416,2025-12-23,Media Activity,Entrepreneurship,Asbest,Female,25-34,Volunteer,Yes,Yes,No,Basic,No,0,1,1,0,2025,12,Dec
233,2025-12-24,Campaign Activity,Entrepreneurship,Pervouralsk,Male,18-24,Coordinator,Yes,No,Yes,Leadership,Yes,1,1,0,1,2025,12,Dec
244,2025-12-24,Community Outreach,Housing,Yekaterinburg,Male,25-34,Volunteer,No,No,No,Basic,No,0,0,0,0,2025,12,Dec
432,2025-12-24,Campaign Activity,Entrepreneurship,Yekaterinburg,Male,25-34,Speaker,No,Yes,No,Visible,No,0,0,1,0,2025,12,Dec
1008,2025-12-24,Public Event,Gender Equality,Asbest,Female,55+,Volunteer,No,No,No,Basic,No,0,0,0,0,2025,12,Dec
2006,2025-12-24,Community Outreach,Education,Yekaterinburg,Male,45-54,Participant,No,No,No,Basic,No,0,0,0,0,2025,12,Dec
2088,2025-12-24,Meeting,Local Government,Pervouralsk,Female,35-44,Participant,No,No,No,Basic,No,0,0,0,0,2025,12,Dec
2485,2025-12-24,Meeting,Housing,Yekaterinburg,Male,25-34,Organizer,Yes,Yes,Yes,Leadership,Yes,1,1,1,1,2025,12,Dec
2552,2025-12-24,Government Interaction,Education,Serov,Male,55+,Volunteer,No,No,No,Basic,No,0,0,0,0,2025,12,Dec
2803,2025-12-24,Meeting,Transport,Nizhny Tagil,Female,18-24,Organizer,Yes,No,Yes,Leadership,Yes,1,1,0,1,2025,12,Dec
3007,2025-12-24,Educational Event,Gender Equality,Yekaterinburg,Male,25-34,Participant,No,No,No,Basic,No,0,0,0,0,2025,12,Dec
3561,2025-12-24,Community Outreach,Transport,Yekaterinburg,Male,25-34,Participant,No,No,No,Basic,No,0,0,0,0,2025,12,Dec
1044,2025-12-25,Meeting,Entrepreneurship,Pervouralsk,Male,18-24,Volunteer,No,No,No,Basic,No,0,0,0,0,2025,12,Dec
1288,2025-12-25,Government Interaction,Youth Policy,Serov,Female,45-54,Participant,No,No,No,Basic,No,0,0,0,0,2025,12,Dec
1419,2025-12-25,Community Outreach,Healthcare,Yekaterinburg,Male,25-34,Participant,No,No,No,Basic,No,0,0,0,0,2025,12,Dec
2294,2025-12-25,Educational Event,Gender Equality,Yekaterinburg,Female,45-54,Participant,No,No,No,Basic,No,0,0,0,0,2025,12,Dec
148,2025-12-26,Educational Event,Education,Yekaterinburg,Male,25-34,Organizer,Yes,No,Yes,Leadership,Yes,1,1,0,1,2025,12,Dec
309,2025-12-26,Community Outreach,Healthcare,Yekaterinburg,Female,25-34,Participant,No,No,No,Basic,No,0,0,0,0,2025,12,Dec
1218,2025-12-26,Community Outreach,Social Policy,Yekaterinburg,Male,45-54,Coordinator,Yes,No,Yes,Leadership,Yes,1,1,0,1,2025,12,Dec
1874,2025-12-26,Public Event,Youth Policy,Yekaterinburg,Male,18-24,Participant,No,No,No,Basic,No,0,0,0,0,2025,12,Dec
2430,2025-12-26,Meeting,Housing,Serov,Male,35-44,Participant,No,No,No,Basic,No,0,0,0,0,2025,12,Dec
305,2025-12-27,Campaign Activity,Youth Policy,Yekaterinburg,Male,18-24,Coordinator,Yes,No,Yes,Leadership,Yes,1,1,0,1,2025,12,Dec
828,2025-12-27,Meeting,Economic Policy,Yekaterinburg,Female,25-34,Participant,No,No,No,Basic,No,0,0,0,0,2025,12,Dec
2518,2025-12-27,Meeting,Gender Equality,Yekaterinburg,Female,55+,Analyst,No,No,No,Professional,No,0,0,0,0,2025,12,Dec
32,2025-12-28,Media Activity,Housing,Revda,Male,35-44,Analyst,Yes,No,Yes,Professional,No,0,1,0,1,2025,12,Dec
447,2025-12-28,Public Event,Gender Equality,Yekaterinburg,Male,35-44,Volunteer,No,No,No,Basic,No,0,0,0,0,2025,12,Dec
1240,2025-12-28,Meeting,Economic Policy,Yekaterinburg,Female,25-34,Volunteer,No,No,Yes,Basic,No,0,0,0,1,2025,12,Dec
2771,2025-12-28,Educational Event,Youth Policy,Yekaterinburg,Female,45-54,Participant,No,No,No,Basic,No,0,0,0,0,2025,12,Dec
2891,2025-12-28,Public Event,Social Policy,Yekaterinburg,Female,35-44,Volunteer,No,No,No,Basic,No,0,0,0,0,2025,12,Dec
134,2025-12-29,Community Outreach,Local Government,Pervouralsk,Female,45-54,Participant,No,No,No,Basic,No,0,0,0,0,2025,12,Dec
426,2025-12-29,Media Activity,Housing,Kamensk-Uralsky,Male,18-24,Participant,No,No,No,Basic,No,0,0,0,0,2025,12,Dec
640,2025-12-29,Government Interaction,Housing,Yekaterinburg,Male,18-24,Analyst,No,No,No,Professional,No,0,0,0,0,2025,12,Dec
848,2025-12-29,Community Outreach,Healthcare,Yekaterinburg,Male,18-24,Organizer,Yes,No,Yes,Leadership,Yes,1,1,0,1,2025,12,Dec
853,2025-12-29,Government Interaction,Healthcare,Yekaterinburg,Male,25-34,Speaker,No,Yes,No,Visible,No,0,0,1,0,2025,12,Dec
1169,2025-12-29,Public Event,Education,Serov,Male,25-34,Organizer,Yes,Yes,Yes,Leadership,Yes,1,1,1,1,2025,12,Dec
1567,2025-12-29,Campaign Activity,Local Government,Yekaterinburg,Female,35-44,Analyst,No,No,No,Professional,No,0,0,0,0,2025,12,Dec
2467,2025-12-29,Community Outreach,Economic Policy,Yekaterinburg,Male,45-54,Coordinator,Yes,No,Yes,Leadership,Yes,1,1,0,1,2025,12,Dec
2940,2025-12-29,Survey,Entrepreneurship,Nizhny Tagil,Female,55+,Participant,No,No,No,Basic,No,0,0,0,0,2025,12,Dec
34,2025-12-30,Campaign Activity,Gender Equality,Serov,Female,25-34,Organizer,No,Yes,Yes,Leadership,Yes,1,0,1,1,2025,12,Dec
588,2025-12-30,Meeting,Healthcare,Yekaterinburg,Female,18-24,Participant,No,No,No,Basic,No,0,0,0,0,2025,12,Dec
1586,2025-12-30,Educational Event,Housing,Nizhny Tagil,Male,18-24,Speaker,No,Yes,No,Visible,No,0,0,1,0,2025,12,Dec
1638,2025-12-30,Meeting,Local Government,Serov,Male,35-44,Organizer,No,Yes,Yes,Leadership,Yes,1,0,1,1,2025,12,Dec
1903,2025-12-30,Meeting,Education,Yekaterinburg,Male,25-34,Analyst,No,No,No,Professional,No,0,0,0,0,2025,12,Dec
2067,2025-12-30,Public Event,Local Government,Serov,Male,18-24,Volunteer,No,No,No,Basic,No,0,0,0,0,2025,12,Dec
2832,2025-12-30,Campaign Activity,Gender Equality,Yekaterinburg,Female,35-44,Participant,No,Yes,No,Basic,No,0,0,1,0,2025,12,Dec
2872,2025-12-30,Community Outreach,Economic Policy,Pervouralsk,Female,25-34,Participant,No,No,No,Basic,No,0,0,0,0,2025,12,Dec
3242,2025-12-30,Media Activity,Local Government,Yekaterinburg,Male,35-44,Speaker,No,Yes,No,Visible,No,0,0,1,0,2025,12,Dec
930,2025-12-31,Community Outreach,Healthcare,Yekaterinburg,Male,35-44,Participant,No,No,No,Basic,No,0,0,0,0,2025,12,Dec
1341,2025-12-31,Educational Event,Entrepreneurship,Kamensk-Uralsky,Female,45-54,Volunteer,No,Yes,Yes,Basic,No,0,0,1,1,2025,12,Dec
1717,2025-12-31,Meeting,Entrepreneurship,Yekaterinburg,Female,35-44,Coordinator,Yes,Yes,Yes,Leadership,Yes,1,1,1,1,2025,12,Dec
2651,2025-12-31,Educational Event,Housing,Yekaterinburg,Male,45-54,Participant,No,No,No,Basic,No,0,0,0,0,2025,12,Dec
3555,2025-12-31,Survey,Healthcare,Revda,Female,25-34,Participant,No,No,No,Basic,No,0,0,0,0,2025,12,Dec
335,2026-01-01,Community Outreach,Entrepreneurship,Pervouralsk,Female,55+,Participant,No,No,No,Basic,No,0,0,0,0,2026,1,Jan
888,2026-01-01,Meeting,Transport,Kamensk-Uralsky,Female,18-24,Participant,No,No,No,Basic,No,0,0,0,0,2026,1,Jan
1354,2026-01-01,Media Activity,Gender Equality,Nizhny Tagil,Female,45-54,Participant,No,No,No,Basic,No,0,0,0,0,2026,1,Jan
1293,2026-01-02,Campaign Activity,Healthcare,Serov,Male,45-54,Speaker,No,Yes,No,Visible,No,0,0,1,0,2026,1,Jan
1387,2026-01-02,Community Outreach,Gender Equality,Pervouralsk,Male,18-24,Speaker,No,Yes,No,Visible,No,0,0,1,0,2026,1,Jan
2579,2026-01-02,Campaign Activity,Healthcare,Pervouralsk,Female,35-44,Participant,No,No,No,Basic,No,0,0,0,0,2026,1,Jan
3514,2026-01-02,Community Outreach,Gender Equality,Nizhny Tagil,Male,55+,Participant,No,Yes,No,Basic,No,0,0,1,0,2026,1,Jan
437,2026-01-03,Public Event,Transport,Yekaterinburg,Female,55+,Participant,No,No,No,Basic,No,0,0,0,0,2026,1,Jan
1535,2026-01-03,Educational Event,Youth Policy,Yekaterinburg,Female,35-44,Analyst,No,No,No,Professional,No,0,0,0,0,2026,1,Jan
2740,2026-01-03,Government Interaction,Transport,Nizhny Tagil,Male,35-44,Participant,No,No,No,Basic,No,0,0,0,0,2026,1,Jan
3586,2026-01-03,Campaign Activity,Healthcare,Yekaterinburg,Male,18-24,Participant,No,No,No,Basic,No,0,0,0,0,2026,1,Jan
284,2026-01-04,Campaign Activity,Education,Yekaterinburg,Female,45-54,Participant,No,No,No,Basic,No,0,0,0,0,2026,1,Jan
1108,2026-01-04,Campaign Activity,Entrepreneurship,Revda,Female,25-34,Volunteer,No,Yes,No,Basic,No,0,0,1,0,2026,1,Jan
1154,2026-01-04,Community Outreach,Education,Yekaterinburg,Female,18-24,Volunteer,No,No,No,Basic,No,0,0,0,0,2026,1,Jan
1344,2026-01-04,Media Activity,Housing,Revda,Male,25-34,Organizer,No,No,Yes,Leadership,Yes,1,0,0,1,2026,1,Jan
1737,2026-01-04,Government Interaction,Entrepreneurship,Yekaterinburg,Male,25-34,Speaker,Yes,Yes,No,Visible,No,0,1,1,0,2026,1,Jan
2393,2026-01-04,Media Activity,Gender Equality,Nizhny Tagil,Female,25-34,Participant,No,No,No,Basic,No,0,0,0,0,2026,1,Jan
3032,2026-01-04,Meeting,Housing,Pervouralsk,Female,35-44,Coordinator,Yes,No,Yes,Leadership,Yes,1,1,0,1,2026,1,Jan
3577,2026-01-04,Meeting,Housing,Yekaterinburg,Male,35-44,Volunteer,No,No,No,Basic,No,0,0,0,0,2026,1,Jan
172,2026-01-05,Media Activity,Social Policy,Nizhny Tagil,Male,25-34,Coordinator,Yes,Yes,Yes,Leadership,Yes,1,1,1,1,2026,1,Jan
649,2026-01-05,Meeting,Education,Yekaterinburg,Male,45-54,Participant,No,No,No,Basic,No,0,0,0,0,2026,1,Jan
983,2026-01-05,Educational Event,Housing,Asbest,Male,35-44,Participant,Yes,No,No,Basic,No,0,1,0,0,2026,1,Jan
1049,2026-01-05,Public Event,Transport,Asbest,Male,18-24,Participant,No,No,No,Basic,No,0,0,0,0,2026,1,Jan
1677,2026-01-05,Community Outreach,Social Policy,Yekaterinburg,Male,35-44,Speaker,Yes,Yes,No,Visible,No,0,1,1,0,2026,1,Jan
1841,2026-01-05,Meeting,Local Government,Kamensk-Uralsky,Female,25-34,Participant,No,No,No,Basic,No,0,0,0,0,2026,1,Jan
2033,2026-01-05,Campaign Activity,Transport,Asbest,Female,45-54,Speaker,No,Yes,No,Visible,No,0,0,1,0,2026,1,Jan
2120,2026-01-05,Meeting,Youth Policy,Pervouralsk,Female,25-34,Participant,No,No,No,Basic,No,0,0,0,0,2026,1,Jan
2662,2026-01-05,Meeting,Gender Equality,Yekaterinburg,Female,55+,Participant,No,No,No,Basic,No,0,0,0,0,2026,1,Jan
2711,2026-01-05,Meeting,Entrepreneurship,Pervouralsk,Male,35-44,Organizer,Yes,No,Yes,Leadership,Yes,1,1,0,1,2026,1,Jan
2848,2026-01-05,Campaign Activity,Gender Equality,Yekaterinburg,Female,25-34,Volunteer,No,No,No,Basic,No,0,0,0,0,2026,1,Jan
2881,2026-01-05,Survey,Healthcare,Pervouralsk,Female,18-24,Participant,No,No,No,Basic,No,0,0,0,0,2026,1,Jan
732,2026-01-06,Media Activity,Entrepreneurship,Yekaterinburg,Female,25-34,Participant,No,No,No,Basic,No,0,0,0,0,2026,1,Jan
1559,2026-01-06,Campaign Activity,Local Government,Kamensk-Uralsky,Male,35-44,Organizer,Yes,Yes,Yes,Leadership,Yes,1,1,1,1,2026,1,Jan
2176,2026-01-06,Meeting,Social Policy,Yekaterinburg,Male,18-24,Analyst,Yes,No,No,Professional,No,0,1,0,0,2026,1,Jan
2927,2026-01-06,Public Event,Local Government,Yekaterinburg,Male,25-34,Volunteer,No,No,No,Basic,No,0,0,0,0,2026,1,Jan
3369,2026-01-06,Community Outreach,Healthcare,Yekaterinburg,Female,18-24,Participant,No,No,No,Basic,No,0,0,0,0,2026,1,Jan
83,2026-01-07,Campaign Activity,Healthcare,Yekaterinburg,Male,18-24,Analyst,Yes,No,No,Professional,No,0,1,0,0,2026,1,Jan
436,2026-01-07,Campaign Activity,Entrepreneurship,Yekaterinburg,Female,35-44,Volunteer,No,No,No,Basic,No,0,0,0,0,2026,1,Jan
1921,2026-01-07,Campaign Activity,Gender Equality,Yekaterinburg,Male,25-34,Participant,No,No,No,Basic,No,0,0,0,0,2026,1,Jan
3169,2026-01-07,Educational Event,Economic Policy,Yekaterinburg,Female,25-34,Speaker,No,Yes,No,Visible,No,0,0,1,0,2026,1,Jan
1751,2026-01-08,Media Activity,Housing,Yekaterinburg,Male,18-24,Participant,No,No,No,Basic,No,0,0,0,0,2026,1,Jan
1780,2026-01-08,Educational Event,Healthcare,Yekaterinburg,Female,25-34,Participant,No,No,No,Basic,No,0,0,0,0,2026,1,Jan
2507,2026-01-08,Media Activity,Education,Yekaterinburg,Male,25-34,Participant,No,No,No,Basic,No,0,0,0,0,2026,1,Jan
2675,2026-01-08,Meeting,Education,Yekaterinburg,Male,35-44,Volunteer,No,No,No,Basic,No,0,0,0,0,2026,1,Jan
3076,2026-01-08,Meeting,Local Government,Asbest,Male,18-24,Participant,No,No,No,Basic,No,0,0,0,0,2026,1,Jan
3447,2026-01-08,Campaign Activity,Housing,Pervouralsk,Male,25-34,Participant,No,No,No,Basic,No,0,0,0,0,2026,1,Jan
158,2026-01-09,Public Event,Gender Equality,Yekaterinburg,Male,25-34,Coordinator,Yes,Yes,Yes,Leadership,Yes,1,1,1,1,2026,1,Jan
911,2026-01-09,Community Outreach,Education,Yekaterinburg,Male,25-34,Participant,No,No,No,Basic,No,0,0,0,0,2026,1,Jan
927,2026-01-09,Government Interaction,Gender Equality,Pervouralsk,Female,35-44,Analyst,No,No,No,Professional,No,0,0,0,0,2026,1,Jan
1524,2026-01-09,Community Outreach,Education,Yekaterinburg,Male,35-44,Volunteer,Yes,No,No,Basic,No,0,1,0,0,2026,1,Jan
1588,2026-01-09,Community Outreach,Entrepreneurship,Asbest,Male,25-34,Participant,No,No,No,Basic,No,0,0,0,0,2026,1,Jan
2551,2026-01-09,Survey,Local Government,Yekaterinburg,Male,18-24,Participant,No,No,No,Basic,No,0,0,0,0,2026,1,Jan
2723,2026-01-09,Educational Event,Economic Policy,Pervouralsk,Female,25-34,Participant,No,No,No,Basic,No,0,0,0,0,2026,1,Jan
2799,2026-01-09,Community Outreach,Housing,Yekaterinburg,Male,55+,Volunteer,No,No,No,Basic,No,0,0,0,0,2026,1,Jan
3041,2026-01-09,Meeting,Economic Policy,Yekaterinburg,Female,18-24,Volunteer,No,No,No,Basic,No,0,0,0,0,2026,1,Jan
3262,2026-01-09,Educational Event,Housing,Yekaterinburg,Male,45-54,Participant,No,No,No,Basic,No,0,0,0,0,2026,1,Jan
3338,2026-01-09,Community Outreach,Economic Policy,Yekaterinburg,Male,35-44,Volunteer,Yes,No,No,Basic,No,0,1,0,0,2026,1,Jan
113,2026-01-10,Media Activity,Local Government,Yekaterinburg,Female,35-44,Volunteer,No,No,No,Basic,No,0,0,0,0,2026,1,Jan
1136,2026-01-10,Survey,Local Government,Yekaterinburg,Female,45-54,Coordinator,Yes,No,Yes,Leadership,Yes,1,1,0,1,2026,1,Jan
1374,2026-01-10,Educational Event,Education,Yekaterinburg,Male,25-34,Coordinator,Yes,Yes,Yes,Leadership,Yes,1,1,1,1,2026,1,Jan
2376,2026-01-10,Public Event,Youth Policy,Yekaterinburg,Female,35-44,Participant,No,No,No,Basic,No,0,0,0,0,2026,1,Jan
3190,2026-01-10,Educational Event,Youth Policy,Yekaterinburg,Female,45-54,Speaker,No,Yes,No,Visible,No,0,0,1,0,2026,1,Jan
3578,2026-01-10,Media Activity,Housing,Asbest,Female,35-44,Speaker,Yes,Yes,No,Visible,No,0,1,1,0,2026,1,Jan
1246,2026-01-11,Public Event,Local Government,Kamensk-Uralsky,Female,18-24,Participant,No,No,No,Basic,No,0,0,0,0,2026,1,Jan
1350,2026-01-11,Government Interaction,Youth Policy,Kamensk-Uralsky,Female,25-34,Coordinator,Yes,Yes,Yes,Leadership,Yes,1,1,1,1,2026,1,Jan
663,2026-01-12,Public Event,Transport,Yekaterinburg,Female,25-34,Volunteer,No,No,No,Basic,No,0,0,0,0,2026,1,Jan
846,2026-01-12,Campaign Activity,Healthcare,Yekaterinburg,Male,25-34,Volunteer,No,No,No,Basic,No,0,0,0,0,2026,1,Jan
1177,2026-01-12,Campaign Activity,Gender Equality,Yekaterinburg,Female,25-34,Speaker,Yes,Yes,No,Visible,No,0,1,1,0,2026,1,Jan
1264,2026-01-12,Survey,Gender Equality,Yekaterinburg,Male,25-34,Participant,No,No,No,Basic,No,0,0,0,0,2026,1,Jan
1444,2026-01-12,Campaign Activity,Local Government,Pervouralsk,Female,45-54,Volunteer,No,Yes,No,Basic,No,0,0,1,0,2026,1,Jan
1837,2026-01-12,Educational Event,Education,Yekaterinburg,Female,18-24,Analyst,No,No,No,Professional,No,0,0,0,0,2026,1,Jan
1141,2026-01-13,Public Event,Economic Policy,Yekaterinburg,Female,35-44,Speaker,No,Yes,No,Visible,No,0,0,1,0,2026,1,Jan
1649,2026-01-13,Meeting,Economic Policy,Yekaterinburg,Male,18-24,Participant,No,No,No,Basic,No,0,0,0,0,2026,1,Jan
1942,2026-01-13,Community Outreach,Social Policy,Revda,Female,55+,Speaker,No,Yes,No,Visible,No,0,0,1,0,2026,1,Jan
2183,2026-01-13,Campaign Activity,Social Policy,Pervouralsk,Male,35-44,Organizer,Yes,No,Yes,Leadership,Yes,1,1,0,1,2026,1,Jan
3219,2026-01-13,Meeting,Social Policy,Asbest,Female,18-24,Coordinator,Yes,Yes,Yes,Leadership,Yes,1,1,1,1,2026,1,Jan
3291,2026-01-13,Community Outreach,Housing,Nizhny Tagil,Female,25-34,Organizer,Yes,Yes,Yes,Leadership,Yes,1,1,1,1,2026,1,Jan
3309,2026-01-13,Media Activity,Local Government,Pervouralsk,Male,25-34,Analyst,No,No,No,Professional,No,0,0,0,0,2026,1,Jan
807,2026-01-14,Media Activity,Economic Policy,Nizhny Tagil,Male,18-24,Organizer,Yes,Yes,Yes,Leadership,Yes,1,1,1,1,2026,1,Jan
1097,2026-01-14,Campaign Activity,Housing,Yekaterinburg,Female,18-24,Participant,No,No,No,Basic,No,0,0,0,0,2026,1,Jan
1259,2026-01-14,Meeting,Youth Policy,Yekaterinburg,Male,25-34,Analyst,Yes,Yes,No,Professional,No,0,1,1,0,2026,1,Jan
1706,2026-01-14,Community Outreach,Social Policy,Yekaterinburg,Male,25-34,Speaker,No,Yes,No,Visible,No,0,0,1,0,2026,1,Jan
3052,2026-01-14,Media Activity,Social Policy,Yekaterinburg,Female,45-54,Participant,No,No,No,Basic,No,0,0,0,0,2026,1,Jan
201,2026-01-15,Meeting,Education,Yekaterinburg,Male,55+,Organizer,No,No,Yes,Leadership,Yes,1,0,0,1,2026,1,Jan
534,2026-01-15,Community Outreach,Education,Yekaterinburg,Male,25-34,Organizer,Yes,No,Yes,Leadership,Yes,1,1,0,1,2026,1,Jan
903,2026-01-15,Community Outreach,Entrepreneurship,Nizhny Tagil,Female,35-44,Participant,No,No,No,Basic,No,0,0,0,0,2026,1,Jan
1190,2026-01-15,Government Interaction,Gender Equality,Yekaterinburg,Male,35-44,Volunteer,No,No,No,Basic,No,0,0,0,0,2026,1,Jan
1890,2026-01-15,Survey,Gender Equality,Yekaterinburg,Female,18-24,Participant,No,Yes,No,Basic,No,0,0,1,0,2026,1,Jan
2110,2026-01-15,Community Outreach,Gender Equality,Yekaterinburg,Female,35-44,Participant,No,No,No,Basic,No,0,0,0,0,2026,1,Jan
2603,2026-01-15,Community Outreach,Entrepreneurship,Yekaterinburg,Female,35-44,Participant,No,No,No,Basic,No,0,0,0,0,2026,1,Jan
842,2026-01-16,Public Event,Local Government,Yekaterinburg,Male,18-24,Participant,No,No,No,Basic,No,0,0,0,0,2026,1,Jan
2649,2026-01-16,Community Outreach,Local Government,Yekaterinburg,Male,35-44,Volunteer,No,No,Yes,Basic,No,0,0,0,1,2026,1,Jan
852,2026-01-17,Media Activity,Housing,Nizhny Tagil,Female,35-44,Participant,No,No,No,Basic,No,0,0,0,0,2026,1,Jan
1585,2026-01-17,Meeting,Education,Yekaterinburg,Male,55+,Participant,No,No,No,Basic,No,0,0,0,0,2026,1,Jan
1690,2026-01-17,Community Outreach,Social Policy,Asbest,Female,25-34,Participant,No,No,No,Basic,No,0,0,0,0,2026,1,Jan
2073,2026-01-17,Campaign Activity,Social Policy,Serov,Female,35-44,Participant,No,No,No,Basic,No,0,0,0,0,2026,1,Jan
2717,2026-01-17,Community Outreach,Economic Policy,Yekaterinburg,Male,35-44,Participant,No,No,No,Basic,No,0,0,0,0,2026,1,Jan
3171,2026-01-17,Campaign Activity,Healthcare,Yekaterinburg,Male,55+,Volunteer,No,No,No,Basic,No,0,0,0,0,2026,1,Jan
104,2026-01-18,Government Interaction,Youth Policy,Nizhny Tagil,Male,35-44,Participant,No,No,No,Basic,No,0,0,0,0,2026,1,Jan
1074,2026-01-18,Public Event,Transport,Kamensk-Uralsky,Male,25-34,Analyst,No,No,No,Professional,No,0,0,0,0,2026,1,Jan
1455,2026-01-18,Educational Event,Transport,Yekaterinburg,Female,25-34,Volunteer,No,No,No,Basic,No,0,0,0,0,2026,1,Jan
1932,2026-01-18,Educational Event,Gender Equality,Kamensk-Uralsky,Male,18-24,Volunteer,No,No,No,Basic,No,0,0,0,0,2026,1,Jan
2339,2026-01-18,Government Interaction,Local Government,Yekaterinburg,Male,45-54,Speaker,Yes,Yes,No,Visible,No,0,1,1,0,2026,1,Jan
2818,2026-01-18,Public Event,Education,Yekaterinburg,Male,45-54,Analyst,Yes,No,No,Professional,No,0,1,0,0,2026,1,Jan
3046,2026-01-18,Meeting,Transport,Nizhny Tagil,Male,18-24,Coordinator,Yes,Yes,Yes,Leadership,Yes,1,1,1,1,2026,1,Jan
3139,2026-01-18,Survey,Gender Equality,Kamensk-Uralsky,Male,18-24,Participant,Yes,No,No,Basic,No,0,1,0,0,2026,1,Jan
3376,2026-01-18,Meeting,Youth Policy,Yekaterinburg,Female,35-44,Volunteer,No,No,No,Basic,No,0,0,0,0,2026,1,Jan
204,2026-01-19,Meeting,Gender Equality,Yekaterinburg,Female,18-24,Participant,No,No,No,Basic,No,0,0,0,0,2026,1,Jan
234,2026-01-19,Community Outreach,Entrepreneurship,Revda,Male,18-24,Coordinator,No,Yes,Yes,Leadership,Yes,1,0,1,1,2026,1,Jan
907,2026-01-19,Campaign Activity,Social Policy,Yekaterinburg,Male,18-24,Participant,No,No,No,Basic,No,0,0,0,0,2026,1,Jan
2488,2026-01-19,Public Event,Economic Policy,Serov,Male,45-54,Participant,No,No,No,Basic,No,0,0,0,0,2026,1,Jan
2721,2026-01-19,Public Event,Entrepreneurship,Yekaterinburg,Male,35-44,Participant,No,No,No,Basic,No,0,0,0,0,2026,1,Jan
3042,2026-01-19,Educational Event,Entrepreneurship,Kamensk-Uralsky,Male,25-34,Participant,No,No,No,Basic,No,0,0,0,0,2026,1,Jan
21,2026-01-20,Community Outreach,Youth Policy,Yekaterinburg,Male,35-44,Organizer,No,Yes,Yes,Leadership,Yes,1,0,1,1,2026,1,Jan
222,2026-01-20,Community Outreach,Local Government,Yekaterinburg,Male,25-34,Coordinator,No,Yes,Yes,Leadership,Yes,1,0,1,1,2026,1,Jan
746,2026-01-20,Media Activity,Housing,Kamensk-Uralsky,Male,45-54,Analyst,No,No,No,Professional,No,0,0,0,0,2026,1,Jan
800,2026-01-20,Survey,Youth Policy,Yekaterinburg,Male,25-34,Participant,No,Yes,No,Basic,No,0,0,1,0,2026,1,Jan
894,2026-01-20,Meeting,Housing,Serov,Female,25-34,Participant,No,No,No,Basic,No,0,0,0,0,2026,1,Jan
1343,2026-01-20,Community Outreach,Social Policy,Yekaterinburg,Male,35-44,Participant,No,No,No,Basic,No,0,0,0,0,2026,1,Jan
1856,2026-01-20,Community Outreach,Gender Equality,Yekaterinburg,Male,25-34,Participant,No,No,No,Basic,No,0,0,0,0,2026,1,Jan
2093,2026-01-20,Community Outreach,Economic Policy,Nizhny Tagil,Male,35-44,Volunteer,No,No,No,Basic,No,0,0,0,0,2026,1,Jan
2889,2026-01-20,Meeting,Education,Kamensk-Uralsky,Female,25-34,Participant,No,No,No,Basic,No,0,0,0,0,2026,1,Jan
3579,2026-01-20,Media Activity,Healthcare,Yekaterinburg,Male,25-34,Speaker,Yes,Yes,No,Visible,No,0,1,1,0,2026,1,Jan
30,2026-01-21,Meeting,Entrepreneurship,Yekaterinburg,Male,35-44,Speaker,No,Yes,No,Visible,No,0,0,1,0,2026,1,Jan
105,2026-01-21,Meeting,Education,Nizhny Tagil,Male,25-34,Participant,No,No,No,Basic,No,0,0,0,0,2026,1,Jan
467,2026-01-21,Public Event,Gender Equality,Yekaterinburg,Male,45-54,Participant,No,No,No,Basic,No,0,0,0,0,2026,1,Jan
713,2026-01-21,Public Event,Housing,Serov,Male,18-24,Participant,No,No,No,Basic,No,0,0,0,0,2026,1,Jan
981,2026-01-21,Government Interaction,Housing,Yekaterinburg,Male,25-34,Participant,No,No,No,Basic,No,0,0,0,0,2026,1,Jan
1719,2026-01-21,Campaign Activity,Youth Policy,Yekaterinburg,Male,35-44,Analyst,Yes,No,No,Professional,No,0,1,0,0,2026,1,Jan
2222,2026-01-21,Educational Event,Entrepreneurship,Pervouralsk,Female,35-44,Coordinator,Yes,Yes,Yes,Leadership,Yes,1,1,1,1,2026,1,Jan
2631,2026-01-21,Educational Event,Housing,Nizhny Tagil,Female,35-44,Participant,No,No,No,Basic,No,0,0,0,0,2026,1,Jan
784,2026-01-22,Community Outreach,Social Policy,Yekaterinburg,Male,18-24,Participant,No,No,No,Basic,No,0,0,0,0,2026,1,Jan
3143,2026-01-22,Meeting,Education,Serov,Male,45-54,Analyst,Yes,No,No,Professional,No,0,1,0,0,2026,1,Jan
472,2026-01-23,Community Outreach,Economic Policy,Yekaterinburg,Male,18-24,Coordinator,Yes,Yes,Yes,Leadership,Yes,1,1,1,1,2026,1,Jan
603,2026-01-23,Meeting,Youth Policy,Nizhny Tagil,Male,35-44,Participant,No,No,No,Basic,No,0,0,0,0,2026,1,Jan
2023,2026-01-23,Community Outreach,Healthcare,Asbest,Female,55+,Participant,No,No,No,Basic,No,0,0,0,0,2026,1,Jan
2357,2026-01-23,Community Outreach,Economic Policy,Yekaterinburg,Male,18-24,Participant,No,No,No,Basic,No,0,0,0,0,2026,1,Jan
2501,2026-01-23,Community Outreach,Social Policy,Yekaterinburg,Female,35-44,Analyst,No,Yes,No,Professional,No,0,0,1,0,2026,1,Jan
2852,2026-01-23,Public Event,Housing,Yekaterinburg,Female,35-44,Coordinator,Yes,No,Yes,Leadership,Yes,1,1,0,1,2026,1,Jan
2950,2026-01-23,Public Event,Healthcare,Yekaterinburg,Male,35-44,Participant,Yes,No,No,Basic,No,0,1,0,0,2026,1,Jan
3323,2026-01-23,Campaign Activity,Transport,Yekaterinburg,Male,18-24,Speaker,No,Yes,No,Visible,No,0,0,1,0,2026,1,Jan
227,2026-01-24,Public Event,Transport,Asbest,Female,45-54,Participant,No,No,No,Basic,No,0,0,0,0,2026,1,Jan
310,2026-01-24,Educational Event,Economic Policy,Pervouralsk,Female,18-24,Participant,Yes,Yes,No,Basic,No,0,1,1,0,2026,1,Jan
439,2026-01-24,Campaign Activity,Education,Yekaterinburg,Male,18-24,Participant,No,No,No,Basic,No,0,0,0,0,2026,1,Jan
450,2026-01-24,Government Interaction,Transport,Yekaterinburg,Male,18-24,Participant,No,No,No,Basic,No,0,0,0,0,2026,1,Jan
1525,2026-01-24,Community Outreach,Education,Serov,Male,35-44,Organizer,Yes,No,Yes,Leadership,Yes,1,1,0,1,2026,1,Jan
2074,2026-01-24,Community Outreach,Social Policy,Yekaterinburg,Male,25-34,Participant,No,Yes,No,Basic,No,0,0,1,0,2026,1,Jan
3320,2026-01-24,Community Outreach,Education,Serov,Female,45-54,Analyst,No,No,No,Professional,No,0,0,0,0,2026,1,Jan
561,2026-01-25,Community Outreach,Youth Policy,Nizhny Tagil,Female,18-24,Participant,No,No,No,Basic,No,0,0,0,0,2026,1,Jan
939,2026-01-25,Meeting,Gender Equality,Kamensk-Uralsky,Male,25-34,Participant,No,No,No,Basic,No,0,0,0,0,2026,1,Jan
1254,2026-01-25,Meeting,Transport,Yekaterinburg,Male,25-34,Participant,No,No,No,Basic,No,0,0,0,0,2026,1,Jan
1757,2026-01-25,Community Outreach,Youth Policy,Kamensk-Uralsky,Female,18-24,Participant,No,No,No,Basic,No,0,0,0,0,2026,1,Jan
2050,2026-01-25,Meeting,Education,Yekaterinburg,Female,35-44,Volunteer,No,No,No,Basic,No,0,0,0,0,2026,1,Jan
512,2026-01-26,Educational Event,Youth Policy,Yekaterinburg,Male,18-24,Volunteer,Yes,No,No,Basic,No,0,1,0,0,2026,1,Jan
2101,2026-01-26,Educational Event,Youth Policy,Serov,Male,55+,Participant,No,No,No,Basic,No,0,0,0,0,2026,1,Jan
2244,2026-01-26,Community Outreach,Youth Policy,Pervouralsk,Female,35-44,Volunteer,No,No,No,Basic,No,0,0,0,0,2026,1,Jan
2674,2026-01-26,Meeting,Healthcare,Kamensk-Uralsky,Male,35-44,Participant,No,No,No,Basic,No,0,0,0,0,2026,1,Jan
2782,2026-01-26,Educational Event,Youth Policy,Yekaterinburg,Female,25-34,Volunteer,No,Yes,No,Basic,No,0,0,1,0,2026,1,Jan
3381,2026-01-26,Media Activity,Education,Kamensk-Uralsky,Female,18-24,Speaker,No,Yes,Yes,Visible,No,0,0,1,1,2026,1,Jan
855,2026-01-27,Community Outreach,Youth Policy,Yekaterinburg,Female,25-34,Coordinator,Yes,Yes,Yes,Leadership,Yes,1,1,1,1,2026,1,Jan
861,2026-01-27,Campaign Activity,Economic Policy,Yekaterinburg,Male,18-24,Coordinator,Yes,Yes,Yes,Leadership,Yes,1,1,1,1,2026,1,Jan
1651,2026-01-27,Community Outreach,Transport,Nizhny Tagil,Female,35-44,Participant,No,No,No,Basic,No,0,0,0,0,2026,1,Jan
1930,2026-01-27,Educational Event,Local Government,Yekaterinburg,Female,18-24,Analyst,No,No,No,Professional,No,0,0,0,0,2026,1,Jan
1951,2026-01-27,Public Event,Social Policy,Yekaterinburg,Male,25-34,Organizer,Yes,Yes,Yes,Leadership,Yes,1,1,1,1,2026,1,Jan
3307,2026-01-27,Survey,Transport,Yekaterinburg,Female,35-44,Coordinator,No,No,Yes,Leadership,Yes,1,0,0,1,2026,1,Jan
1786,2026-01-28,Survey,Education,Serov,Male,35-44,Participant,No,No,No,Basic,No,0,0,0,0,2026,1,Jan
1899,2026-01-28,Meeting,Entrepreneurship,Yekaterinburg,Female,25-34,Participant,No,No,No,Basic,No,0,0,0,0,2026,1,Jan
1944,2026-01-28,Community Outreach,Gender Equality,Yekaterinburg,Female,45-54,Participant,No,No,No,Basic,No,0,0,0,0,2026,1,Jan
3343,2026-01-28,Community Outreach,Healthcare,Yekaterinburg,Female,25-34,Organizer,Yes,No,Yes,Leadership,Yes,1,1,0,1,2026,1,Jan
9,2026-01-29,Meeting,Entrepreneurship,Nizhny Tagil,Female,25-34,Participant,No,No,No,Basic,No,0,0,0,0,2026,1,Jan
241,2026-01-29,Government Interaction,Education,Yekaterinburg,Male,35-44,Volunteer,No,No,No,Basic,No,0,0,0,0,2026,1,Jan
444,2026-01-29,Media Activity,Healthcare,Yekaterinburg,Female,35-44,Volunteer,No,No,No,Basic,No,0,0,0,0,2026,1,Jan
594,2026-01-29,Educational Event,Local Government,Pervouralsk,Male,25-34,Participant,No,No,No,Basic,No,0,0,0,0,2026,1,Jan
657,2026-01-29,Meeting,Transport,Yekaterinburg,Male,25-34,Organizer,Yes,Yes,Yes,Leadership,Yes,1,1,1,1,2026,1,Jan
744,2026-01-29,Public Event,Social Policy,Pervouralsk,Female,18-24,Analyst,Yes,No,No,Professional,No,0,1,0,0,2026,1,Jan
1515,2026-01-29,Meeting,Economic Policy,Revda,Male,25-34,Participant,No,No,No,Basic,No,0,0,0,0,2026,1,Jan
2189,2026-01-29,Educational Event,Economic Policy,Yekaterinburg,Female,25-34,Speaker,No,Yes,No,Visible,No,0,0,1,0,2026,1,Jan
2234,2026-01-29,Government Interaction,Social Policy,Kamensk-Uralsky,Male,25-34,Speaker,Yes,Yes,No,Visible,No,0,1,1,0,2026,1,Jan
2247,2026-01-29,Media Activity,Transport,Yekaterinburg,Female,25-34,Participant,No,No,No,Basic,No,0,0,0,0,2026,1,Jan
2904,2026-01-29,Educational Event,Social Policy,Yekaterinburg,Male,55+,Coordinator,Yes,Yes,Yes,Leadership,Yes,1,1,1,1,2026,1,Jan
3020,2026-01-29,Public Event,Local Government,Yekaterinburg,Female,25-34,Participant,No,No,No,Basic,No,0,0,0,0,2026,1,Jan
3175,2026-01-29,Community Outreach,Housing,Revda,Male,25-34,Participant,No,No,No,Basic,No,0,0,0,0,2026,1,Jan
3280,2026-01-29,Meeting,Gender Equality,Pervouralsk,Female,45-54,Coordinator,Yes,Yes,Yes,Leadership,Yes,1,1,1,1,2026,1,Jan
3571,2026-01-29,Community Outreach,Social Policy,Nizhny Tagil,Male,45-54,Volunteer,No,No,No,Basic,No,0,0,0,0,2026,1,Jan
537,2026-01-30,Community Outreach,Social Policy,Serov,Male,18-24,Participant,No,Yes,No,Basic,No,0,0,1,0,2026,1,Jan
1420,2026-01-30,Campaign Activity,Local Government,Nizhny Tagil,Male,45-54,Organizer,No,Yes,Yes,Leadership,Yes,1,0,1,1,2026,1,Jan
1450,2026-01-30,Media Activity,Entrepreneurship,Yekaterinburg,Female,18-24,Analyst,No,No,No,Professional,No,0,0,0,0,2026,1,Jan
1580,2026-01-30,Community Outreach,Entrepreneurship,Yekaterinburg,Male,18-24,Participant,No,No,No,Basic,No,0,0,0,0,2026,1,Jan
2459,2026-01-30,Survey,Youth Policy,Serov,Female,45-54,Coordinator,Yes,No,Yes,Leadership,Yes,1,1,0,1,2026,1,Jan
2998,2026-01-30,Public Event,Healthcare,Yekaterinburg,Female,25-34,Coordinator,Yes,Yes,Yes,Leadership,Yes,1,1,1,1,2026,1,Jan
774,2026-01-31,Meeting,Healthcare,Yekaterinburg,Male,35-44,Volunteer,No,Yes,No,Basic,No,0,0,1,0,2026,1,Jan
945,2026-01-31,Campaign Activity,Transport,Yekaterinburg,Female,18-24,Participant,No,No,No,Basic,No,0,0,0,0,2026,1,Jan
980,2026-01-31,Meeting,Local Government,Yekaterinburg,Female,25-34,Speaker,Yes,Yes,No,Visible,No,0,1,1,0,2026,1,Jan
1208,2026-01-31,Community Outreach,Economic Policy,Yekaterinburg,Male,25-34,Organizer,Yes,Yes,Yes,Leadership,Yes,1,1,1,1,2026,1,Jan
2584,2026-01-31,Government Interaction,Social Policy,Yekaterinburg,Female,35-44,Participant,No,Yes,No,Basic,No,0,0,1,0,2026,1,Jan
3084,2026-01-31,Educational Event,Gender Equality,Nizhny Tagil,Male,45-54,Organizer,Yes,Yes,Yes,Leadership,Yes,1,1,1,1,2026,1,Jan
3490,2026-01-31,Campaign Activity,Transport,Yekaterinburg,Male,25-34,Analyst,Yes,No,No,Professional,No,0,1,0,0,2026,1,Jan
170,2026-02-01,Community Outreach,Social Policy,Yekaterinburg,Male,18-24,Coordinator,Yes,No,Yes,Leadership,Yes,1,1,0,1,2026,2,Feb
171,2026-02-01,Media Activity,Healthcare,Yekaterinburg,Female,35-44,Speaker,No,Yes,Yes,Visible,No,0,0,1,1,2026,2,Feb
183,2026-02-01,Media Activity,Education,Yekaterinburg,Male,35-44,Volunteer,No,No,No,Basic,No,0,0,0,0,2026,2,Feb
1082,2026-02-01,Meeting,Youth Policy,Yekaterinburg,Male,18-24,Participant,No,No,No,Basic,No,0,0,0,0,2026,2,Feb
1962,2026-02-01,Campaign Activity,Education,Yekaterinburg,Female,55+,Participant,No,No,No,Basic,No,0,0,0,0,2026,2,Feb
1975,2026-02-01,Campaign Activity,Gender Equality,Pervouralsk,Female,25-34,Participant,No,No,No,Basic,No,0,0,0,0,2026,2,Feb
2107,2026-02-01,Educational Event,Gender Equality,Kamensk-Uralsky,Male,25-34,Volunteer,No,No,No,Basic,No,0,0,0,0,2026,2,Feb
2020,2026-02-02,Meeting,Social Policy,Nizhny Tagil,Female,18-24,Volunteer,No,No,No,Basic,No,0,0,0,0,2026,2,Feb
3314,2026-02-02,Survey,Entrepreneurship,Yekaterinburg,Male,35-44,Participant,No,No,No,Basic,No,0,0,0,0,2026,2,Feb
8,2026-02-03,Public Event,Social Policy,Yekaterinburg,Male,45-54,Participant,Yes,No,No,Basic,No,0,1,0,0,2026,2,Feb
504,2026-02-03,Public Event,Local Government,Yekaterinburg,Male,35-44,Participant,No,No,No,Basic,No,0,0,0,0,2026,2,Feb
608,2026-02-03,Meeting,Economic Policy,Yekaterinburg,Female,45-54,Speaker,No,Yes,No,Visible,No,0,0,1,0,2026,2,Feb
1529,2026-02-03,Media Activity,Economic Policy,Yekaterinburg,Female,45-54,Volunteer,No,No,No,Basic,No,0,0,0,0,2026,2,Feb
2352,2026-02-03,Campaign Activity,Youth Policy,Yekaterinburg,Male,35-44,Volunteer,No,No,No,Basic,No,0,0,0,0,2026,2,Feb
2420,2026-02-03,Media Activity,Gender Equality,Revda,Male,25-34,Analyst,No,No,No,Professional,No,0,0,0,0,2026,2,Feb
2463,2026-02-03,Meeting,Education,Pervouralsk,Female,35-44,Speaker,No,Yes,No,Visible,No,0,0,1,0,2026,2,Feb
169,2026-02-04,Government Interaction,Healthcare,Yekaterinburg,Female,35-44,Coordinator,Yes,No,Yes,Leadership,Yes,1,1,0,1,2026,2,Feb
1938,2026-02-04,Community Outreach,Education,Pervouralsk,Male,55+,Participant,No,Yes,No,Basic,No,0,0,1,0,2026,2,Feb
2149,2026-02-04,Media Activity,Entrepreneurship,Yekaterinburg,Male,55+,Participant,No,No,No,Basic,No,0,0,0,0,2026,2,Feb
2483,2026-02-04,Community Outreach,Gender Equality,Yekaterinburg,Female,25-34,Participant,No,No,No,Basic,No,0,0,0,0,2026,2,Feb
3424,2026-02-04,Community Outreach,Youth Policy,Yekaterinburg,Female,35-44,Coordinator,Yes,Yes,Yes,Leadership,Yes,1,1,1,1,2026,2,Feb
3425,2026-02-04,Meeting,Education,Yekaterinburg,Female,55+,Participant,No,No,No,Basic,No,0,0,0,0,2026,2,Feb
443,2026-02-05,Meeting,Youth Policy,Nizhny Tagil,Male,18-24,Participant,Yes,No,No,Basic,No,0,1,0,0,2026,2,Feb
783,2026-02-05,Public Event,Gender Equality,Pervouralsk,Female,25-34,Participant,No,Yes,No,Basic,No,0,0,1,0,2026,2,Feb
1532,2026-02-05,Meeting,Entrepreneurship,Yekaterinburg,Female,55+,Coordinator,Yes,No,Yes,Leadership,Yes,1,1,0,1,2026,2,Feb
1824,2026-02-05,Meeting,Education,Yekaterinburg,Male,55+,Organizer,Yes,Yes,Yes,Leadership,Yes,1,1,1,1,2026,2,Feb
2661,2026-02-05,Educational Event,Youth Policy,Kamensk-Uralsky,Male,25-34,Participant,No,Yes,No,Basic,No,0,0,1,0,2026,2,Feb
2747,2026-02-05,Media Activity,Youth Policy,Yekaterinburg,Female,25-34,Participant,No,No,No,Basic,No,0,0,0,0,2026,2,Feb
3221,2026-02-05,Government Interaction,Social Policy,Nizhny Tagil,Female,45-54,Participant,No,No,No,Basic,No,0,0,0,0,2026,2,Feb
1680,2026-02-06,Survey,Entrepreneurship,Yekaterinburg,Male,25-34,Participant,No,No,No,Basic,No,0,0,0,0,2026,2,Feb
1813,2026-02-06,Campaign Activity,Transport,Yekaterinburg,Male,18-24,Speaker,No,Yes,No,Visible,No,0,0,1,0,2026,2,Feb
2225,2026-02-06,Campaign Activity,Local Government,Yekaterinburg,Male,25-34,Organizer,Yes,Yes,Yes,Leadership,Yes,1,1,1,1,2026,2,Feb
2422,2026-02-06,Educational Event,Gender Equality,Yekaterinburg,Female,45-54,Volunteer,Yes,No,No,Basic,No,0,1,0,0,2026,2,Feb
2514,2026-02-06,Media Activity,Social Policy,Yekaterinburg,Female,55+,Participant,No,No,No,Basic,No,0,0,0,0,2026,2,Feb
2582,2026-02-06,Community Outreach,Education,Kamensk-Uralsky,Male,45-54,Volunteer,No,No,No,Basic,No,0,0,0,0,2026,2,Feb
2619,2026-02-06,Meeting,Youth Policy,Yekaterinburg,Male,18-24,Organizer,Yes,Yes,Yes,Leadership,Yes,1,1,1,1,2026,2,Feb
2912,2026-02-06,Meeting,Education,Serov,Female,35-44,Speaker,Yes,Yes,No,Visible,No,0,1,1,0,2026,2,Feb
2979,2026-02-06,Media Activity,Housing,Yekaterinburg,Male,35-44,Volunteer,No,No,No,Basic,No,0,0,0,0,2026,2,Feb
3499,2026-02-06,Public Event,Economic Policy,Yekaterinburg,Female,25-34,Speaker,Yes,Yes,No,Visible,No,0,1,1,0,2026,2,Feb
22,2026-02-07,Public Event,Youth Policy,Asbest,Female,45-54,Coordinator,Yes,No,Yes,Leadership,Yes,1,1,0,1,2026,2,Feb
835,2026-02-07,Community Outreach,Youth Policy,Serov,Male,45-54,Participant,No,No,No,Basic,No,0,0,0,0,2026,2,Feb
1395,2026-02-07,Community Outreach,Healthcare,Pervouralsk,Male,25-34,Participant,Yes,No,No,Basic,No,0,1,0,0,2026,2,Feb
1448,2026-02-07,Educational Event,Youth Policy,Yekaterinburg,Male,55+,Participant,No,No,No,Basic,No,0,0,0,0,2026,2,Feb
2358,2026-02-07,Meeting,Economic Policy,Revda,Male,25-34,Analyst,No,No,No,Professional,No,0,0,0,0,2026,2,Feb
3096,2026-02-07,Public Event,Entrepreneurship,Yekaterinburg,Female,45-54,Participant,No,No,No,Basic,No,0,0,0,0,2026,2,Feb
934,2026-02-08,Community Outreach,Transport,Yekaterinburg,Male,45-54,Coordinator,Yes,No,Yes,Leadership,Yes,1,1,0,1,2026,2,Feb
1203,2026-02-08,Meeting,Gender Equality,Yekaterinburg,Male,18-24,Participant,No,No,No,Basic,No,0,0,0,0,2026,2,Feb
1643,2026-02-08,Public Event,Youth Policy,Kamensk-Uralsky,Female,45-54,Participant,No,No,No,Basic,No,0,0,0,0,2026,2,Feb
2130,2026-02-08,Public Event,Gender Equality,Kamensk-Uralsky,Female,25-34,Participant,No,No,No,Basic,No,0,0,0,0,2026,2,Feb
2843,2026-02-08,Educational Event,Healthcare,Pervouralsk,Female,35-44,Participant,No,No,No,Basic,No,0,0,0,0,2026,2,Feb
2928,2026-02-08,Meeting,Social Policy,Nizhny Tagil,Male,45-54,Volunteer,No,No,No,Basic,No,0,0,0,0,2026,2,Feb
3208,2026-02-08,Media Activity,Education,Yekaterinburg,Female,18-24,Speaker,No,Yes,No,Visible,No,0,0,1,0,2026,2,Feb
558,2026-02-09,Meeting,Economic Policy,Pervouralsk,Male,25-34,Participant,No,No,No,Basic,No,0,0,0,0,2026,2,Feb
1231,2026-02-09,Community Outreach,Youth Policy,Yekaterinburg,Female,25-34,Speaker,No,Yes,Yes,Visible,No,0,0,1,1,2026,2,Feb
2374,2026-02-09,Media Activity,Social Policy,Asbest,Female,45-54,Participant,No,No,No,Basic,No,0,0,0,0,2026,2,Feb
515,2026-02-10,Survey,Gender Equality,Yekaterinburg,Female,18-24,Participant,No,No,No,Basic,No,0,0,0,0,2026,2,Feb
989,2026-02-10,Community Outreach,Local Government,Yekaterinburg,Female,35-44,Volunteer,No,No,No,Basic,No,0,0,0,0,2026,2,Feb
1089,2026-02-10,Educational Event,Education,Yekaterinburg,Male,25-34,Participant,No,No,No,Basic,No,0,0,0,0,2026,2,Feb
2140,2026-02-10,Campaign Activity,Local Government,Yekaterinburg,Male,45-54,Volunteer,No,No,No,Basic,No,0,0,0,0,2026,2,Feb
2249,2026-02-10,Meeting,Economic Policy,Yekaterinburg,Female,25-34,Participant,No,No,No,Basic,No,0,0,0,0,2026,2,Feb
2554,2026-02-10,Public Event,Transport,Yekaterinburg,Male,25-34,Volunteer,No,No,No,Basic,No,0,0,0,0,2026,2,Feb
3415,2026-02-10,Public Event,Housing,Pervouralsk,Female,35-44,Organizer,No,No,Yes,Leadership,Yes,1,0,0,1,2026,2,Feb
483,2026-02-11,Government Interaction,Transport,Asbest,Male,25-34,Volunteer,No,No,No,Basic,No,0,0,0,0,2026,2,Feb
803,2026-02-11,Meeting,Healthcare,Nizhny Tagil,Male,25-34,Participant,No,No,No,Basic,No,0,0,0,0,2026,2,Feb
1121,2026-02-11,Campaign Activity,Entrepreneurship,Yekaterinburg,Male,35-44,Participant,No,No,No,Basic,No,0,0,0,0,2026,2,Feb
1178,2026-02-11,Meeting,Youth Policy,Nizhny Tagil,Female,45-54,Participant,No,No,No,Basic,No,0,0,0,0,2026,2,Feb
1792,2026-02-11,Campaign Activity,Entrepreneurship,Kamensk-Uralsky,Female,25-34,Volunteer,No,No,No,Basic,No,0,0,0,0,2026,2,Feb
1956,2026-02-11,Educational Event,Youth Policy,Asbest,Male,35-44,Analyst,No,No,No,Professional,No,0,0,0,0,2026,2,Feb
2068,2026-02-11,Educational Event,Gender Equality,Yekaterinburg,Male,45-54,Coordinator,Yes,Yes,Yes,Leadership,Yes,1,1,1,1,2026,2,Feb
2379,2026-02-11,Meeting,Youth Policy,Pervouralsk,Female,45-54,Volunteer,Yes,No,No,Basic,No,0,1,0,0,2026,2,Feb
2737,2026-02-11,Campaign Activity,Entrepreneurship,Kamensk-Uralsky,Female,35-44,Speaker,No,Yes,No,Visible,No,0,0,1,0,2026,2,Feb
2921,2026-02-11,Media Activity,Local Government,Nizhny Tagil,Male,18-24,Speaker,No,Yes,No,Visible,No,0,0,1,0,2026,2,Feb
270,2026-02-12,Campaign Activity,Local Government,Serov,Female,18-24,Volunteer,No,No,No,Basic,No,0,0,0,0,2026,2,Feb
923,2026-02-12,Survey,Healthcare,Pervouralsk,Male,35-44,Organizer,Yes,No,Yes,Leadership,Yes,1,1,0,1,2026,2,Feb
1662,2026-02-12,Community Outreach,Youth Policy,Nizhny Tagil,Male,35-44,Organizer,Yes,No,Yes,Leadership,Yes,1,1,0,1,2026,2,Feb
2439,2026-02-12,Public Event,Housing,Nizhny Tagil,Female,25-34,Participant,No,No,No,Basic,No,0,0,0,0,2026,2,Feb
2447,2026-02-12,Campaign Activity,Gender Equality,Kamensk-Uralsky,Female,18-24,Participant,No,No,No,Basic,No,0,0,0,0,2026,2,Feb
1243,2026-02-13,Public Event,Gender Equality,Yekaterinburg,Female,35-44,Speaker,No,Yes,No,Visible,No,0,0,1,0,2026,2,Feb
1309,2026-02-13,Government Interaction,Housing,Nizhny Tagil,Female,25-34,Volunteer,No,No,No,Basic,No,0,0,0,0,2026,2,Feb
1523,2026-02-13,Campaign Activity,Education,Yekaterinburg,Male,25-34,Participant,Yes,No,No,Basic,No,0,1,0,0,2026,2,Feb
1556,2026-02-13,Meeting,Social Policy,Revda,Male,45-54,Participant,No,No,No,Basic,No,0,0,0,0,2026,2,Feb
1811,2026-02-13,Public Event,Economic Policy,Yekaterinburg,Female,25-34,Participant,No,No,No,Basic,No,0,0,0,0,2026,2,Feb
2346,2026-02-13,Public Event,Education,Yekaterinburg,Female,25-34,Organizer,Yes,Yes,Yes,Leadership,Yes,1,1,1,1,2026,2,Feb
2713,2026-02-13,Media Activity,Local Government,Yekaterinburg,Female,25-34,Participant,No,No,No,Basic,No,0,0,0,0,2026,2,Feb
2882,2026-02-13,Campaign Activity,Education,Kamensk-Uralsky,Female,25-34,Participant,No,No,No,Basic,No,0,0,0,0,2026,2,Feb
3517,2026-02-13,Campaign Activity,Youth Policy,Yekaterinburg,Male,25-34,Coordinator,No,No,Yes,Leadership,Yes,1,0,0,1,2026,2,Feb
17,2026-02-14,Campaign Activity,Entrepreneurship,Pervouralsk,Male,35-44,Analyst,Yes,No,No,Professional,No,0,1,0,0,2026,2,Feb
805,2026-02-14,Campaign Activity,Housing,Yekaterinburg,Female,18-24,Participant,No,Yes,No,Basic,No,0,0,1,0,2026,2,Feb
2580,2026-02-14,Campaign Activity,Transport,Yekaterinburg,Male,25-34,Participant,No,No,No,Basic,No,0,0,0,0,2026,2,Feb
2789,2026-02-14,Media Activity,Education,Kamensk-Uralsky,Male,35-44,Analyst,No,No,No,Professional,No,0,0,0,0,2026,2,Feb
3290,2026-02-14,Community Outreach,Transport,Yekaterinburg,Female,18-24,Volunteer,No,No,No,Basic,No,0,0,0,0,2026,2,Feb
3310,2026-02-14,Campaign Activity,Youth Policy,Yekaterinburg,Female,25-34,Participant,No,No,No,Basic,No,0,0,0,0,2026,2,Feb
985,2026-02-15,Government Interaction,Youth Policy,Pervouralsk,Female,35-44,Coordinator,No,No,Yes,Leadership,Yes,1,0,0,1,2026,2,Feb
1187,2026-02-15,Public Event,Entrepreneurship,Yekaterinburg,Female,35-44,Analyst,Yes,No,Yes,Professional,No,0,1,0,1,2026,2,Feb
1365,2026-02-15,Public Event,Healthcare,Yekaterinburg,Female,45-54,Participant,No,No,No,Basic,No,0,0,0,0,2026,2,Feb
1615,2026-02-15,Campaign Activity,Education,Pervouralsk,Male,25-34,Participant,No,No,No,Basic,No,0,0,0,0,2026,2,Feb
2069,2026-02-15,Government Interaction,Social Policy,Yekaterinburg,Female,18-24,Participant,No,No,No,Basic,No,0,0,0,0,2026,2,Feb
587,2026-02-16,Meeting,Housing,Yekaterinburg,Female,25-34,Participant,No,No,No,Basic,No,0,0,0,0,2026,2,Feb
1430,2026-02-16,Meeting,Social Policy,Pervouralsk,Female,45-54,Analyst,Yes,No,No,Professional,No,0,1,0,0,2026,2,Feb
1672,2026-02-16,Educational Event,Entrepreneurship,Kamensk-Uralsky,Male,45-54,Participant,No,No,No,Basic,No,0,0,0,0,2026,2,Feb
3418,2026-02-16,Meeting,Economic Policy,Yekaterinburg,Male,35-44,Coordinator,Yes,No,Yes,Leadership,Yes,1,1,0,1,2026,2,Feb
3422,2026-02-16,Media Activity,Local Government,Yekaterinburg,Female,35-44,Volunteer,No,No,No,Basic,No,0,0,0,0,2026,2,Feb
3504,2026-02-16,Meeting,Youth Policy,Serov,Male,25-34,Coordinator,Yes,Yes,Yes,Leadership,Yes,1,1,1,1,2026,2,Feb
91,2026-02-17,Meeting,Transport,Pervouralsk,Female,25-34,Speaker,No,Yes,No,Visible,No,0,0,1,0,2026,2,Feb
191,2026-02-17,Public Event,Gender Equality,Yekaterinburg,Male,35-44,Analyst,No,No,No,Professional,No,0,0,0,0,2026,2,Feb
462,2026-02-17,Government Interaction,Entrepreneurship,Yekaterinburg,Female,55+,Participant,No,No,No,Basic,No,0,0,0,0,2026,2,Feb
722,2026-02-17,Community Outreach,Social Policy,Asbest,Female,18-24,Coordinator,No,Yes,Yes,Leadership,Yes,1,0,1,1,2026,2,Feb
1596,2026-02-17,Media Activity,Economic Policy,Yekaterinburg,Male,45-54,Organizer,Yes,Yes,Yes,Leadership,Yes,1,1,1,1,2026,2,Feb
2664,2026-02-17,Government Interaction,Housing,Yekaterinburg,Female,25-34,Participant,No,No,No,Basic,No,0,0,0,0,2026,2,Feb
1045,2026-02-18,Public Event,Education,Yekaterinburg,Female,25-34,Participant,No,No,No,Basic,No,0,0,0,0,2026,2,Feb
1721,2026-02-18,Meeting,Housing,Yekaterinburg,Female,35-44,Participant,No,No,No,Basic,No,0,0,0,0,2026,2,Feb
2091,2026-02-18,Community Outreach,Local Government,Yekaterinburg,Female,55+,Speaker,No,Yes,No,Visible,No,0,0,1,0,2026,2,Feb
2903,2026-02-18,Community Outreach,Gender Equality,Yekaterinburg,Female,25-34,Participant,No,No,No,Basic,No,0,0,0,0,2026,2,Feb
3503,2026-02-18,Community Outreach,Housing,Yekaterinburg,Female,25-34,Speaker,No,Yes,Yes,Visible,No,0,0,1,1,2026,2,Feb
3532,2026-02-18,Government Interaction,Healthcare,Yekaterinburg,Female,45-54,Participant,No,No,No,Basic,No,0,0,0,0,2026,2,Feb
103,2026-02-19,Community Outreach,Youth Policy,Yekaterinburg,Female,35-44,Participant,Yes,No,No,Basic,No,0,1,0,0,2026,2,Feb
212,2026-02-19,Meeting,Economic Policy,Yekaterinburg,Male,35-44,Coordinator,Yes,No,Yes,Leadership,Yes,1,1,0,1,2026,2,Feb
424,2026-02-19,Educational Event,Transport,Yekaterinburg,Female,18-24,Participant,No,No,No,Basic,No,0,0,0,0,2026,2,Feb
706,2026-02-19,Meeting,Education,Yekaterinburg,Male,25-34,Participant,No,No,No,Basic,No,0,0,0,0,2026,2,Feb
1124,2026-02-19,Community Outreach,Social Policy,Yekaterinburg,Female,35-44,Participant,No,No,No,Basic,No,0,0,0,0,2026,2,Feb
1961,2026-02-19,Media Activity,Entrepreneurship,Yekaterinburg,Male,25-34,Coordinator,No,Yes,Yes,Leadership,Yes,1,0,1,1,2026,2,Feb
2837,2026-02-19,Community Outreach,Entrepreneurship,Yekaterinburg,Male,25-34,Coordinator,Yes,No,Yes,Leadership,Yes,1,1,0,1,2026,2,Feb
224,2026-02-20,Meeting,Education,Nizhny Tagil,Male,35-44,Organizer,No,Yes,Yes,Leadership,Yes,1,0,1,1,2026,2,Feb
267,2026-02-20,Community Outreach,Education,Yekaterinburg,Female,25-34,Participant,No,Yes,No,Basic,No,0,0,1,0,2026,2,Feb
531,2026-02-20,Survey,Local Government,Yekaterinburg,Male,35-44,Analyst,Yes,No,Yes,Professional,No,0,1,0,1,2026,2,Feb
532,2026-02-20,Community Outreach,Housing,Pervouralsk,Male,45-54,Organizer,Yes,No,Yes,Leadership,Yes,1,1,0,1,2026,2,Feb
1081,2026-02-20,Media Activity,Youth Policy,Yekaterinburg,Female,18-24,Volunteer,No,No,No,Basic,No,0,0,0,0,2026,2,Feb
1542,2026-02-20,Community Outreach,Gender Equality,Yekaterinburg,Female,18-24,Speaker,No,Yes,No,Visible,No,0,0,1,0,2026,2,Feb
2041,2026-02-20,Campaign Activity,Social Policy,Asbest,Female,35-44,Organizer,Yes,No,Yes,Leadership,Yes,1,1,0,1,2026,2,Feb
2199,2026-02-20,Government Interaction,Healthcare,Yekaterinburg,Female,45-54,Volunteer,No,No,No,Basic,No,0,0,0,0,2026,2,Feb
2672,2026-02-20,Public Event,Education,Pervouralsk,Female,45-54,Participant,No,No,No,Basic,No,0,0,0,0,2026,2,Feb
3200,2026-02-20,Meeting,Economic Policy,Nizhny Tagil,Male,55+,Speaker,No,Yes,No,Visible,No,0,0,1,0,2026,2,Feb
3568,2026-02-20,Meeting,Entrepreneurship,Yekaterinburg,Male,45-54,Coordinator,Yes,No,Yes,Leadership,Yes,1,1,0,1,2026,2,Feb
314,2026-02-21,Campaign Activity,Transport,Yekaterinburg,Female,55+,Participant,No,No,No,Basic,No,0,0,0,0,2026,2,Feb
418,2026-02-21,Campaign Activity,Youth Policy,Nizhny Tagil,Male,25-34,Coordinator,Yes,No,Yes,Leadership,Yes,1,1,0,1,2026,2,Feb
519,2026-02-21,Public Event,Local Government,Yekaterinburg,Female,35-44,Volunteer,No,No,No,Basic,No,0,0,0,0,2026,2,Feb
583,2026-02-21,Government Interaction,Economic Policy,Yekaterinburg,Female,18-24,Participant,No,No,No,Basic,No,0,0,0,0,2026,2,Feb
627,2026-02-21,Community Outreach,Gender Equality,Yekaterinburg,Male,35-44,Volunteer,No,No,Yes,Basic,No,0,0,0,1,2026,2,Feb
1135,2026-02-21,Educational Event,Healthcare,Yekaterinburg,Male,45-54,Participant,No,No,No,Basic,No,0,0,0,0,2026,2,Feb
1258,2026-02-21,Community Outreach,Entrepreneurship,Yekaterinburg,Male,25-34,Volunteer,Yes,No,No,Basic,No,0,1,0,0,2026,2,Feb
2404,2026-02-21,Meeting,Healthcare,Yekaterinburg,Male,45-54,Participant,No,No,No,Basic,No,0,0,0,0,2026,2,Feb
2749,2026-02-21,Community Outreach,Economic Policy,Yekaterinburg,Male,25-34,Coordinator,Yes,Yes,Yes,Leadership,Yes,1,1,1,1,2026,2,Feb
3460,2026-02-21,Campaign Activity,Local Government,Yekaterinburg,Male,25-34,Participant,No,No,No,Basic,No,0,0,0,0,2026,2,Feb
535,2026-02-22,Community Outreach,Housing,Revda,Female,18-24,Participant,No,No,No,Basic,No,0,0,0,0,2026,2,Feb
628,2026-02-22,Meeting,Gender Equality,Yekaterinburg,Female,35-44,Participant,No,No,No,Basic,No,0,0,0,0,2026,2,Feb
677,2026-02-22,Campaign Activity,Healthcare,Pervouralsk,Male,35-44,Speaker,Yes,Yes,No,Visible,No,0,1,1,0,2026,2,Feb
1129,2026-02-22,Community Outreach,Economic Policy,Yekaterinburg,Male,18-24,Participant,No,No,No,Basic,No,0,0,0,0,2026,2,Feb
1159,2026-02-22,Meeting,Youth Policy,Yekaterinburg,Female,25-34,Participant,No,No,No,Basic,No,0,0,0,0,2026,2,Feb
1316,2026-02-22,Educational Event,Education,Serov,Male,35-44,Participant,No,No,No,Basic,No,0,0,0,0,2026,2,Feb
1634,2026-02-22,Campaign Activity,Transport,Pervouralsk,Male,25-34,Participant,No,No,No,Basic,No,0,0,0,0,2026,2,Feb
1935,2026-02-22,Educational Event,Youth Policy,Yekaterinburg,Male,55+,Coordinator,Yes,Yes,Yes,Leadership,Yes,1,1,1,1,2026,2,Feb
2505,2026-02-22,Campaign Activity,Social Policy,Serov,Female,25-34,Coordinator,Yes,Yes,Yes,Leadership,Yes,1,1,1,1,2026,2,Feb
2680,2026-02-22,Meeting,Education,Yekaterinburg,Female,55+,Participant,No,No,No,Basic,No,0,0,0,0,2026,2,Feb
2957,2026-02-22,Educational Event,Entrepreneurship,Nizhny Tagil,Female,45-54,Participant,No,No,No,Basic,No,0,0,0,0,2026,2,Feb
502,2026-02-23,Government Interaction,Education,Pervouralsk,Male,18-24,Coordinator,Yes,Yes,Yes,Leadership,Yes,1,1,1,1,2026,2,Feb
1285,2026-02-23,Educational Event,Transport,Yekaterinburg,Male,25-34,Participant,No,No,No,Basic,No,0,0,0,0,2026,2,Feb
1929,2026-02-23,Media Activity,Social Policy,Serov,Female,25-34,Volunteer,No,No,No,Basic,No,0,0,0,0,2026,2,Feb
2239,2026-02-23,Community Outreach,Transport,Nizhny Tagil,Female,35-44,Organizer,No,No,Yes,Leadership,Yes,1,0,0,1,2026,2,Feb
3545,2026-02-23,Educational Event,Social Policy,Yekaterinburg,Female,35-44,Participant,No,No,No,Basic,No,0,0,0,0,2026,2,Feb
1107,2026-02-24,Meeting,Youth Policy,Yekaterinburg,Female,18-24,Volunteer,No,No,No,Basic,No,0,0,0,0,2026,2,Feb
1392,2026-02-24,Educational Event,Gender Equality,Revda,Male,18-24,Participant,No,No,No,Basic,No,0,0,0,0,2026,2,Feb
1428,2026-02-24,Campaign Activity,Entrepreneurship,Kamensk-Uralsky,Female,35-44,Volunteer,No,No,No,Basic,No,0,0,0,0,2026,2,Feb
1518,2026-02-24,Survey,Healthcare,Pervouralsk,Male,18-24,Participant,No,No,No,Basic,No,0,0,0,0,2026,2,Feb
2549,2026-02-24,Media Activity,Healthcare,Yekaterinburg,Female,25-34,Speaker,No,Yes,No,Visible,No,0,0,1,0,2026,2,Feb
3459,2026-02-24,Community Outreach,Transport,Kamensk-Uralsky,Female,45-54,Speaker,No,Yes,No,Visible,No,0,0,1,0,2026,2,Feb
3480,2026-02-24,Media Activity,Social Policy,Yekaterinburg,Male,18-24,Participant,Yes,No,No,Basic,No,0,1,0,0,2026,2,Feb
881,2026-02-25,Campaign Activity,Housing,Yekaterinburg,Female,25-34,Participant,No,No,No,Basic,No,0,0,0,0,2026,2,Feb
3398,2026-02-25,Campaign Activity,Local Government,Yekaterinburg,Female,25-34,Participant,No,No,No,Basic,No,0,0,0,0,2026,2,Feb
1633,2026-02-26,Campaign Activity,Youth Policy,Asbest,Male,45-54,Volunteer,No,No,No,Basic,No,0,0,0,0,2026,2,Feb
1705,2026-02-26,Meeting,Social Policy,Yekaterinburg,Male,55+,Participant,No,No,No,Basic,No,0,0,0,0,2026,2,Feb
1807,2026-02-26,Campaign Activity,Housing,Yekaterinburg,Female,25-34,Participant,No,No,No,Basic,No,0,0,0,0,2026,2,Feb
2330,2026-02-26,Meeting,Youth Policy,Asbest,Male,25-34,Organizer,No,No,Yes,Leadership,Yes,1,0,0,1,2026,2,Feb
3340,2026-02-26,Public Event,Gender Equality,Pervouralsk,Male,18-24,Participant,Yes,No,No,Basic,No,0,1,0,0,2026,2,Feb
3445,2026-02-26,Media Activity,Education,Yekaterinburg,Male,45-54,Coordinator,No,Yes,Yes,Leadership,Yes,1,0,1,1,2026,2,Feb
1297,2026-02-27,Public Event,Economic Policy,Nizhny Tagil,Female,25-34,Participant,No,No,No,Basic,No,0,0,0,0,2026,2,Feb
2042,2026-02-27,Survey,Local Government,Yekaterinburg,Male,35-44,Participant,No,No,No,Basic,No,0,0,0,0,2026,2,Feb
2989,2026-02-27,Educational Event,Healthcare,Revda,Female,18-24,Volunteer,Yes,No,No,Basic,No,0,1,0,0,2026,2,Feb
3002,2026-02-27,Meeting,Education,Yekaterinburg,Male,25-34,Coordinator,Yes,Yes,Yes,Leadership,Yes,1,1,1,1,2026,2,Feb
3389,2026-02-27,Meeting,Healthcare,Nizhny Tagil,Female,18-24,Coordinator,Yes,No,Yes,Leadership,Yes,1,1,0,1,2026,2,Feb
3410,2026-02-27,Community Outreach,Social Policy,Pervouralsk,Female,35-44,Participant,No,No,No,Basic,No,0,0,0,0,2026,2,Feb
3518,2026-02-27,Government Interaction,Housing,Yekaterinburg,Female,55+,Coordinator,Yes,No,Yes,Leadership,Yes,1,1,0,1,2026,2,Feb
1302,2026-02-28,Public Event,Youth Policy,Yekaterinburg,Male,35-44,Analyst,Yes,No,No,Professional,No,0,1,0,0,2026,2,Feb
2022,2026-02-28,Public Event,Economic Policy,Revda,Female,35-44,Coordinator,No,No,Yes,Leadership,Yes,1,0,0,1,2026,2,Feb
481,2026-03-01,Campaign Activity,Local Government,Asbest,Female,25-34,Volunteer,No,No,No,Basic,No,0,0,0,0,2026,3,Mar
1319,2026-03-01,Media Activity,Housing,Asbest,Male,25-34,Speaker,No,Yes,No,Visible,No,0,0,1,0,2026,3,Mar
1679,2026-03-01,Meeting,Education,Yekaterinburg,Male,35-44,Speaker,Yes,Yes,Yes,Visible,No,0,1,1,1,2026,3,Mar
3066,2026-03-01,Government Interaction,Local Government,Yekaterinburg,Female,45-54,Speaker,Yes,Yes,No,Visible,No,0,1,1,0,2026,3,Mar
3112,2026-03-01,Educational Event,Education,Yekaterinburg,Female,25-34,Volunteer,No,No,No,Basic,No,0,0,0,0,2026,3,Mar
35,2026-03-02,Community Outreach,Entrepreneurship,Yekaterinburg,Female,18-24,Participant,No,No,No,Basic,No,0,0,0,0,2026,3,Mar
268,2026-03-02,Public Event,Gender Equality,Serov,Female,35-44,Participant,No,No,No,Basic,No,0,0,0,0,2026,3,Mar
762,2026-03-02,Community Outreach,Education,Yekaterinburg,Female,18-24,Participant,No,No,No,Basic,No,0,0,0,0,2026,3,Mar
840,2026-03-02,Public Event,Entrepreneurship,Asbest,Male,18-24,Volunteer,No,No,No,Basic,No,0,0,0,0,2026,3,Mar
2138,2026-03-02,Government Interaction,Transport,Revda,Male,25-34,Participant,No,No,No,Basic,No,0,0,0,0,2026,3,Mar
2586,2026-03-02,Government Interaction,Economic Policy,Asbest,Female,25-34,Participant,No,No,No,Basic,No,0,0,0,0,2026,3,Mar
2931,2026-03-02,Public Event,Economic Policy,Kamensk-Uralsky,Male,55+,Coordinator,Yes,Yes,Yes,Leadership,Yes,1,1,1,1,2026,3,Mar
41,2026-03-03,Public Event,Education,Yekaterinburg,Female,35-44,Participant,No,No,No,Basic,No,0,0,0,0,2026,3,Mar
1840,2026-03-03,Meeting,Transport,Nizhny Tagil,Male,35-44,Participant,No,No,No,Basic,No,0,0,0,0,2026,3,Mar
1853,2026-03-03,Survey,Economic Policy,Pervouralsk,Male,18-24,Participant,No,No,No,Basic,No,0,0,0,0,2026,3,Mar
2436,2026-03-03,Educational Event,Entrepreneurship,Yekaterinburg,Male,18-24,Volunteer,No,No,No,Basic,No,0,0,0,0,2026,3,Mar
2538,2026-03-03,Meeting,Youth Policy,Yekaterinburg,Female,25-34,Participant,No,No,No,Basic,No,0,0,0,0,2026,3,Mar
2696,2026-03-03,Survey,Youth Policy,Serov,Female,25-34,Volunteer,No,No,No,Basic,No,0,0,0,0,2026,3,Mar
2733,2026-03-03,Community Outreach,Gender Equality,Asbest,Male,18-24,Organizer,Yes,No,Yes,Leadership,Yes,1,1,0,1,2026,3,Mar
544,2026-03-04,Campaign Activity,Entrepreneurship,Yekaterinburg,Male,45-54,Volunteer,No,No,No,Basic,No,0,0,0,0,2026,3,Mar
552,2026-03-04,Community Outreach,Youth Policy,Yekaterinburg,Female,45-54,Participant,No,Yes,No,Basic,No,0,0,1,0,2026,3,Mar
2596,2026-03-04,Campaign Activity,Social Policy,Yekaterinburg,Male,45-54,Speaker,No,Yes,No,Visible,No,0,0,1,0,2026,3,Mar
3220,2026-03-04,Media Activity,Entrepreneurship,Nizhny Tagil,Female,35-44,Participant,No,No,No,Basic,No,0,0,0,0,2026,3,Mar
904,2026-03-05,Campaign Activity,Education,Yekaterinburg,Male,25-34,Organizer,Yes,No,Yes,Leadership,Yes,1,1,0,1,2026,3,Mar
998,2026-03-05,Meeting,Healthcare,Yekaterinburg,Female,45-54,Participant,No,No,No,Basic,No,0,0,0,0,2026,3,Mar
1461,2026-03-05,Meeting,Transport,Asbest,Male,18-24,Participant,No,No,No,Basic,No,0,0,0,0,2026,3,Mar
1828,2026-03-05,Educational Event,Transport,Yekaterinburg,Male,18-24,Participant,No,No,No,Basic,No,0,0,0,0,2026,3,Mar
3286,2026-03-05,Media Activity,Healthcare,Yekaterinburg,Male,35-44,Participant,No,No,No,Basic,No,0,0,0,0,2026,3,Mar
3301,2026-03-05,Campaign Activity,Education,Yekaterinburg,Male,18-24,Participant,No,No,No,Basic,No,0,0,0,0,2026,3,Mar
31,2026-03-06,Meeting,Entrepreneurship,Yekaterinburg,Male,25-34,Participant,No,No,No,Basic,No,0,0,0,0,2026,3,Mar
717,2026-03-06,Media Activity,Gender Equality,Yekaterinburg,Male,25-34,Volunteer,No,No,No,Basic,No,0,0,0,0,2026,3,Mar
912,2026-03-06,Community Outreach,Transport,Pervouralsk,Male,25-34,Participant,Yes,No,No,Basic,No,0,1,0,0,2026,3,Mar
979,2026-03-06,Community Outreach,Economic Policy,Yekaterinburg,Male,45-54,Participant,Yes,No,No,Basic,No,0,1,0,0,2026,3,Mar
1315,2026-03-06,Campaign Activity,Education,Nizhny Tagil,Female,55+,Participant,No,No,No,Basic,No,0,0,0,0,2026,3,Mar
1380,2026-03-06,Media Activity,Gender Equality,Yekaterinburg,Female,45-54,Coordinator,Yes,Yes,Yes,Leadership,Yes,1,1,1,1,2026,3,Mar
1474,2026-03-06,Community Outreach,Education,Kamensk-Uralsky,Male,35-44,Participant,No,No,No,Basic,No,0,0,0,0,2026,3,Mar
2051,2026-03-06,Educational Event,Economic Policy,Yekaterinburg,Male,35-44,Participant,No,No,No,Basic,No,0,0,0,0,2026,3,Mar
2349,2026-03-06,Campaign Activity,Education,Yekaterinburg,Female,45-54,Participant,No,No,No,Basic,No,0,0,0,0,2026,3,Mar
2618,2026-03-06,Government Interaction,Social Policy,Yekaterinburg,Male,45-54,Analyst,Yes,No,No,Professional,No,0,1,0,0,2026,3,Mar
3329,2026-03-06,Public Event,Housing,Yekaterinburg,Male,25-34,Volunteer,No,No,No,Basic,No,0,0,0,0,2026,3,Mar
771,2026-03-07,Public Event,Social Policy,Yekaterinburg,Female,18-24,Participant,No,No,No,Basic,No,0,0,0,0,2026,3,Mar
1723,2026-03-07,Educational Event,Healthcare,Yekaterinburg,Male,45-54,Participant,No,No,No,Basic,No,0,0,0,0,2026,3,Mar
1743,2026-03-07,Educational Event,Healthcare,Yekaterinburg,Female,25-34,Participant,Yes,No,No,Basic,No,0,1,0,0,2026,3,Mar
901,2026-03-08,Meeting,Gender Equality,Yekaterinburg,Female,45-54,Speaker,No,Yes,No,Visible,No,0,0,1,0,2026,3,Mar
1756,2026-03-08,Media Activity,Education,Yekaterinburg,Male,45-54,Speaker,No,Yes,No,Visible,No,0,0,1,0,2026,3,Mar
3239,2026-03-08,Media Activity,Transport,Asbest,Female,55+,Participant,No,No,No,Basic,No,0,0,0,0,2026,3,Mar
2024,2026-03-09,Community Outreach,Social Policy,Kamensk-Uralsky,Female,35-44,Participant,No,No,No,Basic,No,0,0,0,0,2026,3,Mar
2315,2026-03-09,Public Event,Entrepreneurship,Yekaterinburg,Female,18-24,Analyst,No,No,No,Professional,No,0,0,0,0,2026,3,Mar
2645,2026-03-09,Meeting,Transport,Pervouralsk,Female,45-54,Coordinator,No,No,Yes,Leadership,Yes,1,0,0,1,2026,3,Mar
2860,2026-03-09,Government Interaction,Entrepreneurship,Yekaterinburg,Female,25-34,Participant,No,No,No,Basic,No,0,0,0,0,2026,3,Mar
514,2026-03-10,Community Outreach,Transport,Kamensk-Uralsky,Female,18-24,Participant,No,No,No,Basic,No,0,0,0,0,2026,3,Mar
596,2026-03-10,Community Outreach,Youth Policy,Yekaterinburg,Female,25-34,Participant,No,No,No,Basic,No,0,0,0,0,2026,3,Mar
612,2026-03-10,Campaign Activity,Transport,Nizhny Tagil,Male,25-34,Coordinator,Yes,Yes,Yes,Leadership,Yes,1,1,1,1,2026,3,Mar
1394,2026-03-10,Campaign Activity,Youth Policy,Yekaterinburg,Female,25-34,Participant,No,No,No,Basic,No,0,0,0,0,2026,3,Mar
2060,2026-03-10,Survey,Gender Equality,Yekaterinburg,Female,25-34,Analyst,No,No,No,Professional,No,0,0,0,0,2026,3,Mar
2356,2026-03-10,Community Outreach,Entrepreneurship,Yekaterinburg,Male,25-34,Participant,No,No,No,Basic,No,0,0,0,0,2026,3,Mar
555,2026-03-11,Community Outreach,Economic Policy,Yekaterinburg,Female,45-54,Coordinator,No,Yes,Yes,Leadership,Yes,1,0,1,1,2026,3,Mar
972,2026-03-11,Educational Event,Entrepreneurship,Yekaterinburg,Female,18-24,Participant,No,No,No,Basic,No,0,0,0,0,2026,3,Mar
984,2026-03-11,Media Activity,Economic Policy,Pervouralsk,Female,35-44,Participant,No,No,No,Basic,No,0,0,0,0,2026,3,Mar
997,2026-03-11,Campaign Activity,Education,Yekaterinburg,Male,25-34,Volunteer,No,No,Yes,Basic,No,0,0,0,1,2026,3,Mar
1001,2026-03-11,Community Outreach,Social Policy,Nizhny Tagil,Female,35-44,Participant,Yes,No,No,Basic,No,0,1,0,0,2026,3,Mar
1310,2026-03-11,Public Event,Education,Yekaterinburg,Male,25-34,Coordinator,Yes,No,Yes,Leadership,Yes,1,1,0,1,2026,3,Mar
1684,2026-03-11,Campaign Activity,Economic Policy,Serov,Female,35-44,Participant,No,No,No,Basic,No,0,0,0,0,2026,3,Mar
1922,2026-03-11,Public Event,Local Government,Pervouralsk,Female,25-34,Organizer,Yes,No,Yes,Leadership,Yes,1,1,0,1,2026,3,Mar
2553,2026-03-11,Campaign Activity,Youth Policy,Yekaterinburg,Male,45-54,Volunteer,Yes,No,No,Basic,No,0,1,0,0,2026,3,Mar
2655,2026-03-11,Media Activity,Education,Yekaterinburg,Female,18-24,Volunteer,No,No,No,Basic,No,0,0,0,0,2026,3,Mar
2748,2026-03-11,Government Interaction,Economic Policy,Yekaterinburg,Female,25-34,Participant,No,No,No,Basic,No,0,0,0,0,2026,3,Mar
2996,2026-03-11,Campaign Activity,Local Government,Kamensk-Uralsky,Male,18-24,Speaker,No,Yes,No,Visible,No,0,0,1,0,2026,3,Mar
778,2026-03-12,Meeting,Gender Equality,Pervouralsk,Female,35-44,Participant,No,No,No,Basic,No,0,0,0,0,2026,3,Mar
1614,2026-03-12,Media Activity,Youth Policy,Yekaterinburg,Female,25-34,Participant,No,No,No,Basic,No,0,0,0,0,2026,3,Mar
1762,2026-03-12,Meeting,Education,Nizhny Tagil,Female,18-24,Volunteer,Yes,No,No,Basic,No,0,1,0,0,2026,3,Mar
1793,2026-03-12,Media Activity,Economic Policy,Yekaterinburg,Female,25-34,Analyst,Yes,No,No,Professional,No,0,1,0,0,2026,3,Mar
2279,2026-03-12,Government Interaction,Economic Policy,Yekaterinburg,Male,18-24,Participant,No,No,No,Basic,No,0,0,0,0,2026,3,Mar
2529,2026-03-12,Community Outreach,Education,Kamensk-Uralsky,Male,18-24,Participant,No,No,No,Basic,No,0,0,0,0,2026,3,Mar
2900,2026-03-12,Community Outreach,Gender Equality,Revda,Female,18-24,Participant,No,No,No,Basic,No,0,0,0,0,2026,3,Mar
3471,2026-03-12,Government Interaction,Economic Policy,Nizhny Tagil,Female,18-24,Participant,No,No,No,Basic,No,0,0,0,0,2026,3,Mar
1311,2026-03-13,Meeting,Transport,Yekaterinburg,Female,35-44,Participant,No,No,No,Basic,No,0,0,0,0,2026,3,Mar
1648,2026-03-13,Public Event,Economic Policy,Kamensk-Uralsky,Male,25-34,Participant,No,No,No,Basic,No,0,0,0,0,2026,3,Mar
263,2026-03-14,Government Interaction,Housing,Nizhny Tagil,Female,25-34,Volunteer,No,No,No,Basic,No,0,0,0,0,2026,3,Mar
549,2026-03-14,Campaign Activity,Local Government,Yekaterinburg,Male,25-34,Participant,No,No,No,Basic,No,0,0,0,0,2026,3,Mar
1589,2026-03-14,Educational Event,Youth Policy,Yekaterinburg,Female,35-44,Participant,No,No,No,Basic,No,0,0,0,0,2026,3,Mar
2223,2026-03-14,Government Interaction,Education,Yekaterinburg,Female,25-34,Participant,No,No,No,Basic,No,0,0,0,0,2026,3,Mar
2398,2026-03-14,Educational Event,Social Policy,Nizhny Tagil,Female,18-24,Analyst,Yes,No,Yes,Professional,No,0,1,0,1,2026,3,Mar
2490,2026-03-14,Government Interaction,Entrepreneurship,Nizhny Tagil,Male,35-44,Speaker,No,Yes,No,Visible,No,0,0,1,0,2026,3,Mar
2978,2026-03-14,Survey,Housing,Yekaterinburg,Male,18-24,Speaker,No,Yes,No,Visible,No,0,0,1,0,2026,3,Mar
3150,2026-03-14,Government Interaction,Gender Equality,Yekaterinburg,Female,25-34,Participant,No,No,No,Basic,No,0,0,0,0,2026,3,Mar
193,2026-03-15,Meeting,Gender Equality,Yekaterinburg,Female,25-34,Participant,No,No,No,Basic,No,0,0,0,0,2026,3,Mar
781,2026-03-15,Community Outreach,Housing,Yekaterinburg,Female,25-34,Volunteer,Yes,No,No,Basic,No,0,1,0,0,2026,3,Mar
869,2026-03-15,Media Activity,Local Government,Yekaterinburg,Female,18-24,Participant,No,No,No,Basic,No,0,0,0,0,2026,3,Mar
1477,2026-03-15,Community Outreach,Housing,Yekaterinburg,Female,25-34,Speaker,No,Yes,No,Visible,No,0,0,1,0,2026,3,Mar
1583,2026-03-15,Meeting,Entrepreneurship,Yekaterinburg,Female,35-44,Participant,No,No,No,Basic,No,0,0,0,0,2026,3,Mar
1609,2026-03-15,Meeting,Entrepreneurship,Revda,Female,18-24,Participant,No,No,No,Basic,No,0,0,0,0,2026,3,Mar
2368,2026-03-15,Public Event,Local Government,Kamensk-Uralsky,Female,25-34,Participant,Yes,No,No,Basic,No,0,1,0,0,2026,3,Mar
3374,2026-03-15,Media Activity,Housing,Yekaterinburg,Female,25-34,Participant,No,No,No,Basic,No,0,0,0,0,2026,3,Mar
33,2026-03-16,Community Outreach,Social Policy,Yekaterinburg,Female,55+,Participant,No,No,No,Basic,No,0,0,0,0,2026,3,Mar
242,2026-03-16,Community Outreach,Housing,Yekaterinburg,Male,25-34,Participant,No,No,No,Basic,No,0,0,0,0,2026,3,Mar
541,2026-03-16,Campaign Activity,Local Government,Asbest,Male,35-44,Coordinator,No,Yes,Yes,Leadership,Yes,1,0,1,1,2026,3,Mar
661,2026-03-16,Media Activity,Gender Equality,Yekaterinburg,Female,25-34,Volunteer,No,No,No,Basic,No,0,0,0,0,2026,3,Mar
1322,2026-03-16,Meeting,Gender Equality,Yekaterinburg,Female,25-34,Participant,No,No,No,Basic,No,0,0,0,0,2026,3,Mar
2131,2026-03-16,Public Event,Youth Policy,Yekaterinburg,Female,35-44,Participant,No,No,No,Basic,No,0,0,0,0,2026,3,Mar
2949,2026-03-16,Government Interaction,Local Government,Yekaterinburg,Male,35-44,Participant,No,No,No,Basic,No,0,0,0,0,2026,3,Mar
3165,2026-03-16,Public Event,Youth Policy,Yekaterinburg,Male,25-34,Participant,No,No,No,Basic,No,0,0,0,0,2026,3,Mar
3189,2026-03-16,Survey,Youth Policy,Yekaterinburg,Female,25-34,Participant,No,No,No,Basic,No,0,0,0,0,2026,3,Mar
3385,2026-03-16,Public Event,Transport,Yekaterinburg,Female,25-34,Participant,No,No,No,Basic,No,0,0,0,0,2026,3,Mar
120,2026-03-17,Community Outreach,Housing,Serov,Male,25-34,Coordinator,Yes,Yes,Yes,Leadership,Yes,1,1,1,1,2026,3,Mar
453,2026-03-17,Community Outreach,Gender Equality,Kamensk-Uralsky,Male,18-24,Speaker,No,Yes,No,Visible,No,0,0,1,0,2026,3,Mar
617,2026-03-17,Government Interaction,Transport,Yekaterinburg,Male,55+,Participant,Yes,No,No,Basic,No,0,1,0,0,2026,3,Mar
1189,2026-03-17,Meeting,Entrepreneurship,Yekaterinburg,Female,18-24,Volunteer,No,No,No,Basic,No,0,0,0,0,2026,3,Mar
3147,2026-03-17,Community Outreach,Economic Policy,Yekaterinburg,Male,35-44,Participant,No,No,No,Basic,No,0,0,0,0,2026,3,Mar
164,2026-03-18,Public Event,Housing,Yekaterinburg,Female,35-44,Coordinator,Yes,Yes,Yes,Leadership,Yes,1,1,1,1,2026,3,Mar
173,2026-03-18,Government Interaction,Local Government,Yekaterinburg,Female,35-44,Organizer,Yes,No,Yes,Leadership,Yes,1,1,0,1,2026,3,Mar
666,2026-03-18,Community Outreach,Local Government,Nizhny Tagil,Male,25-34,Volunteer,No,No,No,Basic,No,0,0,0,0,2026,3,Mar
876,2026-03-18,Government Interaction,Social Policy,Yekaterinburg,Male,35-44,Volunteer,No,No,No,Basic,No,0,0,0,0,2026,3,Mar
1050,2026-03-18,Campaign Activity,Entrepreneurship,Nizhny Tagil,Female,25-34,Volunteer,No,No,No,Basic,No,0,0,0,0,2026,3,Mar
1381,2026-03-18,Media Activity,Housing,Nizhny Tagil,Female,35-44,Participant,No,No,No,Basic,No,0,0,0,0,2026,3,Mar
1726,2026-03-18,Meeting,Youth Policy,Asbest,Female,35-44,Volunteer,No,No,No,Basic,No,0,0,0,0,2026,3,Mar
1901,2026-03-18,Meeting,Youth Policy,Yekaterinburg,Male,18-24,Participant,No,No,No,Basic,No,0,0,0,0,2026,3,Mar
1949,2026-03-18,Government Interaction,Healthcare,Yekaterinburg,Female,18-24,Participant,No,No,No,Basic,No,0,0,0,0,2026,3,Mar
2019,2026-03-18,Community Outreach,Education,Yekaterinburg,Male,25-34,Coordinator,No,Yes,Yes,Leadership,Yes,1,0,1,1,2026,3,Mar
2111,2026-03-18,Survey,Transport,Yekaterinburg,Male,18-24,Organizer,Yes,Yes,Yes,Leadership,Yes,1,1,1,1,2026,3,Mar
2251,2026-03-18,Media Activity,Transport,Yekaterinburg,Male,35-44,Volunteer,No,No,No,Basic,No,0,0,0,0,2026,3,Mar
2522,2026-03-18,Campaign Activity,Social Policy,Yekaterinburg,Male,35-44,Participant,No,No,No,Basic,No,0,0,0,0,2026,3,Mar
3027,2026-03-18,Community Outreach,Housing,Revda,Female,25-34,Speaker,No,Yes,No,Visible,No,0,0,1,0,2026,3,Mar
3542,2026-03-18,Government Interaction,Entrepreneurship,Yekaterinburg,Male,25-34,Participant,No,No,No,Basic,No,0,0,0,0,2026,3,Mar
562,2026-03-19,Public Event,Youth Policy,Yekaterinburg,Female,25-34,Speaker,No,Yes,No,Visible,No,0,0,1,0,2026,3,Mar
768,2026-03-19,Community Outreach,Transport,Pervouralsk,Female,25-34,Organizer,No,No,Yes,Leadership,Yes,1,0,0,1,2026,3,Mar
1511,2026-03-19,Meeting,Entrepreneurship,Yekaterinburg,Female,55+,Participant,No,No,No,Basic,No,0,0,0,0,2026,3,Mar
2724,2026-03-19,Meeting,Education,Yekaterinburg,Female,18-24,Participant,No,No,No,Basic,No,0,0,0,0,2026,3,Mar
167,2026-03-20,Community Outreach,Transport,Pervouralsk,Male,18-24,Analyst,No,No,No,Professional,No,0,0,0,0,2026,3,Mar
897,2026-03-20,Community Outreach,Social Policy,Pervouralsk,Female,25-34,Speaker,No,Yes,No,Visible,No,0,0,1,0,2026,3,Mar
1625,2026-03-20,Community Outreach,Housing,Yekaterinburg,Female,25-34,Participant,No,No,No,Basic,No,0,0,0,0,2026,3,Mar
1889,2026-03-20,Campaign Activity,Transport,Yekaterinburg,Male,25-34,Participant,No,No,No,Basic,No,0,0,0,0,2026,3,Mar
1973,2026-03-20,Community Outreach,Social Policy,Revda,Male,25-34,Organizer,Yes,No,Yes,Leadership,Yes,1,1,0,1,2026,3,Mar
2257,2026-03-20,Community Outreach,Gender Equality,Yekaterinburg,Male,35-44,Coordinator,Yes,No,Yes,Leadership,Yes,1,1,0,1,2026,3,Mar
100,2026-03-21,Campaign Activity,Gender Equality,Asbest,Male,35-44,Participant,No,No,No,Basic,No,0,0,0,0,2026,3,Mar
646,2026-03-21,Public Event,Economic Policy,Yekaterinburg,Male,55+,Participant,No,No,No,Basic,No,0,0,0,0,2026,3,Mar
906,2026-03-21,Campaign Activity,Youth Policy,Nizhny Tagil,Male,35-44,Organizer,No,No,Yes,Leadership,Yes,1,0,0,1,2026,3,Mar
1290,2026-03-21,Media Activity,Healthcare,Yekaterinburg,Male,18-24,Participant,No,No,No,Basic,No,0,0,0,0,2026,3,Mar
1505,2026-03-21,Educational Event,Education,Kamensk-Uralsky,Male,45-54,Analyst,Yes,No,No,Professional,No,0,1,0,0,2026,3,Mar
2100,2026-03-21,Meeting,Housing,Yekaterinburg,Female,35-44,Participant,No,No,No,Basic,No,0,0,0,0,2026,3,Mar
2565,2026-03-21,Educational Event,Youth Policy,Yekaterinburg,Male,25-34,Organizer,Yes,No,Yes,Leadership,Yes,1,1,0,1,2026,3,Mar
2846,2026-03-21,Meeting,Healthcare,Yekaterinburg,Male,25-34,Coordinator,Yes,No,Yes,Leadership,Yes,1,1,0,1,2026,3,Mar
954,2026-03-22,Government Interaction,Education,Yekaterinburg,Female,55+,Participant,No,No,No,Basic,No,0,0,0,0,2026,3,Mar
1060,2026-03-22,Meeting,Healthcare,Asbest,Male,18-24,Participant,No,No,No,Basic,No,0,0,0,0,2026,3,Mar
1225,2026-03-22,Campaign Activity,Gender Equality,Nizhny Tagil,Female,18-24,Participant,No,No,No,Basic,No,0,0,0,0,2026,3,Mar
1320,2026-03-22,Campaign Activity,Transport,Yekaterinburg,Male,55+,Participant,No,No,No,Basic,No,0,0,0,0,2026,3,Mar
2707,2026-03-22,Government Interaction,Youth Policy,Yekaterinburg,Male,25-34,Speaker,Yes,Yes,No,Visible,No,0,1,1,0,2026,3,Mar
3324,2026-03-22,Community Outreach,Local Government,Yekaterinburg,Male,35-44,Participant,No,No,No,Basic,No,0,0,0,0,2026,3,Mar
138,2026-03-23,Government Interaction,Social Policy,Pervouralsk,Male,55+,Analyst,No,No,No,Professional,No,0,0,0,0,2026,3,Mar
352,2026-03-23,Media Activity,Healthcare,Yekaterinburg,Female,18-24,Coordinator,Yes,No,Yes,Leadership,Yes,1,1,0,1,2026,3,Mar
406,2026-03-23,Meeting,Local Government,Pervouralsk,Male,35-44,Coordinator,Yes,Yes,Yes,Leadership,Yes,1,1,1,1,2026,3,Mar
1080,2026-03-23,Educational Event,Economic Policy,Nizhny Tagil,Female,18-24,Participant,No,No,No,Basic,No,0,0,0,0,2026,3,Mar
1446,2026-03-23,Media Activity,Entrepreneurship,Yekaterinburg,Male,25-34,Volunteer,No,No,No,Basic,No,0,0,0,0,2026,3,Mar
1867,2026-03-23,Survey,Healthcare,Yekaterinburg,Male,18-24,Organizer,Yes,No,Yes,Leadership,Yes,1,1,0,1,2026,3,Mar
2622,2026-03-23,Public Event,Education,Yekaterinburg,Male,35-44,Speaker,No,Yes,No,Visible,No,0,0,1,0,2026,3,Mar
3089,2026-03-23,Community Outreach,Entrepreneurship,Yekaterinburg,Male,25-34,Analyst,Yes,No,No,Professional,No,0,1,0,0,2026,3,Mar
3401,2026-03-23,Survey,Housing,Nizhny Tagil,Female,35-44,Volunteer,No,Yes,No,Basic,No,0,0,1,0,2026,3,Mar
195,2026-03-24,Community Outreach,Housing,Yekaterinburg,Female,25-34,Participant,No,No,No,Basic,No,0,0,0,0,2026,3,Mar
1463,2026-03-24,Public Event,Housing,Yekaterinburg,Female,45-54,Participant,No,No,No,Basic,No,0,0,0,0,2026,3,Mar
2090,2026-03-24,Educational Event,Social Policy,Pervouralsk,Female,45-54,Participant,No,No,No,Basic,No,0,0,0,0,2026,3,Mar
2753,2026-03-24,Survey,Gender Equality,Pervouralsk,Male,45-54,Participant,No,No,No,Basic,No,0,0,0,0,2026,3,Mar
2861,2026-03-25,Public Event,Education,Revda,Female,35-44,Participant,No,No,No,Basic,No,0,0,0,0,2026,3,Mar
3010,2026-03-25,Meeting,Economic Policy,Yekaterinburg,Male,35-44,Coordinator,Yes,Yes,Yes,Leadership,Yes,1,1,1,1,2026,3,Mar
3181,2026-03-25,Campaign Activity,Entrepreneurship,Yekaterinburg,Male,18-24,Speaker,Yes,Yes,No,Visible,No,0,1,1,0,2026,3,Mar
3433,2026-03-25,Public Event,Transport,Yekaterinburg,Male,18-24,Participant,No,No,No,Basic,No,0,0,0,0,2026,3,Mar
48,2026-03-26,Campaign Activity,Healthcare,Yekaterinburg,Female,25-34,Volunteer,No,No,No,Basic,No,0,0,0,0,2026,3,Mar
118,2026-03-26,Survey,Transport,Yekaterinburg,Male,35-44,Participant,No,No,No,Basic,No,0,0,0,0,2026,3,Mar
564,2026-03-26,Campaign Activity,Social Policy,Pervouralsk,Male,18-24,Participant,No,No,No,Basic,No,0,0,0,0,2026,3,Mar
832,2026-03-26,Educational Event,Entrepreneurship,Yekaterinburg,Male,25-34,Coordinator,Yes,Yes,Yes,Leadership,Yes,1,1,1,1,2026,3,Mar
1268,2026-03-26,Public Event,Gender Equality,Yekaterinburg,Male,45-54,Volunteer,No,No,No,Basic,No,0,0,0,0,2026,3,Mar
2036,2026-03-26,Government Interaction,Youth Policy,Revda,Male,35-44,Volunteer,Yes,No,No,Basic,No,0,1,0,0,2026,3,Mar
2489,2026-03-26,Campaign Activity,Social Policy,Yekaterinburg,Female,25-34,Volunteer,No,No,No,Basic,No,0,0,0,0,2026,3,Mar
2997,2026-03-26,Public Event,Youth Policy,Yekaterinburg,Male,18-24,Analyst,Yes,No,No,Professional,No,0,1,0,0,2026,3,Mar
296,2026-03-27,Community Outreach,Economic Policy,Yekaterinburg,Male,35-44,Analyst,No,No,Yes,Professional,No,0,0,0,1,2026,3,Mar
991,2026-03-27,Public Event,Education,Yekaterinburg,Male,18-24,Volunteer,No,No,Yes,Basic,No,0,0,0,1,2026,3,Mar
1562,2026-03-27,Media Activity,Local Government,Yekaterinburg,Male,35-44,Coordinator,Yes,No,Yes,Leadership,Yes,1,1,0,1,2026,3,Mar
1758,2026-03-27,Campaign Activity,Social Policy,Yekaterinburg,Male,55+,Participant,No,No,No,Basic,No,0,0,0,0,2026,3,Mar
1832,2026-03-27,Campaign Activity,Social Policy,Yekaterinburg,Male,35-44,Analyst,Yes,No,No,Professional,No,0,1,0,0,2026,3,Mar
2353,2026-03-27,Campaign Activity,Education,Yekaterinburg,Female,25-34,Participant,No,No,No,Basic,No,0,0,0,0,2026,3,Mar
2513,2026-03-27,Public Event,Local Government,Pervouralsk,Female,55+,Volunteer,No,No,No,Basic,No,0,0,0,0,2026,3,Mar
2685,2026-03-27,Educational Event,Education,Serov,Female,25-34,Participant,No,Yes,No,Basic,No,0,0,1,0,2026,3,Mar
2864,2026-03-27,Public Event,Youth Policy,Kamensk-Uralsky,Female,18-24,Participant,No,No,No,Basic,No,0,0,0,0,2026,3,Mar
449,2026-03-28,Campaign Activity,Healthcare,Yekaterinburg,Female,55+,Participant,No,No,No,Basic,No,0,0,0,0,2026,3,Mar
488,2026-03-28,Community Outreach,Healthcare,Yekaterinburg,Female,18-24,Participant,No,No,No,Basic,No,0,0,0,0,2026,3,Mar
554,2026-03-28,Community Outreach,Economic Policy,Yekaterinburg,Male,35-44,Coordinator,Yes,Yes,Yes,Leadership,Yes,1,1,1,1,2026,3,Mar
1504,2026-03-28,Community Outreach,Gender Equality,Pervouralsk,Female,55+,Analyst,Yes,No,No,Professional,No,0,1,0,0,2026,3,Mar
2203,2026-03-28,Survey,Healthcare,Pervouralsk,Male,25-34,Analyst,Yes,No,No,Professional,No,0,1,0,0,2026,3,Mar
2611,2026-03-28,Meeting,Local Government,Yekaterinburg,Male,45-54,Speaker,No,Yes,No,Visible,No,0,0,1,0,2026,3,Mar
2640,2026-03-28,Community Outreach,Healthcare,Asbest,Female,25-34,Volunteer,No,No,No,Basic,No,0,0,0,0,2026,3,Mar
3204,2026-03-28,Campaign Activity,Education,Revda,Male,55+,Volunteer,No,No,No,Basic,No,0,0,0,0,2026,3,Mar
345,2026-03-29,Meeting,Entrepreneurship,Pervouralsk,Male,25-34,Coordinator,Yes,Yes,Yes,Leadership,Yes,1,1,1,1,2026,3,Mar
681,2026-03-29,Meeting,Economic Policy,Yekaterinburg,Female,25-34,Analyst,Yes,Yes,No,Professional,No,0,1,1,0,2026,3,Mar
1714,2026-03-29,Community Outreach,Youth Policy,Yekaterinburg,Male,25-34,Participant,No,No,No,Basic,No,0,0,0,0,2026,3,Mar
2272,2026-03-29,Public Event,Gender Equality,Yekaterinburg,Male,55+,Coordinator,No,No,Yes,Leadership,Yes,1,0,0,1,2026,3,Mar
2795,2026-03-29,Community Outreach,Entrepreneurship,Pervouralsk,Male,25-34,Participant,No,No,No,Basic,No,0,0,0,0,2026,3,Mar
2913,2026-03-29,Meeting,Healthcare,Revda,Male,55+,Volunteer,Yes,No,No,Basic,No,0,1,0,0,2026,3,Mar
3492,2026-03-29,Community Outreach,Gender Equality,Yekaterinburg,Female,55+,Volunteer,No,No,No,Basic,No,0,0,0,0,2026,3,Mar
955,2026-03-30,Public Event,Youth Policy,Nizhny Tagil,Male,55+,Coordinator,Yes,No,Yes,Leadership,Yes,1,1,0,1,2026,3,Mar
1630,2026-03-30,Public Event,Housing,Pervouralsk,Female,25-34,Coordinator,Yes,No,Yes,Leadership,Yes,1,1,0,1,2026,3,Mar
1894,2026-03-30,Campaign Activity,Education,Yekaterinburg,Female,45-54,Participant,No,No,No,Basic,No,0,0,0,0,2026,3,Mar
2775,2026-03-30,Public Event,Education,Yekaterinburg,Male,35-44,Coordinator,Yes,Yes,Yes,Leadership,Yes,1,1,1,1,2026,3,Mar
3216,2026-03-30,Meeting,Transport,Yekaterinburg,Male,45-54,Coordinator,Yes,Yes,Yes,Leadership,Yes,1,1,1,1,2026,3,Mar
3272,2026-03-30,Community Outreach,Housing,Yekaterinburg,Male,55+,Analyst,No,No,No,Professional,No,0,0,0,0,2026,3,Mar
466,2026-03-31,Survey,Transport,Yekaterinburg,Male,18-24,Volunteer,No,No,No,Basic,No,0,0,0,0,2026,3,Mar
2387,2026-03-31,Meeting,Housing,Yekaterinburg,Male,45-54,Analyst,No,Yes,No,Professional,No,0,0,1,0,2026,3,Mar
3033,2026-03-31,Educational Event,Local Government,Kamensk-Uralsky,Female,18-24,Participant,No,No,No,Basic,No,0,0,0,0,2026,3,Mar
211,2026-04-01,Community Outreach,Entrepreneurship,Revda,Male,35-44,Participant,No,No,No,Basic,No,0,0,0,0,2026,4,Apr
1207,2026-04-01,Campaign Activity,Gender Equality,Yekaterinburg,Male,18-24,Participant,No,No,No,Basic,No,0,0,0,0,2026,4,Apr
2369,2026-04-01,Community Outreach,Youth Policy,Pervouralsk,Female,45-54,Analyst,Yes,No,No,Professional,No,0,1,0,0,2026,4,Apr
2639,2026-04-01,Educational Event,Housing,Revda,Male,35-44,Participant,No,No,No,Basic,No,0,0,0,0,2026,4,Apr
2755,2026-04-01,Public Event,Gender Equality,Pervouralsk,Male,18-24,Speaker,Yes,Yes,No,Visible,No,0,1,1,0,2026,4,Apr
3178,2026-04-01,Community Outreach,Local Government,Serov,Female,55+,Coordinator,Yes,Yes,Yes,Leadership,Yes,1,1,1,1,2026,4,Apr
3230,2026-04-01,Survey,Social Policy,Pervouralsk,Male,18-24,Participant,No,No,No,Basic,No,0,0,0,0,2026,4,Apr
509,2026-04-02,Media Activity,Transport,Nizhny Tagil,Male,45-54,Participant,No,No,No,Basic,No,0,0,0,0,2026,4,Apr
737,2026-04-02,Meeting,Healthcare,Yekaterinburg,Female,18-24,Participant,No,No,No,Basic,No,0,0,0,0,2026,4,Apr
898,2026-04-02,Community Outreach,Local Government,Kamensk-Uralsky,Female,25-34,Organizer,Yes,Yes,Yes,Leadership,Yes,1,1,1,1,2026,4,Apr
2472,2026-04-02,Meeting,Transport,Yekaterinburg,Male,45-54,Analyst,Yes,No,No,Professional,No,0,1,0,0,2026,4,Apr
3549,2026-04-02,Government Interaction,Healthcare,Yekaterinburg,Female,25-34,Participant,No,No,No,Basic,No,0,0,0,0,2026,4,Apr
525,2026-04-03,Media Activity,Transport,Yekaterinburg,Female,55+,Volunteer,No,No,No,Basic,No,0,0,0,0,2026,4,Apr
655,2026-04-03,Educational Event,Gender Equality,Serov,Male,35-44,Organizer,Yes,No,Yes,Leadership,Yes,1,1,0,1,2026,4,Apr
1561,2026-04-03,Media Activity,Gender Equality,Yekaterinburg,Male,25-34,Participant,No,Yes,No,Basic,No,0,0,1,0,2026,4,Apr
1966,2026-04-03,Public Event,Youth Policy,Yekaterinburg,Female,35-44,Volunteer,No,No,No,Basic,No,0,0,0,0,2026,4,Apr
2855,2026-04-03,Government Interaction,Gender Equality,Yekaterinburg,Male,25-34,Coordinator,Yes,Yes,Yes,Leadership,Yes,1,1,1,1,2026,4,Apr
3411,2026-04-03,Meeting,Transport,Nizhny Tagil,Male,25-34,Analyst,Yes,No,Yes,Professional,No,0,1,0,1,2026,4,Apr
74,2026-04-04,Campaign Activity,Local Government,Nizhny Tagil,Female,35-44,Participant,No,No,No,Basic,No,0,0,0,0,2026,4,Apr
779,2026-04-04,Educational Event,Local Government,Nizhny Tagil,Male,45-54,Participant,No,No,No,Basic,No,0,0,0,0,2026,4,Apr
1660,2026-04-04,Meeting,Youth Policy,Yekaterinburg,Female,45-54,Participant,No,No,No,Basic,No,0,0,0,0,2026,4,Apr
1869,2026-04-04,Community Outreach,Entrepreneurship,Nizhny Tagil,Male,25-34,Analyst,No,Yes,No,Professional,No,0,0,1,0,2026,4,Apr
1967,2026-04-04,Government Interaction,Education,Yekaterinburg,Male,35-44,Speaker,No,Yes,No,Visible,No,0,0,1,0,2026,4,Apr
2268,2026-04-04,Government Interaction,Youth Policy,Nizhny Tagil,Male,18-24,Coordinator,Yes,Yes,Yes,Leadership,Yes,1,1,1,1,2026,4,Apr
2653,2026-04-04,Campaign Activity,Housing,Yekaterinburg,Male,45-54,Analyst,No,No,Yes,Professional,No,0,0,0,1,2026,4,Apr
3583,2026-04-04,Government Interaction,Social Policy,Pervouralsk,Female,25-34,Analyst,No,No,No,Professional,No,0,0,0,0,2026,4,Apr
140,2026-04-05,Campaign Activity,Local Government,Yekaterinburg,Female,35-44,Participant,No,No,No,Basic,No,0,0,0,0,2026,4,Apr
602,2026-04-05,Survey,Youth Policy,Yekaterinburg,Male,18-24,Participant,No,No,No,Basic,No,0,0,0,0,2026,4,Apr
673,2026-04-05,Survey,Gender Equality,Revda,Male,45-54,Participant,No,No,No,Basic,No,0,0,0,0,2026,4,Apr
2601,2026-04-05,Community Outreach,Social Policy,Serov,Female,18-24,Volunteer,No,No,No,Basic,No,0,0,0,0,2026,4,Apr
2814,2026-04-05,Media Activity,Education,Asbest,Female,35-44,Participant,No,No,No,Basic,No,0,0,0,0,2026,4,Apr
3018,2026-04-05,Educational Event,Housing,Revda,Female,25-34,Coordinator,No,No,Yes,Leadership,Yes,1,0,0,1,2026,4,Apr
3595,2026-04-05,Survey,Education,Pervouralsk,Female,25-34,Participant,No,No,No,Basic,No,0,0,0,0,2026,4,Apr
710,2026-04-06,Community Outreach,Gender Equality,Pervouralsk,Male,25-34,Coordinator,Yes,Yes,Yes,Leadership,Yes,1,1,1,1,2026,4,Apr
1891,2026-04-06,Public Event,Gender Equality,Yekaterinburg,Female,45-54,Volunteer,Yes,No,No,Basic,No,0,1,0,0,2026,4,Apr
2254,2026-04-06,Public Event,Gender Equality,Yekaterinburg,Male,25-34,Participant,No,No,No,Basic,No,0,0,0,0,2026,4,Apr
2773,2026-04-06,Media Activity,Economic Policy,Yekaterinburg,Male,55+,Organizer,Yes,Yes,Yes,Leadership,Yes,1,1,1,1,2026,4,Apr
382,2026-04-07,Campaign Activity,Education,Yekaterinburg,Male,18-24,Participant,No,No,No,Basic,No,0,0,0,0,2026,4,Apr
798,2026-04-07,Survey,Economic Policy,Yekaterinburg,Female,25-34,Participant,No,No,No,Basic,No,0,0,0,0,2026,4,Apr
1226,2026-04-07,Campaign Activity,Transport,Nizhny Tagil,Male,35-44,Speaker,Yes,Yes,No,Visible,No,0,1,1,0,2026,4,Apr
1492,2026-04-07,Survey,Education,Yekaterinburg,Male,35-44,Organizer,Yes,No,Yes,Leadership,Yes,1,1,0,1,2026,4,Apr
1777,2026-04-07,Public Event,Youth Policy,Serov,Male,25-34,Participant,Yes,No,No,Basic,No,0,1,0,0,2026,4,Apr
2066,2026-04-07,Government Interaction,Social Policy,Yekaterinburg,Male,25-34,Speaker,No,Yes,No,Visible,No,0,0,1,0,2026,4,Apr
2396,2026-04-07,Campaign Activity,Transport,Nizhny Tagil,Male,45-54,Analyst,Yes,No,No,Professional,No,0,1,0,0,2026,4,Apr
221,2026-04-08,Survey,Education,Asbest,Female,25-34,Volunteer,No,No,No,Basic,No,0,0,0,0,2026,4,Apr
1078,2026-04-08,Meeting,Housing,Yekaterinburg,Male,25-34,Coordinator,Yes,Yes,Yes,Leadership,Yes,1,1,1,1,2026,4,Apr
1727,2026-04-08,Community Outreach,Gender Equality,Nizhny Tagil,Female,25-34,Volunteer,No,No,No,Basic,No,0,0,0,0,2026,4,Apr
2402,2026-04-08,Meeting,Youth Policy,Yekaterinburg,Male,18-24,Speaker,No,Yes,No,Visible,No,0,0,1,0,2026,4,Apr
2754,2026-04-08,Campaign Activity,Housing,Yekaterinburg,Female,35-44,Volunteer,No,No,No,Basic,No,0,0,0,0,2026,4,Apr
2908,2026-04-08,Meeting,Healthcare,Kamensk-Uralsky,Female,35-44,Organizer,Yes,Yes,Yes,Leadership,Yes,1,1,1,1,2026,4,Apr
3533,2026-04-08,Meeting,Social Policy,Yekaterinburg,Male,25-34,Speaker,No,Yes,No,Visible,No,0,0,1,0,2026,4,Apr
511,2026-04-09,Campaign Activity,Education,Pervouralsk,Female,25-34,Volunteer,No,No,Yes,Basic,No,0,0,0,1,2026,4,Apr
685,2026-04-09,Educational Event,Education,Yekaterinburg,Male,55+,Organizer,Yes,Yes,Yes,Leadership,Yes,1,1,1,1,2026,4,Apr
1508,2026-04-09,Public Event,Housing,Yekaterinburg,Female,25-34,Volunteer,No,No,No,Basic,No,0,0,0,0,2026,4,Apr
2954,2026-04-09,Meeting,Transport,Asbest,Male,35-44,Participant,No,No,No,Basic,No,0,0,0,0,2026,4,Apr
3248,2026-04-09,Campaign Activity,Transport,Nizhny Tagil,Male,25-34,Volunteer,No,No,No,Basic,No,0,0,0,0,2026,4,Apr
3378,2026-04-09,Meeting,Transport,Serov,Male,45-54,Participant,No,No,No,Basic,No,0,0,0,0,2026,4,Apr
615,2026-04-10,Community Outreach,Gender Equality,Yekaterinburg,Female,45-54,Volunteer,No,No,No,Basic,No,0,0,0,0,2026,4,Apr
1120,2026-04-10,Meeting,Youth Policy,Yekaterinburg,Male,18-24,Participant,No,No,No,Basic,No,0,0,0,0,2026,4,Apr
1478,2026-04-10,Meeting,Education,Yekaterinburg,Male,25-34,Volunteer,Yes,No,No,Basic,No,0,1,0,0,2026,4,Apr
64,2026-04-11,Government Interaction,Education,Kamensk-Uralsky,Male,35-44,Participant,No,No,No,Basic,No,0,0,0,0,2026,4,Apr
642,2026-04-11,Educational Event,Housing,Yekaterinburg,Male,25-34,Participant,No,No,No,Basic,No,0,0,0,0,2026,4,Apr
397,2026-04-12,Meeting,Gender Equality,Yekaterinburg,Male,45-54,Volunteer,No,No,No,Basic,No,0,0,0,0,2026,4,Apr
973,2026-04-12,Meeting,Transport,Asbest,Female,55+,Participant,No,No,No,Basic,No,0,0,0,0,2026,4,Apr
1435,2026-04-12,Community Outreach,Youth Policy,Yekaterinburg,Female,35-44,Organizer,No,Yes,Yes,Leadership,Yes,1,0,1,1,2026,4,Apr
273,2026-04-13,Meeting,Healthcare,Revda,Female,18-24,Participant,No,Yes,No,Basic,No,0,0,1,0,2026,4,Apr
820,2026-04-13,Community Outreach,Entrepreneurship,Serov,Female,35-44,Coordinator,No,Yes,Yes,Leadership,Yes,1,0,1,1,2026,4,Apr
1595,2026-04-13,Educational Event,Economic Policy,Kamensk-Uralsky,Male,45-54,Volunteer,No,No,No,Basic,No,0,0,0,0,2026,4,Apr
2774,2026-04-13,Government Interaction,Healthcare,Pervouralsk,Female,25-34,Organizer,No,No,Yes,Leadership,Yes,1,0,0,1,2026,4,Apr
2793,2026-04-13,Public Event,Social Policy,Pervouralsk,Male,45-54,Organizer,Yes,Yes,Yes,Leadership,Yes,1,1,1,1,2026,4,Apr
2987,2026-04-13,Meeting,Gender Equality,Yekaterinburg,Female,18-24,Speaker,No,Yes,No,Visible,No,0,0,1,0,2026,4,Apr
3575,2026-04-13,Campaign Activity,Social Policy,Pervouralsk,Female,55+,Speaker,No,Yes,No,Visible,No,0,0,1,0,2026,4,Apr
1482,2026-04-14,Community Outreach,Healthcare,Yekaterinburg,Female,18-24,Participant,No,No,No,Basic,No,0,0,0,0,2026,4,Apr
2211,2026-04-14,Community Outreach,Entrepreneurship,Pervouralsk,Male,55+,Analyst,No,No,No,Professional,No,0,0,0,0,2026,4,Apr
2299,2026-04-14,Community Outreach,Housing,Nizhny Tagil,Female,18-24,Analyst,No,No,No,Professional,No,0,0,0,0,2026,4,Apr
2681,2026-04-14,Survey,Housing,Yekaterinburg,Male,45-54,Speaker,Yes,Yes,No,Visible,No,0,1,1,0,2026,4,Apr
2965,2026-04-14,Campaign Activity,Gender Equality,Yekaterinburg,Female,35-44,Speaker,No,Yes,No,Visible,No,0,0,1,0,2026,4,Apr
3037,2026-04-14,Meeting,Housing,Yekaterinburg,Male,35-44,Speaker,No,Yes,No,Visible,No,0,0,1,0,2026,4,Apr
3598,2026-04-14,Educational Event,Social Policy,Yekaterinburg,Male,25-34,Participant,No,No,No,Basic,No,0,0,0,0,2026,4,Apr
366,2026-04-15,Meeting,Social Policy,Yekaterinburg,Female,35-44,Participant,No,No,No,Basic,No,0,0,0,0,2026,4,Apr
1164,2026-04-15,Community Outreach,Education,Yekaterinburg,Female,25-34,Participant,No,No,No,Basic,No,0,0,0,0,2026,4,Apr
1408,2026-04-15,Government Interaction,Gender Equality,Nizhny Tagil,Female,55+,Participant,No,No,No,Basic,No,0,0,0,0,2026,4,Apr
1798,2026-04-15,Campaign Activity,Economic Policy,Yekaterinburg,Female,18-24,Participant,No,No,No,Basic,No,0,0,0,0,2026,4,Apr
1806,2026-04-15,Government Interaction,Transport,Pervouralsk,Male,45-54,Coordinator,No,Yes,Yes,Leadership,Yes,1,0,1,1,2026,4,Apr
1865,2026-04-15,Meeting,Housing,Yekaterinburg,Male,45-54,Organizer,Yes,No,Yes,Leadership,Yes,1,1,0,1,2026,4,Apr
2765,2026-04-15,Educational Event,Local Government,Revda,Female,35-44,Participant,No,No,No,Basic,No,0,0,0,0,2026,4,Apr
909,2026-04-16,Survey,Economic Policy,Yekaterinburg,Female,25-34,Participant,No,No,No,Basic,No,0,0,0,0,2026,4,Apr
1958,2026-04-16,Campaign Activity,Youth Policy,Yekaterinburg,Female,45-54,Participant,No,No,No,Basic,No,0,0,0,0,2026,4,Apr
2465,2026-04-16,Campaign Activity,Economic Policy,Serov,Female,25-34,Participant,No,No,No,Basic,No,0,0,0,0,2026,4,Apr
3222,2026-04-16,Media Activity,Entrepreneurship,Yekaterinburg,Male,25-34,Participant,No,No,No,Basic,No,0,0,0,0,2026,4,Apr
445,2026-04-17,Community Outreach,Healthcare,Nizhny Tagil,Female,55+,Coordinator,Yes,Yes,Yes,Leadership,Yes,1,1,1,1,2026,4,Apr
463,2026-04-17,Meeting,Youth Policy,Yekaterinburg,Male,35-44,Participant,No,No,No,Basic,No,0,0,0,0,2026,4,Apr
971,2026-04-17,Public Event,Gender Equality,Nizhny Tagil,Female,25-34,Participant,No,No,No,Basic,No,0,0,0,0,2026,4,Apr
1696,2026-04-17,Community Outreach,Social Policy,Yekaterinburg,Male,45-54,Participant,No,No,No,Basic,No,0,0,0,0,2026,4,Apr
2012,2026-04-17,Government Interaction,Local Government,Serov,Female,25-34,Organizer,Yes,No,Yes,Leadership,Yes,1,1,0,1,2026,4,Apr
2365,2026-04-17,Government Interaction,Education,Pervouralsk,Male,35-44,Participant,No,No,No,Basic,No,0,0,0,0,2026,4,Apr
2863,2026-04-17,Government Interaction,Local Government,Kamensk-Uralsky,Female,45-54,Participant,No,No,No,Basic,No,0,0,0,0,2026,4,Apr
3580,2026-04-17,Campaign Activity,Local Government,Yekaterinburg,Female,55+,Participant,Yes,No,No,Basic,No,0,1,0,0,2026,4,Apr
764,2026-04-18,Media Activity,Entrepreneurship,Yekaterinburg,Female,55+,Participant,No,No,No,Basic,No,0,0,0,0,2026,4,Apr
1270,2026-04-18,Community Outreach,Gender Equality,Yekaterinburg,Male,55+,Participant,No,No,No,Basic,No,0,0,0,0,2026,4,Apr
1817,2026-04-18,Meeting,Healthcare,Nizhny Tagil,Male,45-54,Participant,No,No,No,Basic,No,0,0,0,0,2026,4,Apr
2218,2026-04-18,Public Event,Local Government,Yekaterinburg,Male,55+,Coordinator,Yes,Yes,Yes,Leadership,Yes,1,1,1,1,2026,4,Apr
787,2026-04-19,Public Event,Housing,Yekaterinburg,Male,25-34,Coordinator,Yes,Yes,Yes,Leadership,Yes,1,1,1,1,2026,4,Apr
1033,2026-04-19,Campaign Activity,Housing,Nizhny Tagil,Male,55+,Coordinator,Yes,No,Yes,Leadership,Yes,1,1,0,1,2026,4,Apr
1992,2026-04-19,Survey,Youth Policy,Nizhny Tagil,Male,55+,Participant,No,Yes,No,Basic,No,0,0,1,0,2026,4,Apr
2104,2026-04-19,Survey,Healthcare,Pervouralsk,Male,18-24,Analyst,No,No,No,Professional,No,0,0,0,0,2026,4,Apr
2650,2026-04-19,Campaign Activity,Healthcare,Kamensk-Uralsky,Male,18-24,Participant,No,No,No,Basic,No,0,0,0,0,2026,4,Apr
3581,2026-04-19,Public Event,Healthcare,Yekaterinburg,Male,55+,Volunteer,No,No,Yes,Basic,No,0,0,0,1,2026,4,Apr
86,2026-04-20,Meeting,Transport,Yekaterinburg,Female,25-34,Participant,No,No,No,Basic,No,0,0,0,0,2026,4,Apr
567,2026-04-20,Meeting,Healthcare,Yekaterinburg,Male,25-34,Speaker,No,Yes,No,Visible,No,0,0,1,0,2026,4,Apr
809,2026-04-20,Educational Event,Economic Policy,Yekaterinburg,Male,18-24,Organizer,No,Yes,Yes,Leadership,Yes,1,0,1,1,2026,4,Apr
990,2026-04-20,Educational Event,Education,Yekaterinburg,Male,25-34,Participant,No,No,No,Basic,No,0,0,0,0,2026,4,Apr
1790,2026-04-20,Media Activity,Housing,Yekaterinburg,Female,18-24,Participant,No,No,No,Basic,No,0,0,0,0,2026,4,Apr
2167,2026-04-20,Campaign Activity,Healthcare,Yekaterinburg,Male,18-24,Participant,No,No,No,Basic,No,0,0,0,0,2026,4,Apr
2291,2026-04-20,Media Activity,Education,Kamensk-Uralsky,Male,55+,Organizer,Yes,No,Yes,Leadership,Yes,1,1,0,1,2026,4,Apr
2347,2026-04-20,Meeting,Entrepreneurship,Nizhny Tagil,Male,18-24,Speaker,Yes,Yes,Yes,Visible,No,0,1,1,1,2026,4,Apr
1623,2026-04-21,Meeting,Youth Policy,Revda,Male,45-54,Organizer,Yes,Yes,Yes,Leadership,Yes,1,1,1,1,2026,4,Apr
2880,2026-04-21,Campaign Activity,Housing,Pervouralsk,Female,25-34,Participant,No,Yes,No,Basic,No,0,0,1,0,2026,4,Apr
1079,2026-04-22,Meeting,Housing,Nizhny Tagil,Male,35-44,Participant,No,No,No,Basic,No,0,0,0,0,2026,4,Apr
1280,2026-04-22,Campaign Activity,Local Government,Asbest,Male,25-34,Speaker,No,Yes,No,Visible,No,0,0,1,0,2026,4,Apr
1330,2026-04-22,Public Event,Transport,Serov,Female,35-44,Analyst,No,No,No,Professional,No,0,0,0,0,2026,4,Apr
1902,2026-04-22,Community Outreach,Youth Policy,Yekaterinburg,Female,55+,Participant,No,No,No,Basic,No,0,0,0,0,2026,4,Apr
2397,2026-04-22,Community Outreach,Entrepreneurship,Kamensk-Uralsky,Female,35-44,Participant,No,No,No,Basic,No,0,0,0,0,2026,4,Apr
3149,2026-04-22,Campaign Activity,Housing,Yekaterinburg,Male,25-34,Speaker,No,Yes,No,Visible,No,0,0,1,0,2026,4,Apr
3182,2026-04-22,Campaign Activity,Entrepreneurship,Kamensk-Uralsky,Female,35-44,Participant,No,No,No,Basic,No,0,0,0,0,2026,4,Apr
210,2026-04-23,Survey,Youth Policy,Nizhny Tagil,Male,25-34,Participant,No,No,No,Basic,No,0,0,0,0,2026,4,Apr
1234,2026-04-23,Survey,Youth Policy,Yekaterinburg,Male,45-54,Organizer,No,Yes,Yes,Leadership,Yes,1,0,1,1,2026,4,Apr
1237,2026-04-23,Meeting,Local Government,Kamensk-Uralsky,Female,45-54,Volunteer,No,No,No,Basic,No,0,0,0,0,2026,4,Apr
1502,2026-04-23,Public Event,Gender Equality,Yekaterinburg,Male,25-34,Participant,No,No,No,Basic,No,0,0,0,0,2026,4,Apr
1814,2026-04-23,Meeting,Education,Nizhny Tagil,Female,45-54,Participant,No,No,No,Basic,No,0,0,0,0,2026,4,Apr
1882,2026-04-23,Meeting,Education,Serov,Male,35-44,Participant,No,No,No,Basic,No,0,0,0,0,2026,4,Apr
2018,2026-04-23,Educational Event,Gender Equality,Yekaterinburg,Female,35-44,Participant,No,No,No,Basic,No,0,0,0,0,2026,4,Apr
2641,2026-04-23,Community Outreach,Economic Policy,Nizhny Tagil,Male,35-44,Organizer,Yes,No,Yes,Leadership,Yes,1,1,0,1,2026,4,Apr
3141,2026-04-23,Community Outreach,Social Policy,Yekaterinburg,Female,35-44,Participant,No,No,No,Basic,No,0,0,0,0,2026,4,Apr
3558,2026-04-23,Media Activity,Transport,Yekaterinburg,Male,45-54,Participant,No,No,No,Basic,No,0,0,0,0,2026,4,Apr
1058,2026-04-24,Meeting,Gender Equality,Yekaterinburg,Female,25-34,Participant,No,No,No,Basic,No,0,0,0,0,2026,4,Apr
2480,2026-04-24,Educational Event,Healthcare,Serov,Male,18-24,Coordinator,Yes,Yes,Yes,Leadership,Yes,1,1,1,1,2026,4,Apr
2656,2026-04-24,Media Activity,Gender Equality,Pervouralsk,Male,18-24,Volunteer,No,No,No,Basic,No,0,0,0,0,2026,4,Apr
3224,2026-04-24,Meeting,Social Policy,Nizhny Tagil,Male,35-44,Analyst,No,No,No,Professional,No,0,0,0,0,2026,4,Apr
51,2026-04-25,Public Event,Transport,Yekaterinburg,Female,18-24,Organizer,Yes,Yes,Yes,Leadership,Yes,1,1,1,1,2026,4,Apr
551,2026-04-25,Public Event,Economic Policy,Revda,Female,35-44,Volunteer,No,No,No,Basic,No,0,0,0,0,2026,4,Apr
697,2026-04-25,Campaign Activity,Education,Yekaterinburg,Male,25-34,Participant,No,No,No,Basic,No,0,0,0,0,2026,4,Apr
2210,2026-04-25,Survey,Transport,Yekaterinburg,Female,18-24,Volunteer,No,No,Yes,Basic,No,0,0,0,1,2026,4,Apr
2487,2026-04-25,Community Outreach,Economic Policy,Revda,Male,18-24,Analyst,No,No,No,Professional,No,0,0,0,0,2026,4,Apr
3548,2026-04-25,Survey,Housing,Yekaterinburg,Male,25-34,Volunteer,No,No,No,Basic,No,0,0,0,0,2026,4,Apr
84,2026-04-26,Community Outreach,Education,Yekaterinburg,Female,18-24,Speaker,No,Yes,No,Visible,No,0,0,1,0,2026,4,Apr
621,2026-04-26,Meeting,Healthcare,Yekaterinburg,Male,35-44,Participant,No,Yes,No,Basic,No,0,0,1,0,2026,4,Apr
836,2026-04-26,Community Outreach,Gender Equality,Yekaterinburg,Male,25-34,Coordinator,No,Yes,Yes,Leadership,Yes,1,0,1,1,2026,4,Apr
917,2026-04-26,Campaign Activity,Healthcare,Yekaterinburg,Female,25-34,Participant,No,No,No,Basic,No,0,0,0,0,2026,4,Apr
1730,2026-04-26,Campaign Activity,Social Policy,Serov,Female,25-34,Speaker,Yes,Yes,Yes,Visible,No,0,1,1,1,2026,4,Apr
1877,2026-04-26,Public Event,Economic Policy,Yekaterinburg,Female,25-34,Analyst,No,No,Yes,Professional,No,0,0,0,1,2026,4,Apr
1987,2026-04-26,Community Outreach,Gender Equality,Yekaterinburg,Female,35-44,Coordinator,Yes,Yes,Yes,Leadership,Yes,1,1,1,1,2026,4,Apr
2320,2026-04-26,Public Event,Healthcare,Yekaterinburg,Male,25-34,Participant,No,No,No,Basic,No,0,0,0,0,2026,4,Apr
2726,2026-04-26,Meeting,Entrepreneurship,Yekaterinburg,Male,25-34,Speaker,No,Yes,No,Visible,No,0,0,1,0,2026,4,Apr
3322,2026-04-26,Survey,Education,Yekaterinburg,Female,35-44,Participant,No,No,No,Basic,No,0,0,0,0,2026,4,Apr
3500,2026-04-26,Meeting,Healthcare,Yekaterinburg,Male,55+,Volunteer,No,No,No,Basic,No,0,0,0,0,2026,4,Apr
676,2026-04-27,Meeting,Entrepreneurship,Yekaterinburg,Female,55+,Participant,No,No,No,Basic,No,0,0,0,0,2026,4,Apr
2714,2026-04-27,Meeting,Gender Equality,Yekaterinburg,Female,35-44,Speaker,No,Yes,No,Visible,No,0,0,1,0,2026,4,Apr
3237,2026-04-27,Meeting,Education,Nizhny Tagil,Male,18-24,Participant,No,No,No,Basic,No,0,0,0,0,2026,4,Apr
3319,2026-04-27,Public Event,Local Government,Yekaterinburg,Female,18-24,Volunteer,No,No,No,Basic,No,0,0,0,0,2026,4,Apr
125,2026-04-28,Educational Event,Social Policy,Serov,Female,18-24,Volunteer,No,No,No,Basic,No,0,0,0,0,2026,4,Apr
1695,2026-04-28,Survey,Education,Kamensk-Uralsky,Male,25-34,Coordinator,No,Yes,Yes,Leadership,Yes,1,0,1,1,2026,4,Apr
1829,2026-04-28,Media Activity,Social Policy,Pervouralsk,Male,25-34,Participant,No,No,No,Basic,No,0,0,0,0,2026,4,Apr
2064,2026-04-28,Meeting,Education,Yekaterinburg,Female,25-34,Participant,No,No,No,Basic,No,0,0,0,0,2026,4,Apr
3023,2026-04-28,Meeting,Economic Policy,Yekaterinburg,Male,25-34,Participant,No,No,No,Basic,No,0,0,0,0,2026,4,Apr
3267,2026-04-28,Community Outreach,Youth Policy,Yekaterinburg,Female,25-34,Coordinator,Yes,Yes,Yes,Leadership,Yes,1,1,1,1,2026,4,Apr
326,2026-04-29,Community Outreach,Entrepreneurship,Yekaterinburg,Male,18-24,Speaker,No,Yes,Yes,Visible,No,0,0,1,1,2026,4,Apr
518,2026-04-29,Educational Event,Healthcare,Yekaterinburg,Male,55+,Analyst,Yes,No,No,Professional,No,0,1,0,0,2026,4,Apr
782,2026-04-29,Campaign Activity,Local Government,Yekaterinburg,Male,25-34,Analyst,No,Yes,No,Professional,No,0,0,1,0,2026,4,Apr
958,2026-04-29,Government Interaction,Social Policy,Yekaterinburg,Male,55+,Participant,No,No,No,Basic,No,0,0,0,0,2026,4,Apr
1528,2026-04-29,Public Event,Transport,Pervouralsk,Male,35-44,Coordinator,Yes,Yes,Yes,Leadership,Yes,1,1,1,1,2026,4,Apr
2285,2026-04-29,Community Outreach,Local Government,Serov,Female,45-54,Volunteer,No,Yes,No,Basic,No,0,0,1,0,2026,4,Apr
3088,2026-04-29,Educational Event,Transport,Yekaterinburg,Female,25-34,Participant,No,No,No,Basic,No,0,0,0,0,2026,4,Apr
124,2026-04-30,Campaign Activity,Entrepreneurship,Yekaterinburg,Female,55+,Participant,No,No,No,Basic,No,0,0,0,0,2026,4,Apr
1086,2026-04-30,Campaign Activity,Entrepreneurship,Kamensk-Uralsky,Male,18-24,Participant,No,No,No,Basic,No,0,0,0,0,2026,4,Apr
1324,2026-04-30,Educational Event,Housing,Pervouralsk,Male,55+,Participant,No,Yes,No,Basic,No,0,0,1,0,2026,4,Apr
2002,2026-04-30,Meeting,Housing,Yekaterinburg,Female,45-54,Analyst,No,No,No,Professional,No,0,0,0,0,2026,4,Apr
2716,2026-04-30,Community Outreach,Transport,Serov,Female,35-44,Participant,No,No,No,Basic,No,0,0,0,0,2026,4,Apr
2888,2026-04-30,Government Interaction,Local Government,Yekaterinburg,Male,35-44,Participant,No,No,No,Basic,No,0,0,0,0,2026,4,Apr
3116,2026-04-30,Educational Event,Healthcare,Yekaterinburg,Male,25-34,Participant,No,No,No,Basic,No,0,0,0,0,2026,4,Apr
3552,2026-04-30,Survey,Housing,Yekaterinburg,Male,18-24,Coordinator,No,Yes,Yes,Leadership,Yes,1,0,1,1,2026,4,Apr
1209,2026-05-01,Campaign Activity,Healthcare,Yekaterinburg,Female,35-44,Participant,No,No,No,Basic,No,0,0,0,0,2026,5,May
2450,2026-05-01,Community Outreach,Local Government,Yekaterinburg,Male,55+,Participant,No,No,No,Basic,No,0,0,0,0,2026,5,May
276,2026-05-02,Campaign Activity,Economic Policy,Yekaterinburg,Female,25-34,Participant,No,No,No,Basic,No,0,0,0,0,2026,5,May
346,2026-05-02,Educational Event,Youth Policy,Yekaterinburg,Male,25-34,Participant,No,No,No,Basic,No,0,0,0,0,2026,5,May
1371,2026-05-02,Community Outreach,Gender Equality,Yekaterinburg,Female,45-54,Volunteer,No,No,No,Basic,No,0,0,0,0,2026,5,May
1770,2026-05-02,Public Event,Healthcare,Kamensk-Uralsky,Male,45-54,Participant,No,No,No,Basic,No,0,0,0,0,2026,5,May
1881,2026-05-02,Meeting,Healthcare,Yekaterinburg,Male,45-54,Participant,No,No,No,Basic,No,0,0,0,0,2026,5,May
2232,2026-05-02,Public Event,Youth Policy,Asbest,Male,35-44,Organizer,Yes,Yes,Yes,Leadership,Yes,1,1,1,1,2026,5,May
308,2026-05-03,Educational Event,Youth Policy,Revda,Male,35-44,Participant,No,No,No,Basic,No,0,0,0,0,2026,5,May
516,2026-05-03,Public Event,Entrepreneurship,Revda,Female,45-54,Speaker,No,Yes,No,Visible,No,0,0,1,0,2026,5,May
688,2026-05-03,Public Event,Social Policy,Serov,Male,55+,Coordinator,No,No,Yes,Leadership,Yes,1,0,0,1,2026,5,May
1363,2026-05-03,Community Outreach,Economic Policy,Yekaterinburg,Male,45-54,Speaker,No,Yes,No,Visible,No,0,0,1,0,2026,5,May
1399,2026-05-03,Campaign Activity,Entrepreneurship,Revda,Male,25-34,Organizer,No,No,Yes,Leadership,Yes,1,0,0,1,2026,5,May
1416,2026-05-03,Public Event,Entrepreneurship,Asbest,Male,25-34,Coordinator,Yes,No,Yes,Leadership,Yes,1,1,0,1,2026,5,May
1546,2026-05-03,Educational Event,Youth Policy,Serov,Female,45-54,Organizer,Yes,Yes,Yes,Leadership,Yes,1,1,1,1,2026,5,May
2809,2026-05-03,Community Outreach,Economic Policy,Yekaterinburg,Female,25-34,Participant,No,No,No,Basic,No,0,0,0,0,2026,5,May
2856,2026-05-03,Survey,Social Policy,Yekaterinburg,Male,55+,Volunteer,No,No,No,Basic,No,0,0,0,0,2026,5,May
2968,2026-05-03,Community Outreach,Entrepreneurship,Yekaterinburg,Female,35-44,Participant,No,No,No,Basic,No,0,0,0,0,2026,5,May
3164,2026-05-03,Government Interaction,Healthcare,Nizhny Tagil,Male,25-34,Participant,No,No,No,Basic,No,0,0,0,0,2026,5,May
3243,2026-05-03,Government Interaction,Housing,Yekaterinburg,Male,25-34,Participant,No,No,No,Basic,No,0,0,0,0,2026,5,May
56,2026-05-04,Meeting,Local Government,Revda,Male,25-34,Participant,No,No,No,Basic,No,0,0,0,0,2026,5,May
205,2026-05-04,Meeting,Healthcare,Yekaterinburg,Female,35-44,Participant,No,No,No,Basic,No,0,0,0,0,2026,5,May
1122,2026-05-04,Community Outreach,Local Government,Yekaterinburg,Female,25-34,Participant,No,No,No,Basic,No,0,0,0,0,2026,5,May
1211,2026-05-04,Community Outreach,Transport,Yekaterinburg,Male,18-24,Coordinator,No,Yes,Yes,Leadership,Yes,1,0,1,1,2026,5,May
1931,2026-05-04,Campaign Activity,Economic Policy,Yekaterinburg,Male,25-34,Analyst,Yes,No,No,Professional,No,0,1,0,0,2026,5,May
2014,2026-05-04,Government Interaction,Local Government,Yekaterinburg,Female,25-34,Volunteer,No,No,No,Basic,No,0,0,0,0,2026,5,May
3003,2026-05-04,Public Event,Education,Yekaterinburg,Female,35-44,Coordinator,Yes,No,Yes,Leadership,Yes,1,1,0,1,2026,5,May
402,2026-05-05,Campaign Activity,Youth Policy,Pervouralsk,Male,35-44,Participant,No,Yes,No,Basic,No,0,0,1,0,2026,5,May
524,2026-05-05,Campaign Activity,Youth Policy,Yekaterinburg,Male,55+,Participant,No,No,No,Basic,No,0,0,0,0,2026,5,May
1011,2026-05-05,Educational Event,Transport,Nizhny Tagil,Male,55+,Participant,No,No,No,Basic,No,0,0,0,0,2026,5,May
1152,2026-05-05,Community Outreach,Economic Policy,Serov,Male,35-44,Organizer,Yes,Yes,Yes,Leadership,Yes,1,1,1,1,2026,5,May
1376,2026-05-05,Campaign Activity,Education,Kamensk-Uralsky,Female,45-54,Participant,No,No,No,Basic,No,0,0,0,0,2026,5,May
1462,2026-05-05,Meeting,Education,Pervouralsk,Male,25-34,Organizer,No,No,Yes,Leadership,Yes,1,0,0,1,2026,5,May
3252,2026-05-05,Campaign Activity,Entrepreneurship,Yekaterinburg,Male,25-34,Volunteer,No,No,No,Basic,No,0,0,0,0,2026,5,May
226,2026-05-06,Community Outreach,Economic Policy,Kamensk-Uralsky,Male,45-54,Coordinator,No,No,Yes,Leadership,Yes,1,0,0,1,2026,5,May
269,2026-05-06,Community Outreach,Youth Policy,Revda,Female,18-24,Participant,No,No,No,Basic,No,0,0,0,0,2026,5,May
668,2026-05-06,Educational Event,Housing,Asbest,Male,25-34,Organizer,Yes,Yes,Yes,Leadership,Yes,1,1,1,1,2026,5,May
2705,2026-05-06,Government Interaction,Education,Yekaterinburg,Male,25-34,Speaker,No,Yes,No,Visible,No,0,0,1,0,2026,5,May
1191,2026-05-07,Community Outreach,Healthcare,Revda,Female,25-34,Analyst,No,No,No,Professional,No,0,0,0,0,2026,5,May
1429,2026-05-07,Community Outreach,Social Policy,Yekaterinburg,Male,35-44,Participant,No,No,No,Basic,No,0,0,0,0,2026,5,May
2170,2026-05-07,Survey,Healthcare,Kamensk-Uralsky,Male,25-34,Participant,No,No,No,Basic,No,0,0,0,0,2026,5,May
2362,2026-05-07,Meeting,Economic Policy,Yekaterinburg,Female,18-24,Participant,No,No,No,Basic,No,0,0,0,0,2026,5,May
2531,2026-05-07,Public Event,Youth Policy,Yekaterinburg,Male,45-54,Speaker,No,Yes,Yes,Visible,No,0,0,1,1,2026,5,May
2868,2026-05-07,Survey,Gender Equality,Kamensk-Uralsky,Male,18-24,Participant,No,No,No,Basic,No,0,0,0,0,2026,5,May
387,2026-05-08,Public Event,Education,Serov,Male,55+,Analyst,Yes,Yes,No,Professional,No,0,1,1,0,2026,5,May
738,2026-05-08,Meeting,Social Policy,Yekaterinburg,Female,45-54,Speaker,No,Yes,No,Visible,No,0,0,1,0,2026,5,May
1119,2026-05-08,Community Outreach,Economic Policy,Yekaterinburg,Female,35-44,Volunteer,No,No,No,Basic,No,0,0,0,0,2026,5,May
2334,2026-05-08,Public Event,Healthcare,Yekaterinburg,Female,18-24,Participant,No,No,No,Basic,No,0,0,0,0,2026,5,May
2392,2026-05-08,Government Interaction,Youth Policy,Yekaterinburg,Male,18-24,Organizer,Yes,No,Yes,Leadership,Yes,1,1,0,1,2026,5,May
3528,2026-05-08,Campaign Activity,Youth Policy,Yekaterinburg,Female,25-34,Coordinator,Yes,Yes,Yes,Leadership,Yes,1,1,1,1,2026,5,May
468,2026-05-09,Government Interaction,Healthcare,Pervouralsk,Male,45-54,Participant,No,No,No,Basic,No,0,0,0,0,2026,5,May
484,2026-05-09,Public Event,Entrepreneurship,Pervouralsk,Female,35-44,Speaker,No,Yes,No,Visible,No,0,0,1,0,2026,5,May
1238,2026-05-09,Meeting,Social Policy,Yekaterinburg,Female,25-34,Participant,No,No,No,Basic,No,0,0,0,0,2026,5,May
2117,2026-05-09,Educational Event,Gender Equality,Yekaterinburg,Female,35-44,Participant,No,No,No,Basic,No,0,0,0,0,2026,5,May
2313,2026-05-09,Community Outreach,Healthcare,Yekaterinburg,Female,35-44,Participant,No,No,No,Basic,No,0,0,0,0,2026,5,May
384,2026-05-10,Public Event,Housing,Revda,Male,35-44,Speaker,Yes,Yes,No,Visible,No,0,1,1,0,2026,5,May
1205,2026-05-10,Educational Event,Entrepreneurship,Nizhny Tagil,Female,35-44,Participant,No,No,No,Basic,No,0,0,0,0,2026,5,May
1558,2026-05-10,Community Outreach,Social Policy,Yekaterinburg,Male,45-54,Organizer,Yes,No,Yes,Leadership,Yes,1,1,0,1,2026,5,May
2227,2026-05-10,Government Interaction,Healthcare,Yekaterinburg,Male,45-54,Coordinator,Yes,Yes,Yes,Leadership,Yes,1,1,1,1,2026,5,May
2309,2026-05-10,Public Event,Youth Policy,Yekaterinburg,Male,25-34,Analyst,Yes,Yes,No,Professional,No,0,1,1,0,2026,5,May
2621,2026-05-10,Campaign Activity,Local Government,Kamensk-Uralsky,Male,25-34,Participant,No,No,No,Basic,No,0,0,0,0,2026,5,May
3344,2026-05-10,Community Outreach,Entrepreneurship,Serov,Female,35-44,Volunteer,No,Yes,No,Basic,No,0,0,1,0,2026,5,May
3365,2026-05-10,Meeting,Entrepreneurship,Asbest,Female,25-34,Volunteer,No,No,No,Basic,No,0,0,0,0,2026,5,May
750,2026-05-11,Educational Event,Housing,Yekaterinburg,Male,35-44,Participant,No,Yes,No,Basic,No,0,0,1,0,2026,5,May
1248,2026-05-11,Government Interaction,Education,Yekaterinburg,Female,25-34,Volunteer,No,No,No,Basic,No,0,0,0,0,2026,5,May
2000,2026-05-11,Community Outreach,Education,Revda,Male,35-44,Participant,No,No,No,Basic,No,0,0,0,0,2026,5,May
3142,2026-05-11,Campaign Activity,Healthcare,Pervouralsk,Female,35-44,Analyst,No,No,No,Professional,No,0,0,0,0,2026,5,May
1212,2026-05-12,Government Interaction,Gender Equality,Yekaterinburg,Male,35-44,Participant,No,No,No,Basic,No,0,0,0,0,2026,5,May
2228,2026-05-12,Public Event,Local Government,Nizhny Tagil,Female,18-24,Coordinator,Yes,No,Yes,Leadership,Yes,1,1,0,1,2026,5,May
3589,2026-05-12,Meeting,Housing,Yekaterinburg,Male,55+,Organizer,Yes,No,Yes,Leadership,Yes,1,1,0,1,2026,5,May
60,2026-05-13,Meeting,Social Policy,Kamensk-Uralsky,Female,25-34,Coordinator,Yes,Yes,Yes,Leadership,Yes,1,1,1,1,2026,5,May
944,2026-05-13,Community Outreach,Healthcare,Yekaterinburg,Female,25-34,Volunteer,No,No,No,Basic,No,0,0,0,0,2026,5,May
1494,2026-05-13,Campaign Activity,Social Policy,Yekaterinburg,Male,35-44,Participant,No,Yes,No,Basic,No,0,0,1,0,2026,5,May
1821,2026-05-13,Campaign Activity,Youth Policy,Revda,Male,55+,Analyst,No,No,No,Professional,No,0,0,0,0,2026,5,May
2212,2026-05-13,Meeting,Healthcare,Kamensk-Uralsky,Female,25-34,Speaker,No,Yes,No,Visible,No,0,0,1,0,2026,5,May
2790,2026-05-13,Public Event,Housing,Yekaterinburg,Female,18-24,Participant,No,No,No,Basic,No,0,0,0,0,2026,5,May
135,2026-05-14,Meeting,Local Government,Yekaterinburg,Male,45-54,Analyst,No,No,No,Professional,No,0,0,0,0,2026,5,May
1417,2026-05-14,Community Outreach,Housing,Yekaterinburg,Male,25-34,Volunteer,Yes,No,No,Basic,No,0,1,0,0,2026,5,May
1473,2026-05-14,Campaign Activity,Healthcare,Kamensk-Uralsky,Female,25-34,Participant,No,No,No,Basic,No,0,0,0,0,2026,5,May
1654,2026-05-14,Survey,Local Government,Yekaterinburg,Female,18-24,Organizer,No,No,Yes,Leadership,Yes,1,0,0,1,2026,5,May
2319,2026-05-14,Educational Event,Housing,Nizhny Tagil,Male,45-54,Volunteer,No,No,No,Basic,No,0,0,0,0,2026,5,May
3330,2026-05-14,Media Activity,Housing,Yekaterinburg,Female,18-24,Participant,No,No,No,Basic,No,0,0,0,0,2026,5,May
3342,2026-05-14,Community Outreach,Youth Policy,Revda,Male,35-44,Participant,No,No,No,Basic,No,0,0,0,0,2026,5,May
101,2026-05-15,Educational Event,Gender Equality,Yekaterinburg,Male,35-44,Participant,Yes,Yes,No,Basic,No,0,1,1,0,2026,5,May
365,2026-05-15,Campaign Activity,Gender Equality,Kamensk-Uralsky,Male,25-34,Participant,No,No,No,Basic,No,0,0,0,0,2026,5,May
1054,2026-05-15,Meeting,Healthcare,Yekaterinburg,Female,25-34,Speaker,No,Yes,No,Visible,No,0,0,1,0,2026,5,May
1522,2026-05-15,Public Event,Healthcare,Nizhny Tagil,Male,25-34,Analyst,No,No,No,Professional,No,0,0,0,0,2026,5,May
1591,2026-05-15,Community Outreach,Healthcare,Yekaterinburg,Female,18-24,Participant,No,No,No,Basic,No,0,0,0,0,2026,5,May
2577,2026-05-15,Government Interaction,Education,Yekaterinburg,Male,25-34,Participant,No,No,No,Basic,No,0,0,0,0,2026,5,May
3534,2026-05-15,Campaign Activity,Youth Policy,Yekaterinburg,Female,25-34,Participant,No,No,No,Basic,No,0,0,0,0,2026,5,May
329,2026-05-16,Meeting,Economic Policy,Yekaterinburg,Male,18-24,Participant,No,No,No,Basic,No,0,0,0,0,2026,5,May
1383,2026-05-16,Public Event,Economic Policy,Yekaterinburg,Male,45-54,Participant,No,No,No,Basic,No,0,0,0,0,2026,5,May
2517,2026-05-16,Campaign Activity,Youth Policy,Asbest,Female,18-24,Participant,No,No,No,Basic,No,0,0,0,0,2026,5,May
3451,2026-05-16,Media Activity,Gender Equality,Yekaterinburg,Male,35-44,Participant,No,Yes,No,Basic,No,0,0,1,0,2026,5,May
3456,2026-05-16,Campaign Activity,Social Policy,Serov,Male,55+,Organizer,Yes,Yes,Yes,Leadership,Yes,1,1,1,1,2026,5,May
405,2026-05-17,Community Outreach,Healthcare,Nizhny Tagil,Male,25-34,Participant,No,No,No,Basic,No,0,0,0,0,2026,5,May
476,2026-05-17,Campaign Activity,Local Government,Asbest,Female,45-54,Participant,No,No,No,Basic,No,0,0,0,0,2026,5,May
1009,2026-05-17,Meeting,Housing,Yekaterinburg,Male,25-34,Participant,No,No,No,Basic,No,0,0,0,0,2026,5,May
1091,2026-05-17,Community Outreach,Gender Equality,Pervouralsk,Female,18-24,Coordinator,Yes,Yes,Yes,Leadership,Yes,1,1,1,1,2026,5,May
1230,2026-05-17,Educational Event,Youth Policy,Yekaterinburg,Female,18-24,Participant,No,No,No,Basic,No,0,0,0,0,2026,5,May
1773,2026-05-17,Meeting,Entrepreneurship,Yekaterinburg,Male,55+,Volunteer,Yes,No,No,Basic,No,0,1,0,0,2026,5,May
1916,2026-05-17,Media Activity,Education,Asbest,Female,35-44,Coordinator,Yes,No,Yes,Leadership,Yes,1,1,0,1,2026,5,May
2834,2026-05-17,Media Activity,Youth Policy,Yekaterinburg,Male,45-54,Volunteer,No,No,No,Basic,No,0,0,0,0,2026,5,May
2992,2026-05-17,Government Interaction,Economic Policy,Yekaterinburg,Male,18-24,Organizer,Yes,No,Yes,Leadership,Yes,1,1,0,1,2026,5,May
425,2026-05-18,Survey,Transport,Pervouralsk,Male,18-24,Speaker,Yes,Yes,No,Visible,No,0,1,1,0,2026,5,May
952,2026-05-18,Government Interaction,Youth Policy,Asbest,Female,45-54,Participant,No,No,No,Basic,No,0,0,0,0,2026,5,May
1155,2026-05-18,Media Activity,Economic Policy,Yekaterinburg,Male,25-34,Analyst,No,No,No,Professional,No,0,0,0,0,2026,5,May
1784,2026-05-18,Meeting,Housing,Yekaterinburg,Female,18-24,Participant,No,No,No,Basic,No,0,0,0,0,2026,5,May
1872,2026-05-18,Meeting,Economic Policy,Yekaterinburg,Female,18-24,Volunteer,No,No,No,Basic,No,0,0,0,0,2026,5,May
2607,2026-05-18,Campaign Activity,Entrepreneurship,Pervouralsk,Male,35-44,Volunteer,No,No,No,Basic,No,0,0,0,0,2026,5,May
3294,2026-05-18,Public Event,Entrepreneurship,Pervouralsk,Male,35-44,Participant,No,No,No,Basic,No,0,0,0,0,2026,5,May
3550,2026-05-18,Community Outreach,Education,Yekaterinburg,Male,18-24,Volunteer,No,No,No,Basic,No,0,0,0,0,2026,5,May
3566,2026-05-18,Campaign Activity,Gender Equality,Yekaterinburg,Male,18-24,Speaker,No,Yes,No,Visible,No,0,0,1,0,2026,5,May
217,2026-05-19,Campaign Activity,Transport,Asbest,Female,55+,Volunteer,No,No,No,Basic,No,0,0,0,0,2026,5,May
320,2026-05-19,Campaign Activity,Gender Equality,Yekaterinburg,Male,35-44,Participant,No,No,No,Basic,No,0,0,0,0,2026,5,May
665,2026-05-19,Government Interaction,Education,Yekaterinburg,Female,25-34,Participant,No,No,No,Basic,No,0,0,0,0,2026,5,May
1007,2026-05-19,Educational Event,Social Policy,Yekaterinburg,Male,18-24,Analyst,No,Yes,No,Professional,No,0,0,1,0,2026,5,May
1035,2026-05-19,Community Outreach,Education,Asbest,Female,45-54,Analyst,Yes,Yes,No,Professional,No,0,1,1,0,2026,5,May
1665,2026-05-19,Campaign Activity,Healthcare,Yekaterinburg,Male,35-44,Participant,No,No,No,Basic,No,0,0,0,0,2026,5,May
1959,2026-05-19,Government Interaction,Education,Yekaterinburg,Male,18-24,Participant,No,No,No,Basic,No,0,0,0,0,2026,5,May
2274,2026-05-19,Meeting,Entrepreneurship,Yekaterinburg,Male,35-44,Participant,No,No,No,Basic,No,0,0,0,0,2026,5,May
2512,2026-05-19,Campaign Activity,Housing,Asbest,Female,25-34,Participant,No,No,No,Basic,No,0,0,0,0,2026,5,May
2594,2026-05-19,Community Outreach,Healthcare,Nizhny Tagil,Female,25-34,Analyst,No,No,Yes,Professional,No,0,0,0,1,2026,5,May
3094,2026-05-19,Educational Event,Gender Equality,Yekaterinburg,Male,45-54,Coordinator,Yes,No,Yes,Leadership,Yes,1,1,0,1,2026,5,May
303,2026-05-20,Government Interaction,Gender Equality,Yekaterinburg,Male,45-54,Participant,No,No,No,Basic,No,0,0,0,0,2026,5,May
1883,2026-05-20,Campaign Activity,Education,Kamensk-Uralsky,Female,45-54,Participant,No,No,No,Basic,No,0,0,0,0,2026,5,May
1957,2026-05-20,Public Event,Transport,Revda,Male,18-24,Participant,No,No,No,Basic,No,0,0,0,0,2026,5,May
611,2026-05-21,Government Interaction,Gender Equality,Revda,Male,35-44,Speaker,No,Yes,No,Visible,No,0,0,1,0,2026,5,May
625,2026-05-21,Public Event,Local Government,Kamensk-Uralsky,Male,35-44,Participant,No,No,No,Basic,No,0,0,0,0,2026,5,May
1130,2026-05-21,Campaign Activity,Gender Equality,Yekaterinburg,Male,45-54,Coordinator,Yes,No,Yes,Leadership,Yes,1,1,0,1,2026,5,May
1635,2026-05-21,Government Interaction,Healthcare,Pervouralsk,Male,25-34,Coordinator,Yes,No,Yes,Leadership,Yes,1,1,0,1,2026,5,May
1716,2026-05-21,Campaign Activity,Local Government,Yekaterinburg,Male,18-24,Participant,No,No,No,Basic,No,0,0,0,0,2026,5,May
2337,2026-05-21,Public Event,Youth Policy,Yekaterinburg,Male,35-44,Volunteer,Yes,No,No,Basic,No,0,1,0,0,2026,5,May
2354,2026-05-21,Meeting,Transport,Yekaterinburg,Male,25-34,Participant,No,No,No,Basic,No,0,0,0,0,2026,5,May
2899,2026-05-21,Campaign Activity,Housing,Yekaterinburg,Male,25-34,Speaker,No,Yes,No,Visible,No,0,0,1,0,2026,5,May
3197,2026-05-21,Survey,Local Government,Yekaterinburg,Male,18-24,Participant,No,No,No,Basic,No,0,0,0,0,2026,5,May
3420,2026-05-21,Community Outreach,Education,Yekaterinburg,Male,55+,Analyst,No,No,No,Professional,No,0,0,0,0,2026,5,May
690,2026-05-22,Community Outreach,Youth Policy,Yekaterinburg,Male,55+,Participant,No,No,No,Basic,No,0,0,0,0,2026,5,May
1249,2026-05-22,Meeting,Youth Policy,Yekaterinburg,Male,45-54,Coordinator,Yes,Yes,Yes,Leadership,Yes,1,1,1,1,2026,5,May
1289,2026-05-22,Campaign Activity,Gender Equality,Yekaterinburg,Female,35-44,Participant,No,No,No,Basic,No,0,0,0,0,2026,5,May
2220,2026-05-22,Campaign Activity,Social Policy,Kamensk-Uralsky,Female,25-34,Analyst,No,No,No,Professional,No,0,0,0,0,2026,5,May
2245,2026-05-22,Campaign Activity,Social Policy,Kamensk-Uralsky,Female,18-24,Speaker,Yes,Yes,No,Visible,No,0,1,1,0,2026,5,May
2570,2026-05-22,Government Interaction,Transport,Pervouralsk,Male,35-44,Analyst,Yes,No,No,Professional,No,0,1,0,0,2026,5,May
2962,2026-05-22,Campaign Activity,Healthcare,Yekaterinburg,Male,45-54,Participant,No,No,No,Basic,No,0,0,0,0,2026,5,May
3356,2026-05-22,Community Outreach,Gender Equality,Yekaterinburg,Female,45-54,Participant,No,No,No,Basic,No,0,0,0,0,2026,5,May
3444,2026-05-22,Public Event,Transport,Yekaterinburg,Female,25-34,Coordinator,Yes,Yes,Yes,Leadership,Yes,1,1,1,1,2026,5,May
3446,2026-05-22,Media Activity,Housing,Yekaterinburg,Female,35-44,Organizer,No,No,Yes,Leadership,Yes,1,0,0,1,2026,5,May
3565,2026-05-22,Media Activity,Local Government,Yekaterinburg,Male,18-24,Coordinator,Yes,No,Yes,Leadership,Yes,1,1,0,1,2026,5,May
23,2026-05-23,Campaign Activity,Social Policy,Revda,Male,45-54,Participant,No,No,No,Basic,No,0,0,0,0,2026,5,May
883,2026-05-23,Survey,Transport,Pervouralsk,Male,25-34,Participant,No,Yes,No,Basic,No,0,0,1,0,2026,5,May
895,2026-05-23,Public Event,Local Government,Yekaterinburg,Male,35-44,Organizer,Yes,No,Yes,Leadership,Yes,1,1,0,1,2026,5,May
1222,2026-05-23,Public Event,Healthcare,Nizhny Tagil,Female,55+,Participant,No,No,No,Basic,No,0,0,0,0,2026,5,May
1997,2026-05-23,Media Activity,Economic Policy,Yekaterinburg,Female,25-34,Volunteer,No,No,No,Basic,No,0,0,0,0,2026,5,May
2366,2026-05-23,Public Event,Healthcare,Revda,Male,35-44,Organizer,Yes,No,Yes,Leadership,Yes,1,1,0,1,2026,5,May
2452,2026-05-23,Community Outreach,Youth Policy,Asbest,Male,45-54,Volunteer,No,No,No,Basic,No,0,0,0,0,2026,5,May
3481,2026-05-23,Survey,Gender Equality,Serov,Female,25-34,Speaker,No,Yes,No,Visible,No,0,0,1,0,2026,5,May
3524,2026-05-23,Educational Event,Local Government,Yekaterinburg,Female,25-34,Analyst,No,No,No,Professional,No,0,0,0,0,2026,5,May
266,2026-05-24,Campaign Activity,Local Government,Nizhny Tagil,Female,45-54,Speaker,Yes,Yes,Yes,Visible,No,0,1,1,1,2026,5,May
2164,2026-05-24,Media Activity,Youth Policy,Revda,Female,25-34,Speaker,No,Yes,No,Visible,No,0,0,1,0,2026,5,May
2418,2026-05-24,Educational Event,Entrepreneurship,Yekaterinburg,Male,45-54,Organizer,No,No,Yes,Leadership,Yes,1,0,0,1,2026,5,May
2419,2026-05-24,Survey,Gender Equality,Kamensk-Uralsky,Female,18-24,Participant,No,No,No,Basic,No,0,0,0,0,2026,5,May
2895,2026-05-24,Educational Event,Healthcare,Yekaterinburg,Male,25-34,Volunteer,No,No,No,Basic,No,0,0,0,0,2026,5,May
1144,2026-05-25,Public Event,Housing,Yekaterinburg,Male,35-44,Coordinator,Yes,Yes,Yes,Leadership,Yes,1,1,1,1,2026,5,May
1431,2026-05-25,Meeting,Transport,Yekaterinburg,Male,25-34,Participant,No,No,No,Basic,No,0,0,0,0,2026,5,May
1637,2026-05-25,Meeting,Education,Asbest,Female,55+,Speaker,No,Yes,No,Visible,No,0,0,1,0,2026,5,May
2741,2026-05-25,Educational Event,Local Government,Yekaterinburg,Female,25-34,Participant,No,No,No,Basic,No,0,0,0,0,2026,5,May
3070,2026-05-25,Educational Event,Transport,Pervouralsk,Female,25-34,Volunteer,No,No,No,Basic,No,0,0,0,0,2026,5,May
3126,2026-05-25,Campaign Activity,Education,Kamensk-Uralsky,Female,25-34,Coordinator,No,Yes,Yes,Leadership,Yes,1,0,1,1,2026,5,May
3529,2026-05-25,Educational Event,Gender Equality,Pervouralsk,Male,25-34,Coordinator,Yes,Yes,Yes,Leadership,Yes,1,1,1,1,2026,5,May
543,2026-05-26,Meeting,Social Policy,Yekaterinburg,Male,25-34,Coordinator,No,Yes,Yes,Leadership,Yes,1,0,1,1,2026,5,May
653,2026-05-26,Meeting,Youth Policy,Yekaterinburg,Male,25-34,Organizer,Yes,Yes,Yes,Leadership,Yes,1,1,1,1,2026,5,May
1000,2026-05-26,Campaign Activity,Youth Policy,Yekaterinburg,Female,35-44,Volunteer,No,No,No,Basic,No,0,0,0,0,2026,5,May
1245,2026-05-26,Campaign Activity,Social Policy,Yekaterinburg,Female,35-44,Volunteer,No,No,No,Basic,No,0,0,0,0,2026,5,May
1353,2026-05-26,Public Event,Housing,Yekaterinburg,Female,45-54,Speaker,No,Yes,No,Visible,No,0,0,1,0,2026,5,May
1398,2026-05-26,Community Outreach,Social Policy,Yekaterinburg,Male,25-34,Participant,No,No,No,Basic,No,0,0,0,0,2026,5,May
1457,2026-05-26,Community Outreach,Education,Yekaterinburg,Female,25-34,Participant,No,No,No,Basic,No,0,0,0,0,2026,5,May
1892,2026-05-26,Government Interaction,Youth Policy,Yekaterinburg,Male,35-44,Coordinator,Yes,Yes,Yes,Leadership,Yes,1,1,1,1,2026,5,May
2089,2026-05-26,Survey,Housing,Serov,Male,45-54,Participant,No,No,No,Basic,No,0,0,0,0,2026,5,May
156,2026-05-27,Campaign Activity,Gender Equality,Revda,Male,45-54,Participant,No,No,No,Basic,No,0,0,0,0,2026,5,May
1005,2026-05-27,Government Interaction,Social Policy,Yekaterinburg,Male,25-34,Volunteer,Yes,No,No,Basic,No,0,1,0,0,2026,5,May
1137,2026-05-27,Government Interaction,Education,Nizhny Tagil,Female,25-34,Organizer,Yes,No,Yes,Leadership,Yes,1,1,0,1,2026,5,May
1224,2026-05-27,Government Interaction,Youth Policy,Nizhny Tagil,Male,45-54,Speaker,Yes,Yes,No,Visible,No,0,1,1,0,2026,5,May
1357,2026-05-27,Educational Event,Housing,Yekaterinburg,Male,25-34,Participant,No,No,No,Basic,No,0,0,0,0,2026,5,May
1768,2026-05-27,Survey,Youth Policy,Yekaterinburg,Female,55+,Participant,No,No,No,Basic,No,0,0,0,0,2026,5,May
1862,2026-05-27,Meeting,Gender Equality,Kamensk-Uralsky,Male,35-44,Volunteer,No,No,No,Basic,No,0,0,0,0,2026,5,May
1693,2026-05-28,Educational Event,Gender Equality,Yekaterinburg,Female,35-44,Speaker,Yes,Yes,No,Visible,No,0,1,1,0,2026,5,May
1753,2026-05-28,Government Interaction,Transport,Nizhny Tagil,Male,35-44,Participant,No,No,No,Basic,No,0,0,0,0,2026,5,May
3194,2026-05-28,Community Outreach,Economic Policy,Yekaterinburg,Male,25-34,Volunteer,No,No,No,Basic,No,0,0,0,0,2026,5,May
3516,2026-05-28,Educational Event,Gender Equality,Nizhny Tagil,Male,25-34,Volunteer,No,No,No,Basic,No,0,0,0,0,2026,5,May
323,2026-05-29,Campaign Activity,Transport,Yekaterinburg,Female,18-24,Coordinator,Yes,No,Yes,Leadership,Yes,1,1,0,1,2026,5,May
381,2026-05-29,Meeting,Social Policy,Yekaterinburg,Male,25-34,Participant,No,No,No,Basic,No,0,0,0,0,2026,5,May
1117,2026-05-29,Campaign Activity,Education,Revda,Female,35-44,Volunteer,No,No,No,Basic,No,0,0,0,0,2026,5,May
1490,2026-05-29,Public Event,Youth Policy,Pervouralsk,Male,25-34,Organizer,Yes,Yes,Yes,Leadership,Yes,1,1,1,1,2026,5,May
2058,2026-05-29,Survey,Social Policy,Yekaterinburg,Male,25-34,Analyst,Yes,No,No,Professional,No,0,1,0,0,2026,5,May
2838,2026-05-29,Public Event,Healthcare,Revda,Female,25-34,Volunteer,No,No,No,Basic,No,0,0,0,0,2026,5,May
3403,2026-05-29,Community Outreach,Economic Policy,Pervouralsk,Male,25-34,Volunteer,No,No,No,Basic,No,0,0,0,0,2026,5,May
2654,2026-05-30,Campaign Activity,Entrepreneurship,Yekaterinburg,Male,25-34,Speaker,No,Yes,Yes,Visible,No,0,0,1,1,2026,5,May
61,2026-05-31,Public Event,Social Policy,Serov,Male,55+,Coordinator,Yes,No,Yes,Leadership,Yes,1,1,0,1,2026,5,May
1072,2026-05-31,Public Event,Local Government,Revda,Male,55+,Analyst,No,No,No,Professional,No,0,0,0,0,2026,5,May
1093,2026-05-31,Government Interaction,Housing,Yekaterinburg,Female,18-24,Participant,No,Yes,No,Basic,No,0,0,1,0,2026,5,May
1755,2026-05-31,Educational Event,Entrepreneurship,Pervouralsk,Female,55+,Participant,No,No,No,Basic,No,0,0,0,0,2026,5,May
1866,2026-05-31,Survey,Entrepreneurship,Yekaterinburg,Male,35-44,Volunteer,No,No,No,Basic,No,0,0,0,0,2026,5,May
2157,2026-05-31,Meeting,Transport,Revda,Female,25-34,Participant,No,No,No,Basic,No,0,0,0,0,2026,5,May
2192,2026-05-31,Government Interaction,Economic Policy,Yekaterinburg,Male,45-54,Coordinator,Yes,Yes,Yes,Leadership,Yes,1,1,1,1,2026,5,May
3392,2026-05-31,Public Event,Healthcare,Yekaterinburg,Male,55+,Coordinator,Yes,No,Yes,Leadership,Yes,1,1,0,1,2026,5,May
755,2026-06-01,Educational Event,Gender Equality,Pervouralsk,Male,45-54,Participant,No,No,No,Basic,No,0,0,0,0,2026,6,Jun
1342,2026-06-01,Meeting,Housing,Asbest,Male,25-34,Volunteer,No,No,No,Basic,No,0,0,0,0,2026,6,Jun
1594,2026-06-01,Government Interaction,Healthcare,Yekaterinburg,Female,45-54,Participant,No,No,No,Basic,No,0,0,0,0,2026,6,Jun
2322,2026-06-01,Meeting,Healthcare,Yekaterinburg,Female,45-54,Organizer,Yes,No,Yes,Leadership,Yes,1,1,0,1,2026,6,Jun
2796,2026-06-01,Survey,Gender Equality,Nizhny Tagil,Male,55+,Participant,Yes,No,No,Basic,No,0,1,0,0,2026,6,Jun
3106,2026-06-01,Community Outreach,Transport,Pervouralsk,Male,18-24,Participant,No,No,No,Basic,No,0,0,0,0,2026,6,Jun
403,2026-06-02,Educational Event,Local Government,Yekaterinburg,Male,45-54,Participant,No,No,No,Basic,No,0,0,0,0,2026,6,Jun
507,2026-06-02,Government Interaction,Healthcare,Yekaterinburg,Female,45-54,Speaker,No,Yes,No,Visible,No,0,0,1,0,2026,6,Jun
548,2026-06-02,Government Interaction,Economic Policy,Nizhny Tagil,Female,18-24,Coordinator,Yes,Yes,Yes,Leadership,Yes,1,1,1,1,2026,6,Jun
572,2026-06-02,Government Interaction,Transport,Pervouralsk,Male,18-24,Speaker,No,Yes,No,Visible,No,0,0,1,0,2026,6,Jun
1073,2026-06-02,Meeting,Youth Policy,Yekaterinburg,Female,25-34,Analyst,No,No,No,Professional,No,0,0,0,0,2026,6,Jun
1699,2026-06-02,Public Event,Economic Policy,Serov,Male,18-24,Participant,No,No,No,Basic,No,0,0,0,0,2026,6,Jun
1852,2026-06-02,Community Outreach,Local Government,Yekaterinburg,Male,55+,Organizer,Yes,No,Yes,Leadership,Yes,1,1,0,1,2026,6,Jun
2028,2026-06-02,Survey,Gender Equality,Kamensk-Uralsky,Female,35-44,Participant,No,No,No,Basic,No,0,0,0,0,2026,6,Jun
2154,2026-06-02,Survey,Economic Policy,Nizhny Tagil,Male,45-54,Organizer,Yes,Yes,Yes,Leadership,Yes,1,1,1,1,2026,6,Jun
2445,2026-06-02,Community Outreach,Youth Policy,Yekaterinburg,Male,35-44,Participant,No,No,No,Basic,No,0,0,0,0,2026,6,Jun
2506,2026-06-02,Media Activity,Healthcare,Yekaterinburg,Female,35-44,Speaker,No,Yes,No,Visible,No,0,0,1,0,2026,6,Jun
2682,2026-06-02,Public Event,Healthcare,Yekaterinburg,Male,18-24,Coordinator,No,Yes,Yes,Leadership,Yes,1,0,1,1,2026,6,Jun
130,2026-06-03,Survey,Youth Policy,Pervouralsk,Male,35-44,Volunteer,No,No,Yes,Basic,No,0,0,0,1,2026,6,Jun
428,2026-06-03,Government Interaction,Youth Policy,Yekaterinburg,Male,25-34,Analyst,Yes,No,No,Professional,No,0,1,0,0,2026,6,Jun
1096,2026-06-03,Government Interaction,Gender Equality,Pervouralsk,Female,25-34,Participant,No,No,No,Basic,No,0,0,0,0,2026,6,Jun
1273,2026-06-03,Government Interaction,Education,Pervouralsk,Female,45-54,Speaker,Yes,Yes,No,Visible,No,0,1,1,0,2026,6,Jun
1560,2026-06-03,Public Event,Economic Policy,Serov,Male,55+,Participant,No,No,No,Basic,No,0,0,0,0,2026,6,Jun
1613,2026-06-03,Media Activity,Economic Policy,Serov,Male,18-24,Volunteer,No,No,No,Basic,No,0,0,0,0,2026,6,Jun
2037,2026-06-03,Public Event,Healthcare,Yekaterinburg,Male,35-44,Participant,Yes,No,No,Basic,No,0,1,0,0,2026,6,Jun
2407,2026-06-03,Government Interaction,Youth Policy,Nizhny Tagil,Male,25-34,Speaker,No,Yes,No,Visible,No,0,0,1,0,2026,6,Jun
2471,2026-06-03,Media Activity,Gender Equality,Yekaterinburg,Female,18-24,Speaker,No,Yes,No,Visible,No,0,0,1,0,2026,6,Jun
2884,2026-06-03,Survey,Social Policy,Revda,Female,18-24,Participant,No,No,No,Basic,No,0,0,0,0,2026,6,Jun
3045,2026-06-03,Community Outreach,Entrepreneurship,Yekaterinburg,Male,45-54,Coordinator,No,No,Yes,Leadership,Yes,1,0,0,1,2026,6,Jun
3394,2026-06-03,Community Outreach,Education,Yekaterinburg,Female,35-44,Participant,No,No,No,Basic,No,0,0,0,0,2026,6,Jun
14,2026-06-04,Educational Event,Youth Policy,Yekaterinburg,Male,35-44,Participant,No,No,No,Basic,No,0,0,0,0,2026,6,Jun
1015,2026-06-04,Campaign Activity,Gender Equality,Revda,Female,45-54,Participant,No,No,No,Basic,No,0,0,0,0,2026,6,Jun
3103,2026-06-04,Media Activity,Economic Policy,Yekaterinburg,Male,25-34,Participant,No,No,No,Basic,No,0,0,0,0,2026,6,Jun
3515,2026-06-04,Survey,Transport,Yekaterinburg,Male,18-24,Volunteer,No,No,No,Basic,No,0,0,0,0,2026,6,Jun
80,2026-06-05,Meeting,Entrepreneurship,Yekaterinburg,Male,35-44,Analyst,Yes,No,No,Professional,No,0,1,0,0,2026,6,Jun
155,2026-06-05,Campaign Activity,Local Government,Yekaterinburg,Female,55+,Participant,No,No,No,Basic,No,0,0,0,0,2026,6,Jun
1201,2026-06-05,Campaign Activity,Social Policy,Pervouralsk,Male,25-34,Coordinator,Yes,No,Yes,Leadership,Yes,1,1,0,1,2026,6,Jun
1703,2026-06-05,Government Interaction,Local Government,Yekaterinburg,Female,35-44,Volunteer,No,No,No,Basic,No,0,0,0,0,2026,6,Jun
2173,2026-06-05,Public Event,Healthcare,Kamensk-Uralsky,Male,25-34,Speaker,No,Yes,No,Visible,No,0,0,1,0,2026,6,Jun
2345,2026-06-05,Meeting,Education,Nizhny Tagil,Male,45-54,Organizer,Yes,No,Yes,Leadership,Yes,1,1,0,1,2026,6,Jun
3022,2026-06-05,Public Event,Transport,Yekaterinburg,Male,25-34,Analyst,Yes,No,No,Professional,No,0,1,0,0,2026,6,Jun
199,2026-06-06,Campaign Activity,Local Government,Yekaterinburg,Female,35-44,Coordinator,Yes,Yes,Yes,Leadership,Yes,1,1,1,1,2026,6,Jun
942,2026-06-06,Meeting,Social Policy,Yekaterinburg,Male,55+,Participant,No,No,No,Basic,No,0,0,0,0,2026,6,Jun
974,2026-06-06,Campaign Activity,Economic Policy,Yekaterinburg,Male,35-44,Participant,No,No,No,Basic,No,0,0,0,0,2026,6,Jun
2424,2026-06-06,Educational Event,Youth Policy,Yekaterinburg,Female,35-44,Participant,No,No,No,Basic,No,0,0,0,0,2026,6,Jun
220,2026-06-07,Educational Event,Local Government,Yekaterinburg,Female,35-44,Participant,No,No,No,Basic,No,0,0,0,0,2026,6,Jun
271,2026-06-07,Campaign Activity,Social Policy,Yekaterinburg,Female,45-54,Participant,No,No,No,Basic,No,0,0,0,0,2026,6,Jun
949,2026-06-07,Government Interaction,Local Government,Pervouralsk,Male,25-34,Volunteer,No,No,No,Basic,No,0,0,0,0,2026,6,Jun
1541,2026-06-07,Community Outreach,Local Government,Revda,Male,25-34,Participant,No,No,No,Basic,No,0,0,0,0,2026,6,Jun
1608,2026-06-07,Media Activity,Housing,Revda,Female,55+,Organizer,No,No,Yes,Leadership,Yes,1,0,0,1,2026,6,Jun
2327,2026-06-07,Educational Event,Economic Policy,Nizhny Tagil,Female,25-34,Participant,No,No,No,Basic,No,0,0,0,0,2026,6,Jun
2526,2026-06-07,Public Event,Gender Equality,Kamensk-Uralsky,Female,35-44,Coordinator,Yes,Yes,Yes,Leadership,Yes,1,1,1,1,2026,6,Jun
3011,2026-06-07,Government Interaction,Healthcare,Revda,Female,18-24,Volunteer,No,No,No,Basic,No,0,0,0,0,2026,6,Jun
126,2026-06-08,Survey,Youth Policy,Revda,Male,18-24,Volunteer,No,No,No,Basic,No,0,0,0,0,2026,6,Jun
647,2026-06-08,Educational Event,Social Policy,Yekaterinburg,Female,55+,Participant,No,No,No,Basic,No,0,0,0,0,2026,6,Jun
1809,2026-06-08,Public Event,Education,Yekaterinburg,Female,25-34,Participant,No,No,No,Basic,No,0,0,0,0,2026,6,Jun
2147,2026-06-08,Meeting,Transport,Yekaterinburg,Female,25-34,Volunteer,No,No,No,Basic,No,0,0,0,0,2026,6,Jun
2216,2026-06-08,Survey,Gender Equality,Yekaterinburg,Female,25-34,Participant,No,No,No,Basic,No,0,0,0,0,2026,6,Jun
2858,2026-06-08,Government Interaction,Economic Policy,Yekaterinburg,Female,25-34,Participant,No,No,No,Basic,No,0,0,0,0,2026,6,Jun
2878,2026-06-08,Campaign Activity,Youth Policy,Yekaterinburg,Female,45-54,Organizer,No,Yes,Yes,Leadership,Yes,1,0,1,1,2026,6,Jun
3039,2026-06-08,Survey,Social Policy,Nizhny Tagil,Female,25-34,Participant,No,No,No,Basic,No,0,0,0,0,2026,6,Jun
3231,2026-06-08,Community Outreach,Local Government,Yekaterinburg,Female,45-54,Participant,No,Yes,No,Basic,No,0,0,1,0,2026,6,Jun
95,2026-06-09,Survey,Housing,Yekaterinburg,Female,25-34,Participant,No,No,No,Basic,No,0,0,0,0,2026,6,Jun
218,2026-06-09,Public Event,Healthcare,Asbest,Female,45-54,Participant,No,No,No,Basic,No,0,0,0,0,2026,6,Jun
247,2026-06-09,Survey,Social Policy,Yekaterinburg,Male,25-34,Coordinator,Yes,Yes,Yes,Leadership,Yes,1,1,1,1,2026,6,Jun
814,2026-06-09,Meeting,Transport,Yekaterinburg,Male,25-34,Participant,No,No,No,Basic,No,0,0,0,0,2026,6,Jun
1348,2026-06-09,Survey,Housing,Yekaterinburg,Female,18-24,Participant,No,No,No,Basic,No,0,0,0,0,2026,6,Jun
2361,2026-06-09,Meeting,Gender Equality,Kamensk-Uralsky,Male,25-34,Participant,No,No,No,Basic,No,0,0,0,0,2026,6,Jun
2541,2026-06-09,Meeting,Local Government,Serov,Male,35-44,Participant,No,No,No,Basic,No,0,0,0,0,2026,6,Jun
3331,2026-06-09,Public Event,Youth Policy,Yekaterinburg,Male,35-44,Coordinator,Yes,Yes,Yes,Leadership,Yes,1,1,1,1,2026,6,Jun
196,2026-06-10,Government Interaction,Housing,Yekaterinburg,Female,35-44,Participant,No,No,No,Basic,No,0,0,0,0,2026,6,Jun
613,2026-06-10,Campaign Activity,Local Government,Pervouralsk,Male,25-34,Participant,No,No,No,Basic,No,0,0,0,0,2026,6,Jun
695,2026-06-10,Survey,Education,Yekaterinburg,Male,18-24,Volunteer,No,No,No,Basic,No,0,0,0,0,2026,6,Jun
1454,2026-06-10,Meeting,Healthcare,Yekaterinburg,Male,45-54,Participant,No,No,No,Basic,No,0,0,0,0,2026,6,Jun
2542,2026-06-10,Meeting,Economic Policy,Yekaterinburg,Female,55+,Participant,No,No,No,Basic,No,0,0,0,0,2026,6,Jun
2604,2026-06-10,Meeting,Transport,Asbest,Male,45-54,Organizer,Yes,Yes,Yes,Leadership,Yes,1,1,1,1,2026,6,Jun
2669,2026-06-10,Meeting,Housing,Yekaterinburg,Male,18-24,Participant,No,No,No,Basic,No,0,0,0,0,2026,6,Jun
3056,2026-06-10,Campaign Activity,Local Government,Yekaterinburg,Male,35-44,Participant,No,No,No,Basic,No,0,0,0,0,2026,6,Jun
3386,2026-06-10,Community Outreach,Transport,Yekaterinburg,Male,18-24,Participant,Yes,No,No,Basic,No,0,1,0,0,2026,6,Jun
3450,2026-06-10,Public Event,Economic Policy,Yekaterinburg,Male,45-54,Volunteer,No,No,No,Basic,No,0,0,0,0,2026,6,Jun
228,2026-06-11,Campaign Activity,Gender Equality,Kamensk-Uralsky,Male,18-24,Participant,No,Yes,No,Basic,No,0,0,1,0,2026,6,Jun
493,2026-06-11,Educational Event,Transport,Serov,Male,25-34,Participant,Yes,No,No,Basic,No,0,1,0,0,2026,6,Jun
900,2026-06-11,Survey,Transport,Revda,Male,35-44,Speaker,No,Yes,No,Visible,No,0,0,1,0,2026,6,Jun
1674,2026-06-11,Educational Event,Economic Policy,Nizhny Tagil,Female,55+,Participant,No,No,No,Basic,No,0,0,0,0,2026,6,Jun
1838,2026-06-11,Public Event,Local Government,Nizhny Tagil,Female,35-44,Participant,No,No,No,Basic,No,0,0,0,0,2026,6,Jun
2213,2026-06-11,Government Interaction,Economic Policy,Yekaterinburg,Male,45-54,Participant,No,No,No,Basic,No,0,0,0,0,2026,6,Jun
2583,2026-06-11,Educational Event,Youth Policy,Yekaterinburg,Female,45-54,Participant,No,No,No,Basic,No,0,0,0,0,2026,6,Jun
2947,2026-06-11,Meeting,Economic Policy,Yekaterinburg,Female,35-44,Volunteer,No,No,No,Basic,No,0,0,0,0,2026,6,Jun
3137,2026-06-11,Meeting,Healthcare,Yekaterinburg,Male,25-34,Participant,No,No,No,Basic,No,0,0,0,0,2026,6,Jun
1029,2026-06-12,Meeting,Education,Serov,Male,45-54,Participant,No,No,No,Basic,No,0,0,0,0,2026,6,Jun
1076,2026-06-12,Meeting,Economic Policy,Nizhny Tagil,Female,55+,Participant,No,No,No,Basic,No,0,0,0,0,2026,6,Jun
2027,2026-06-12,Survey,Entrepreneurship,Yekaterinburg,Male,45-54,Participant,No,No,No,Basic,No,0,0,0,0,2026,6,Jun
2241,2026-06-12,Campaign Activity,Social Policy,Kamensk-Uralsky,Female,18-24,Coordinator,Yes,Yes,Yes,Leadership,Yes,1,1,1,1,2026,6,Jun
2935,2026-06-12,Campaign Activity,Economic Policy,Serov,Male,45-54,Volunteer,Yes,Yes,No,Basic,No,0,1,1,0,2026,6,Jun
3004,2026-06-12,Meeting,Youth Policy,Asbest,Male,18-24,Coordinator,No,No,Yes,Leadership,Yes,1,0,0,1,2026,6,Jun
3468,2026-06-12,Media Activity,Social Policy,Yekaterinburg,Female,45-54,Coordinator,Yes,Yes,Yes,Leadership,Yes,1,1,1,1,2026,6,Jun
3502,2026-06-12,Public Event,Education,Yekaterinburg,Male,25-34,Participant,No,No,No,Basic,No,0,0,0,0,2026,6,Jun
319,2026-06-13,Government Interaction,Local Government,Kamensk-Uralsky,Female,25-34,Participant,No,No,No,Basic,No,0,0,0,0,2026,6,Jun
959,2026-06-13,Meeting,Youth Policy,Yekaterinburg,Male,45-54,Coordinator,Yes,Yes,Yes,Leadership,Yes,1,1,1,1,2026,6,Jun
1331,2026-06-13,Survey,Transport,Yekaterinburg,Male,45-54,Coordinator,Yes,No,Yes,Leadership,Yes,1,1,0,1,2026,6,Jun
1544,2026-06-13,Media Activity,Healthcare,Kamensk-Uralsky,Female,45-54,Volunteer,No,No,No,Basic,No,0,0,0,0,2026,6,Jun
1800,2026-06-13,Meeting,Social Policy,Serov,Male,35-44,Participant,Yes,No,No,Basic,No,0,1,0,0,2026,6,Jun
2240,2026-06-13,Meeting,Economic Policy,Yekaterinburg,Male,18-24,Volunteer,No,No,No,Basic,No,0,0,0,0,2026,6,Jun
2421,2026-06-13,Media Activity,Social Policy,Nizhny Tagil,Female,45-54,Volunteer,No,No,No,Basic,No,0,0,0,0,2026,6,Jun
2525,2026-06-13,Meeting,Youth Policy,Serov,Male,25-34,Volunteer,No,No,No,Basic,No,0,0,0,0,2026,6,Jun
3406,2026-06-13,Campaign Activity,Transport,Nizhny Tagil,Male,55+,Participant,No,No,No,Basic,No,0,0,0,0,2026,6,Jun
570,2026-06-14,Campaign Activity,Education,Pervouralsk,Male,25-34,Volunteer,No,No,No,Basic,No,0,0,0,0,2026,6,Jun
708,2026-06-14,Campaign Activity,Education,Revda,Male,18-24,Participant,Yes,No,No,Basic,No,0,1,0,0,2026,6,Jun
1855,2026-06-14,Media Activity,Transport,Serov,Male,35-44,Participant,No,No,No,Basic,No,0,0,0,0,2026,6,Jun
1918,2026-06-14,Meeting,Education,Pervouralsk,Male,18-24,Analyst,Yes,No,No,Professional,No,0,1,0,0,2026,6,Jun
1976,2026-06-14,Meeting,Economic Policy,Yekaterinburg,Female,25-34,Participant,No,No,No,Basic,No,0,0,0,0,2026,6,Jun
347,2026-06-15,Public Event,Housing,Yekaterinburg,Male,25-34,Speaker,No,Yes,No,Visible,No,0,0,1,0,2026,6,Jun
1025,2026-06-15,Meeting,Transport,Yekaterinburg,Male,18-24,Organizer,Yes,No,Yes,Leadership,Yes,1,1,0,1,2026,6,Jun
2850,2026-06-15,Survey,Local Government,Yekaterinburg,Female,25-34,Participant,No,No,No,Basic,No,0,0,0,0,2026,6,Jun
1626,2026-06-16,Campaign Activity,Gender Equality,Nizhny Tagil,Male,55+,Participant,No,No,No,Basic,No,0,0,0,0,2026,6,Jun
137,2026-06-17,Public Event,Local Government,Yekaterinburg,Male,25-34,Participant,No,Yes,No,Basic,No,0,0,1,0,2026,6,Jun
1409,2026-06-17,Government Interaction,Youth Policy,Pervouralsk,Male,55+,Speaker,No,Yes,Yes,Visible,No,0,0,1,1,2026,6,Jun
2166,2026-06-17,Campaign Activity,Local Government,Pervouralsk,Female,45-54,Coordinator,No,Yes,Yes,Leadership,Yes,1,0,1,1,2026,6,Jun
2557,2026-06-17,Campaign Activity,Housing,Yekaterinburg,Female,25-34,Participant,Yes,No,No,Basic,No,0,1,0,0,2026,6,Jun
3168,2026-06-17,Community Outreach,Education,Asbest,Female,45-54,Coordinator,Yes,No,Yes,Leadership,Yes,1,1,0,1,2026,6,Jun
3393,2026-06-17,Educational Event,Youth Policy,Kamensk-Uralsky,Male,18-24,Participant,No,No,No,Basic,No,0,0,0,0,2026,6,Jun
79,2026-06-18,Public Event,Local Government,Yekaterinburg,Male,25-34,Participant,No,No,No,Basic,No,0,0,0,0,2026,6,Jun
730,2026-06-18,Media Activity,Education,Revda,Male,25-34,Speaker,Yes,Yes,No,Visible,No,0,1,1,0,2026,6,Jun
1488,2026-06-18,Campaign Activity,Youth Policy,Yekaterinburg,Female,18-24,Volunteer,No,No,No,Basic,No,0,0,0,0,2026,6,Jun
2380,2026-06-18,Government Interaction,Youth Policy,Yekaterinburg,Male,35-44,Volunteer,No,No,No,Basic,No,0,0,0,0,2026,6,Jun
3026,2026-06-18,Educational Event,Transport,Pervouralsk,Female,35-44,Participant,No,No,No,Basic,No,0,0,0,0,2026,6,Jun
3289,2026-06-18,Community Outreach,Local Government,Revda,Female,55+,Participant,No,No,No,Basic,No,0,0,0,0,2026,6,Jun
3556,2026-06-18,Survey,Social Policy,Yekaterinburg,Male,45-54,Speaker,No,Yes,No,Visible,No,0,0,1,0,2026,6,Jun
142,2026-06-19,Meeting,Entrepreneurship,Revda,Male,18-24,Volunteer,No,No,No,Basic,No,0,0,0,0,2026,6,Jun
727,2026-06-19,Meeting,Housing,Yekaterinburg,Female,45-54,Speaker,No,Yes,No,Visible,No,0,0,1,0,2026,6,Jun
1451,2026-06-19,Public Event,Housing,Yekaterinburg,Male,25-34,Organizer,No,Yes,Yes,Leadership,Yes,1,0,1,1,2026,6,Jun
1787,2026-06-19,Meeting,Entrepreneurship,Nizhny Tagil,Female,35-44,Participant,No,No,No,Basic,No,0,0,0,0,2026,6,Jun
2246,2026-06-19,Educational Event,Housing,Yekaterinburg,Female,18-24,Participant,No,No,No,Basic,No,0,0,0,0,2026,6,Jun
2481,2026-06-19,Meeting,Transport,Pervouralsk,Male,25-34,Participant,No,No,No,Basic,No,0,0,0,0,2026,6,Jun
2764,2026-06-19,Meeting,Local Government,Yekaterinburg,Female,45-54,Organizer,No,No,Yes,Leadership,Yes,1,0,0,1,2026,6,Jun
2986,2026-06-19,Public Event,Housing,Yekaterinburg,Female,35-44,Volunteer,No,No,No,Basic,No,0,0,0,0,2026,6,Jun
3271,2026-06-19,Government Interaction,Local Government,Serov,Male,25-34,Participant,No,No,No,Basic,No,0,0,0,0,2026,6,Jun
770,2026-06-20,Campaign Activity,Youth Policy,Yekaterinburg,Male,35-44,Organizer,Yes,No,Yes,Leadership,Yes,1,1,0,1,2026,6,Jun
874,2026-06-20,Meeting,Economic Policy,Yekaterinburg,Female,18-24,Volunteer,No,No,No,Basic,No,0,0,0,0,2026,6,Jun
1506,2026-06-20,Campaign Activity,Entrepreneurship,Nizhny Tagil,Male,25-34,Volunteer,No,No,No,Basic,No,0,0,0,0,2026,6,Jun
1550,2026-06-20,Public Event,Transport,Yekaterinburg,Female,45-54,Participant,No,Yes,No,Basic,No,0,0,1,0,2026,6,Jun
3077,2026-06-20,Campaign Activity,Housing,Yekaterinburg,Female,45-54,Participant,No,No,No,Basic,No,0,0,0,0,2026,6,Jun
3299,2026-06-20,Community Outreach,Healthcare,Yekaterinburg,Male,18-24,Coordinator,Yes,Yes,Yes,Leadership,Yes,1,1,1,1,2026,6,Jun
3562,2026-06-20,Campaign Activity,Youth Policy,Yekaterinburg,Male,25-34,Organizer,No,No,Yes,Leadership,Yes,1,0,0,1,2026,6,Jun
388,2026-06-21,Campaign Activity,Transport,Kamensk-Uralsky,Male,18-24,Participant,No,No,No,Basic,No,0,0,0,0,2026,6,Jun
1146,2026-06-21,Meeting,Housing,Revda,Female,45-54,Organizer,Yes,Yes,Yes,Leadership,Yes,1,1,1,1,2026,6,Jun
1722,2026-06-21,Community Outreach,Gender Equality,Yekaterinburg,Female,35-44,Coordinator,No,Yes,Yes,Leadership,Yes,1,0,1,1,2026,6,Jun
54,2026-06-22,Public Event,Housing,Kamensk-Uralsky,Male,35-44,Participant,No,No,No,Basic,No,0,0,0,0,2026,6,Jun
70,2026-06-22,Community Outreach,Gender Equality,Yekaterinburg,Female,45-54,Participant,No,No,No,Basic,No,0,0,0,0,2026,6,Jun
162,2026-06-22,Campaign Activity,Transport,Serov,Male,35-44,Coordinator,Yes,Yes,Yes,Leadership,Yes,1,1,1,1,2026,6,Jun
576,2026-06-22,Community Outreach,Housing,Yekaterinburg,Male,18-24,Volunteer,No,No,No,Basic,No,0,0,0,0,2026,6,Jun
682,2026-06-22,Campaign Activity,Social Policy,Yekaterinburg,Female,18-24,Volunteer,No,No,No,Basic,No,0,0,0,0,2026,6,Jun
924,2026-06-22,Educational Event,Social Policy,Yekaterinburg,Male,25-34,Participant,No,No,No,Basic,No,0,0,0,0,2026,6,Jun
2237,2026-06-22,Educational Event,Transport,Yekaterinburg,Female,35-44,Participant,No,No,No,Basic,No,0,0,0,0,2026,6,Jun
2739,2026-06-22,Meeting,Healthcare,Yekaterinburg,Male,45-54,Coordinator,Yes,No,Yes,Leadership,Yes,1,1,0,1,2026,6,Jun
3117,2026-06-22,Survey,Healthcare,Yekaterinburg,Female,18-24,Participant,No,No,No,Basic,No,0,0,0,0,2026,6,Jun
63,2026-06-23,Educational Event,Housing,Yekaterinburg,Male,35-44,Organizer,Yes,No,Yes,Leadership,Yes,1,1,0,1,2026,6,Jun
187,2026-06-23,Media Activity,Transport,Nizhny Tagil,Female,35-44,Participant,No,No,No,Basic,No,0,0,0,0,2026,6,Jun
442,2026-06-23,Survey,Healthcare,Revda,Female,25-34,Participant,No,No,No,Basic,No,0,0,0,0,2026,6,Jun
536,2026-06-23,Meeting,Healthcare,Yekaterinburg,Female,55+,Participant,No,No,No,Basic,No,0,0,0,0,2026,6,Jun
598,2026-06-23,Educational Event,Gender Equality,Yekaterinburg,Male,45-54,Participant,No,No,No,Basic,No,0,0,0,0,2026,6,Jun
1661,2026-06-23,Government Interaction,Housing,Yekaterinburg,Female,35-44,Participant,No,Yes,No,Basic,No,0,0,1,0,2026,6,Jun
795,2026-06-24,Campaign Activity,Youth Policy,Yekaterinburg,Female,18-24,Participant,No,No,No,Basic,No,0,0,0,0,2026,6,Jun
1575,2026-06-24,Meeting,Gender Equality,Kamensk-Uralsky,Female,25-34,Organizer,No,Yes,Yes,Leadership,Yes,1,0,1,1,2026,6,Jun
1808,2026-06-24,Meeting,Transport,Yekaterinburg,Female,35-44,Volunteer,No,Yes,No,Basic,No,0,0,1,0,2026,6,Jun
1848,2026-06-24,Campaign Activity,Healthcare,Yekaterinburg,Male,35-44,Speaker,No,Yes,No,Visible,No,0,0,1,0,2026,6,Jun
2181,2026-06-24,Media Activity,Social Policy,Yekaterinburg,Male,35-44,Participant,No,No,No,Basic,No,0,0,0,0,2026,6,Jun
2255,2026-06-24,Meeting,Housing,Yekaterinburg,Male,45-54,Participant,No,No,No,Basic,No,0,0,0,0,2026,6,Jun
2801,2026-06-24,Meeting,Entrepreneurship,Kamensk-Uralsky,Male,25-34,Participant,No,Yes,No,Basic,No,0,0,1,0,2026,6,Jun
605,2026-06-25,Survey,Youth Policy,Yekaterinburg,Male,25-34,Volunteer,Yes,Yes,No,Basic,No,0,1,1,0,2026,6,Jun
1055,2026-06-25,Campaign Activity,Local Government,Kamensk-Uralsky,Female,25-34,Participant,No,No,No,Basic,No,0,0,0,0,2026,6,Jun
3058,2026-06-25,Media Activity,Healthcare,Revda,Female,45-54,Participant,No,No,No,Basic,No,0,0,0,0,2026,6,Jun
3072,2026-06-25,Campaign Activity,Education,Yekaterinburg,Male,18-24,Participant,No,No,No,Basic,No,0,0,0,0,2026,6,Jun
3505,2026-06-25,Public Event,Economic Policy,Yekaterinburg,Male,35-44,Participant,No,No,No,Basic,No,0,0,0,0,2026,6,Jun
3510,2026-06-25,Meeting,Economic Policy,Nizhny Tagil,Female,45-54,Organizer,No,No,Yes,Leadership,Yes,1,0,0,1,2026,6,Jun
144,2026-06-26,Community Outreach,Social Policy,Nizhny Tagil,Male,35-44,Participant,No,No,No,Basic,No,0,0,0,0,2026,6,Jun
1132,2026-06-26,Media Activity,Housing,Yekaterinburg,Male,25-34,Organizer,Yes,Yes,Yes,Leadership,Yes,1,1,1,1,2026,6,Jun
1377,2026-06-26,Campaign Activity,Education,Yekaterinburg,Male,25-34,Participant,No,No,No,Basic,No,0,0,0,0,2026,6,Jun
1553,2026-06-26,Community Outreach,Entrepreneurship,Revda,Female,45-54,Volunteer,No,No,No,Basic,No,0,0,0,0,2026,6,Jun
1415,2026-06-27,Meeting,Social Policy,Yekaterinburg,Female,45-54,Participant,No,No,No,Basic,No,0,0,0,0,2026,6,Jun
1452,2026-06-27,Campaign Activity,Healthcare,Serov,Male,45-54,Participant,No,No,No,Basic,No,0,0,0,0,2026,6,Jun
2106,2026-06-27,Campaign Activity,Transport,Yekaterinburg,Male,18-24,Volunteer,No,Yes,Yes,Basic,No,0,0,1,1,2026,6,Jun
2186,2026-06-27,Survey,Economic Policy,Yekaterinburg,Female,25-34,Coordinator,No,No,Yes,Leadership,Yes,1,0,0,1,2026,6,Jun
2563,2026-06-27,Campaign Activity,Entrepreneurship,Yekaterinburg,Male,35-44,Volunteer,No,No,No,Basic,No,0,0,0,0,2026,6,Jun
3428,2026-06-27,Public Event,Economic Policy,Serov,Male,55+,Organizer,Yes,Yes,Yes,Leadership,Yes,1,1,1,1,2026,6,Jun
333,2026-06-28,Community Outreach,Social Policy,Yekaterinburg,Male,25-34,Participant,No,No,No,Basic,No,0,0,0,0,2026,6,Jun
899,2026-06-28,Educational Event,Social Policy,Nizhny Tagil,Female,18-24,Analyst,No,No,No,Professional,No,0,0,0,0,2026,6,Jun
1023,2026-06-28,Community Outreach,Local Government,Yekaterinburg,Male,45-54,Speaker,Yes,Yes,No,Visible,No,0,1,1,0,2026,6,Jun
1061,2026-06-28,Government Interaction,Transport,Serov,Male,35-44,Volunteer,No,No,No,Basic,No,0,0,0,0,2026,6,Jun
1692,2026-06-28,Campaign Activity,Education,Yekaterinburg,Male,25-34,Analyst,No,No,Yes,Professional,No,0,0,0,1,2026,6,Jun
1742,2026-06-28,Meeting,Economic Policy,Kamensk-Uralsky,Female,25-34,Coordinator,Yes,Yes,Yes,Leadership,Yes,1,1,1,1,2026,6,Jun
1910,2026-06-28,Community Outreach,Gender Equality,Revda,Male,55+,Participant,No,Yes,No,Basic,No,0,0,1,0,2026,6,Jun
3215,2026-06-28,Community Outreach,Housing,Yekaterinburg,Female,18-24,Volunteer,Yes,No,No,Basic,No,0,1,0,0,2026,6,Jun
3531,2026-06-28,Campaign Activity,Healthcare,Yekaterinburg,Female,18-24,Analyst,No,No,Yes,Professional,No,0,0,0,1,2026,6,Jun
131,2026-06-29,Media Activity,Healthcare,Yekaterinburg,Female,55+,Volunteer,No,No,No,Basic,No,0,0,0,0,2026,6,Jun
232,2026-06-29,Community Outreach,Healthcare,Kamensk-Uralsky,Female,25-34,Participant,No,No,No,Basic,No,0,0,0,0,2026,6,Jun
1142,2026-06-29,Public Event,Housing,Kamensk-Uralsky,Male,35-44,Analyst,No,No,No,Professional,No,0,0,0,0,2026,6,Jun
1244,2026-06-29,Campaign Activity,Youth Policy,Yekaterinburg,Female,35-44,Coordinator,Yes,Yes,Yes,Leadership,Yes,1,1,1,1,2026,6,Jun
1396,2026-06-29,Public Event,Housing,Yekaterinburg,Female,25-34,Speaker,No,Yes,No,Visible,No,0,0,1,0,2026,6,Jun
1985,2026-06-29,Government Interaction,Housing,Nizhny Tagil,Male,45-54,Speaker,Yes,Yes,No,Visible,No,0,1,1,0,2026,6,Jun
2469,2026-06-29,Public Event,Entrepreneurship,Kamensk-Uralsky,Male,18-24,Analyst,Yes,No,Yes,Professional,No,0,1,0,1,2026,6,Jun
2521,2026-06-29,Meeting,Housing,Yekaterinburg,Female,25-34,Organizer,Yes,Yes,Yes,Leadership,Yes,1,1,1,1,2026,6,Jun
2772,2026-06-29,Meeting,Local Government,Yekaterinburg,Male,18-24,Participant,No,No,No,Basic,No,0,0,0,0,2026,6,Jun
298,2026-06-30,Campaign Activity,Education,Revda,Male,35-44,Participant,No,No,No,Basic,No,0,0,0,0,2026,6,Jun
362,2026-06-30,Meeting,Local Government,Yekaterinburg,Female,35-44,Volunteer,No,No,No,Basic,No,0,0,0,0,2026,6,Jun
477,2026-06-30,Community Outreach,Housing,Yekaterinburg,Female,25-34,Analyst,No,No,No,Professional,No,0,0,0,0,2026,6,Jun
539,2026-06-30,Government Interaction,Education,Nizhny Tagil,Female,25-34,Volunteer,No,No,No,Basic,No,0,0,0,0,2026,6,Jun
776,2026-06-30,Meeting,Social Policy,Yekaterinburg,Male,45-54,Participant,No,No,No,Basic,No,0,0,0,0,2026,6,Jun
829,2026-06-30,Public Event,Education,Yekaterinburg,Male,18-24,Coordinator,Yes,Yes,Yes,Leadership,Yes,1,1,1,1,2026,6,Jun
1077,2026-06-30,Meeting,Education,Yekaterinburg,Male,25-34,Volunteer,No,No,No,Basic,No,0,0,0,0,2026,6,Jun
1683,2026-06-30,Media Activity,Housing,Kamensk-Uralsky,Male,35-44,Volunteer,No,No,No,Basic,No,0,0,0,0,2026,6,Jun
1879,2026-06-30,Community Outreach,Local Government,Yekaterinburg,Male,18-24,Participant,No,No,No,Basic,No,0,0,0,0,2026,6,Jun
2312,2026-06-30,Meeting,Transport,Pervouralsk,Female,25-34,Participant,No,No,No,Basic,No,0,0,0,0,2026,6,Jun
2870,2026-06-30,Educational Event,Healthcare,Yekaterinburg,Female,25-34,Analyst,No,No,No,Professional,No,0,0,0,0,2026,6,Jun
3212,2026-06-30,Public Event,Youth Policy,Yekaterinburg,Male,35-44,Participant,No,No,No,Basic,No,0,0,0,0,2026,6,Jun
