participant_id,activity_date,activity_type,topic,municipality,gender,age_group,role,decision_making_role,event_speaker,coordination_role,responsibility_level,leadership_role
20,2025-01-01,Media Activity,Gender Equality,Kamensk-Uralsky,Male,55+,Volunteer,No,No,No,Basic,No
28,2025-01-01,Government Interaction,Gender Equality,Kamensk-Uralsky,Female,25-34,Participant,No,No,No,Basic,No
1313,2025-01-01,Campaign Activity,Local Government,Yekaterinburg,Male,45-54,Coordinator,Yes,Yes,Yes,Leadership,Yes
1438,2025-01-01,Meeting,Social Policy,Revda,Male,25-34,Speaker,No,Yes,No,Visible,No
1761,2025-01-01,Community Outreach,Gender Equality,Yekaterinburg,Female,18-24,Coordinator,Yes,Yes,Yes,Leadership,Yes
2290,2025-01-01,Meeting,Entrepreneurship,Yekaterinburg,Female,25-34,Participant,No,No,No,Basic,No
2300,2025-01-01,Meeting,Housing,Pervouralsk,Male,35-44,Participant,No,No,No,Basic,No
3335,2025-01-01,Community Outreach,Entrepreneurship,Yekaterinburg,Female,25-34,Organizer,No,Yes,Yes,Leadership,Yes
3431,2025-01-01,Meeting,Social Policy,Yekaterinburg,Male,55+,Coordinator,No,Yes,Yes,Leadership,Yes
1166,2025-01-02,Public Event,Youth Policy,Revda,Male,35-44,Volunteer,No,No,No,Basic,No
1549,2025-01-02,Educational Event,Education,Yekaterinburg,Female,35-44,Volunteer,Yes,No,No,Basic,No
1816,2025-01-02,Campaign Activity,Entrepreneurship,Yekaterinburg,Male,35-44,Participant,No,Yes,No,Basic,No
1911,2025-01-02,Meeting,Local Government,Nizhny Tagil,Female,55+,Participant,No,No,No,Basic,No
2134,2025-01-02,Educational Event,Social Policy,Asbest,Male,35-44,Participant,No,No,No,Basic,No
2663,2025-01-02,Meeting,Economic Policy,Yekaterinburg,Female,25-34,Participant,No,No,No,Basic,No
2718,2025-01-02,Government Interaction,Education,Nizhny Tagil,Male,18-24,Coordinator,Yes,Yes,Yes,Leadership,Yes
3368,2025-01-02,Meeting,Housing,Yekaterinburg,Male,25-34,Participant,No,No,No,Basic,No
3582,2025-01-02,Campaign Activity,Entrepreneurship,Yekaterinburg,Male,35-44,Organizer,No,Yes,Yes,Leadership,Yes
1915,2025-01-03,Meeting,Gender Equality,Revda,Female,35-44,Participant,No,No,No,Basic,No
2229,2025-01-03,Community Outreach,Social Policy,Nizhny Tagil,Female,25-34,Participant,No,No,No,Basic,No
2394,2025-01-03,Educational Event,Youth Policy,Yekaterinburg,Female,25-34,Volunteer,No,No,No,Basic,No
2615,2025-01-03,Public Event,Gender Equality,Serov,Female,25-34,Participant,No,No,No,Basic,No
2767,2025-01-03,Campaign Activity,Local Government,Pervouralsk,Female,45-54,Coordinator,Yes,No,Yes,Leadership,Yes
3439,2025-01-03,Educational Event,Social Policy,Yekaterinburg,Female,25-34,Participant,No,Yes,No,Basic,No
850,2025-01-04,Meeting,Economic Policy,Yekaterinburg,Male,18-24,Participant,No,No,No,Basic,No
1175,2025-01-04,Meeting,Social Policy,Yekaterinburg,Male,45-54,Organizer,Yes,Yes,Yes,Leadership,Yes
1250,2025-01-04,Survey,Social Policy,Revda,Male,25-34,Participant,No,No,No,Basic,No
2105,2025-01-04,Community Outreach,Entrepreneurship,Serov,Male,25-34,Coordinator,Yes,Yes,Yes,Leadership,Yes
2168,2025-01-04,Community Outreach,Youth Policy,Serov,Female,25-34,Participant,No,Yes,No,Basic,No
2426,2025-01-04,Educational Event,Gender Equality,Nizhny Tagil,Male,35-44,Speaker,No,Yes,No,Visible,No
2763,2025-01-04,Community Outreach,Healthcare,Yekaterinburg,Female,35-44,Participant,No,No,No,Basic,No
2982,2025-01-04,Community Outreach,Youth Policy,Yekaterinburg,Female,25-34,Speaker,No,Yes,No,Visible,No
3059,2025-01-04,Survey,Social Policy,Yekaterinburg,Female,35-44,Speaker,No,Yes,No,Visible,No
3233,2025-01-04,Public Event,Youth Policy,Yekaterinburg,Male,55+,Participant,No,No,No,Basic,No
3379,2025-01-04,Survey,Youth Policy,Kamensk-Uralsky,Female,18-24,Participant,No,No,No,Basic,No
3412,2025-01-04,Media Activity,Education,Kamensk-Uralsky,Female,25-34,Coordinator,Yes,No,Yes,Leadership,Yes
1923,2025-01-05,Campaign Activity,Youth Policy,Nizhny Tagil,Male,25-34,Organizer,No,Yes,Yes,Leadership,Yes
2636,2025-01-05,Meeting,Healthcare,Yekaterinburg,Female,55+,Speaker,No,Yes,No,Visible,No
3326,2025-01-05,Meeting,Entrepreneurship,Yekaterinburg,Male,45-54,Coordinator,No,No,Yes,Leadership,Yes
288,2025-01-06,Educational Event,Housing,Yekaterinburg,Female,25-34,Coordinator,Yes,Yes,Yes,Leadership,Yes
415,2025-01-06,Community Outreach,Transport,Serov,Female,25-34,Participant,No,No,No,Basic,No
1404,2025-01-06,Meeting,Gender Equality,Pervouralsk,Female,25-34,Volunteer,No,No,No,Basic,No
2080,2025-01-06,Campaign Activity,Local Government,Nizhny Tagil,Female,35-44,Participant,No,No,No,Basic,No
2142,2025-01-06,Community Outreach,Economic Policy,Yekaterinburg,Female,25-34,Participant,No,No,No,Basic,No
2190,2025-01-06,Campaign Activity,Gender Equality,Yekaterinburg,Male,35-44,Volunteer,Yes,No,No,Basic,No
2221,2025-01-06,Government Interaction,Entrepreneurship,Yekaterinburg,Female,18-24,Participant,No,No,No,Basic,No
2756,2025-01-06,Community Outreach,Education,Nizhny Tagil,Male,25-34,Participant,Yes,No,No,Basic,No
3257,2025-01-06,Public Event,Youth Policy,Nizhny Tagil,Female,45-54,Participant,No,No,No,Basic,No
3486,2025-01-06,Survey,Housing,Pervouralsk,Male,35-44,Speaker,Yes,Yes,No,Visible,No
969,2025-01-07,Community Outreach,Transport,Yekaterinburg,Male,25-34,Volunteer,No,No,No,Basic,No
1167,2025-01-07,Government Interaction,Social Policy,Revda,Male,35-44,Organizer,Yes,Yes,Yes,Leadership,Yes
1375,2025-01-07,Community Outreach,Local Government,Nizhny Tagil,Male,18-24,Volunteer,Yes,No,Yes,Basic,No
1538,2025-01-07,Meeting,Housing,Kamensk-Uralsky,Male,55+,Participant,No,No,No,Basic,No
1653,2025-01-07,Public Event,Transport,Kamensk-Uralsky,Female,35-44,Volunteer,Yes,No,No,Basic,No
1871,2025-01-07,Community Outreach,Housing,Yekaterinburg,Female,25-34,Participant,No,No,No,Basic,No
1999,2025-01-07,Community Outreach,Social Policy,Yekaterinburg,Male,35-44,Coordinator,Yes,Yes,Yes,Leadership,Yes
2897,2025-01-07,Campaign Activity,Economic Policy,Yekaterinburg,Male,35-44,Volunteer,No,No,No,Basic,No
88,2025-01-08,Media Activity,Entrepreneurship,Kamensk-Uralsky,Female,25-34,Organizer,Yes,No,Yes,Leadership,Yes
373,2025-01-08,Community Outreach,Economic Policy,Nizhny Tagil,Female,45-54,Analyst,No,No,No,Professional,No
720,2025-01-08,Campaign Activity,Entrepreneurship,Yekaterinburg,Male,18-24,Participant,No,No,No,Basic,No
723,2025-01-08,Community Outreach,Housing,Yekaterinburg,Female,45-54,Coordinator,No,No,Yes,Leadership,Yes
766,2025-01-08,Meeting,Healthcare,Yekaterinburg,Female,25-34,Volunteer,No,No,No,Basic,No
1256,2025-01-08,Media Activity,Healthcare,Yekaterinburg,Male,35-44,Participant,Yes,No,No,Basic,No
1652,2025-01-08,Meeting,Economic Policy,Yekaterinburg,Female,25-34,Participant,No,No,No,Basic,No
359,2025-01-09,Meeting,Economic Policy,Pervouralsk,Male,55+,Participant,No,No,No,Basic,No
862,2025-01-09,Campaign Activity,Youth Policy,Yekaterinburg,Male,25-34,Participant,Yes,No,No,Basic,No
1361,2025-01-09,Meeting,Healthcare,Kamensk-Uralsky,Male,55+,Organizer,No,Yes,Yes,Leadership,Yes
1519,2025-01-09,Meeting,Local Government,Pervouralsk,Female,35-44,Analyst,No,No,No,Professional,No
2169,2025-01-09,Campaign Activity,Youth Policy,Nizhny Tagil,Female,25-34,Volunteer,No,No,No,Basic,No
2335,2025-01-09,Public Event,Local Government,Yekaterinburg,Female,45-54,Participant,No,No,No,Basic,No
2359,2025-01-09,Government Interaction,Local Government,Yekaterinburg,Male,45-54,Participant,No,No,No,Basic,No
339,2025-01-10,Community Outreach,Social Policy,Yekaterinburg,Female,45-54,Coordinator,Yes,Yes,Yes,Leadership,Yes
1359,2025-01-10,Campaign Activity,Youth Policy,Nizhny Tagil,Male,45-54,Coordinator,Yes,Yes,Yes,Leadership,Yes
1700,2025-01-10,Meeting,Gender Equality,Serov,Male,35-44,Speaker,No,Yes,No,Visible,No
1738,2025-01-10,Government Interaction,Healthcare,Yekaterinburg,Female,45-54,Analyst,No,No,No,Professional,No
2504,2025-01-10,Educational Event,Housing,Pervouralsk,Male,18-24,Analyst,No,No,No,Professional,No
2751,2025-01-10,Survey,Education,Serov,Female,18-24,Volunteer,No,No,No,Basic,No
3008,2025-01-10,Public Event,Local Government,Revda,Female,35-44,Analyst,No,No,No,Professional,No
302,2025-01-11,Educational Event,Housing,Yekaterinburg,Female,35-44,Participant,No,No,No,Basic,No
557,2025-01-11,Educational Event,Local Government,Yekaterinburg,Female,25-34,Volunteer,Yes,No,No,Basic,No
866,2025-01-11,Meeting,Entrepreneurship,Yekaterinburg,Male,18-24,Participant,No,No,No,Basic,No
1592,2025-01-11,Government Interaction,Local Government,Kamensk-Uralsky,Female,45-54,Analyst,No,No,No,Professional,No
1746,2025-01-11,Meeting,Education,Yekaterinburg,Male,25-34,Speaker,Yes,Yes,No,Visible,No
2193,2025-01-11,Meeting,Entrepreneurship,Pervouralsk,Male,45-54,Speaker,Yes,Yes,No,Visible,No
2242,2025-01-11,Campaign Activity,Housing,Yekaterinburg,Female,25-34,Participant,No,No,No,Basic,No
2984,2025-01-11,Meeting,Local Government,Yekaterinburg,Male,18-24,Volunteer,No,Yes,Yes,Basic,No
3274,2025-01-11,Campaign Activity,Gender Equality,Yekaterinburg,Male,35-44,Participant,No,No,No,Basic,No
3303,2025-01-11,Government Interaction,Healthcare,Serov,Female,45-54,Volunteer,No,No,No,Basic,No
460,2025-01-12,Survey,Social Policy,Asbest,Male,35-44,Volunteer,No,Yes,No,Basic,No
823,2025-01-12,Community Outreach,Housing,Yekaterinburg,Female,55+,Coordinator,No,Yes,Yes,Leadership,Yes
1632,2025-01-12,Media Activity,Education,Yekaterinburg,Male,25-34,Analyst,No,No,No,Professional,No
2336,2025-01-12,Community Outreach,Transport,Yekaterinburg,Male,18-24,Speaker,No,Yes,Yes,Visible,No
2456,2025-01-12,Meeting,Education,Yekaterinburg,Male,45-54,Coordinator,Yes,No,Yes,Leadership,Yes
389,2025-01-13,Media Activity,Entrepreneurship,Yekaterinburg,Female,35-44,Coordinator,Yes,No,Yes,Leadership,Yes
860,2025-01-13,Educational Event,Entrepreneurship,Yekaterinburg,Male,25-34,Organizer,Yes,Yes,Yes,Leadership,Yes
2055,2025-01-13,Public Event,Healthcare,Yekaterinburg,Female,18-24,Coordinator,Yes,Yes,Yes,Leadership,Yes
2448,2025-01-13,Meeting,Social Policy,Yekaterinburg,Female,25-34,Participant,No,No,No,Basic,No
3001,2025-01-13,Meeting,Economic Policy,Yekaterinburg,Male,25-34,Participant,No,No,No,Basic,No
1318,2025-01-14,Government Interaction,Entrepreneurship,Yekaterinburg,Female,35-44,Participant,No,No,No,Basic,No
3467,2025-01-14,Government Interaction,Youth Policy,Yekaterinburg,Male,18-24,Coordinator,Yes,No,Yes,Leadership,Yes
473,2025-01-15,Campaign Activity,Social Policy,Yekaterinburg,Female,35-44,Coordinator,No,Yes,Yes,Leadership,Yes
818,2025-01-15,Meeting,Local Government,Yekaterinburg,Male,25-34,Participant,No,Yes,No,Basic,No
1617,2025-01-15,Campaign Activity,Economic Policy,Yekaterinburg,Female,45-54,Organizer,Yes,No,Yes,Leadership,Yes
2200,2025-01-15,Campaign Activity,Local Government,Yekaterinburg,Male,35-44,Coordinator,No,No,Yes,Leadership,Yes
2270,2025-01-15,Meeting,Education,Yekaterinburg,Male,25-34,Participant,No,No,No,Basic,No
2572,2025-01-15,Campaign Activity,Entrepreneurship,Asbest,Male,35-44,Participant,No,No,No,Basic,No
3574,2025-01-15,Community Outreach,Education,Yekaterinburg,Female,18-24,Participant,No,No,No,Basic,No
497,2025-01-16,Community Outreach,Youth Policy,Yekaterinburg,Female,18-24,Participant,No,No,No,Basic,No
1176,2025-01-16,Meeting,Entrepreneurship,Nizhny Tagil,Male,25-34,Participant,Yes,No,No,Basic,No
1233,2025-01-16,Government Interaction,Housing,Yekaterinburg,Female,25-34,Volunteer,No,No,No,Basic,No
2160,2025-01-16,Meeting,Local Government,Yekaterinburg,Female,25-34,Organizer,No,Yes,Yes,Leadership,Yes
2388,2025-01-16,Campaign Activity,Transport,Nizhny Tagil,Female,25-34,Participant,No,Yes,No,Basic,No
2431,2025-01-16,Campaign Activity,Education,Yekaterinburg,Male,45-54,Participant,No,No,No,Basic,No
772,2025-01-17,Meeting,Local Government,Nizhny Tagil,Male,25-34,Volunteer,No,No,No,Basic,No
1587,2025-01-17,Meeting,Local Government,Pervouralsk,Female,25-34,Participant,No,No,No,Basic,No
1960,2025-01-17,Meeting,Local Government,Asbest,Male,25-34,Organizer,Yes,Yes,Yes,Leadership,Yes
2409,2025-01-17,Survey,Gender Equality,Yekaterinburg,Female,25-34,Volunteer,No,No,No,Basic,No
1655,2025-01-18,Survey,Entrepreneurship,Yekaterinburg,Male,45-54,Volunteer,Yes,No,No,Basic,No
2371,2025-01-18,Campaign Activity,Local Government,Yekaterinburg,Female,35-44,Volunteer,No,No,No,Basic,No
2823,2025-01-18,Government Interaction,Healthcare,Kamensk-Uralsky,Female,35-44,Speaker,No,Yes,No,Visible,No
3065,2025-01-18,Public Event,Youth Policy,Yekaterinburg,Female,25-34,Participant,No,No,No,Basic,No
3120,2025-01-18,Campaign Activity,Healthcare,Yekaterinburg,Female,35-44,Coordinator,No,Yes,Yes,Leadership,Yes
1469,2025-01-19,Public Event,Education,Yekaterinburg,Male,35-44,Coordinator,Yes,No,Yes,Leadership,Yes
1805,2025-01-19,Community Outreach,Economic Policy,Yekaterinburg,Male,55+,Participant,No,No,No,Basic,No
99,2025-01-20,Meeting,Social Policy,Yekaterinburg,Female,45-54,Coordinator,Yes,Yes,Yes,Leadership,Yes
109,2025-01-20,Campaign Activity,Gender Equality,Kamensk-Uralsky,Female,25-34,Volunteer,No,No,No,Basic,No
1644,2025-01-20,Public Event,Education,Asbest,Female,25-34,Participant,No,No,No,Basic,No
2205,2025-01-20,Community Outreach,Social Policy,Yekaterinburg,Female,35-44,Volunteer,No,No,No,Basic,No
2405,2025-01-20,Meeting,Gender Equality,Pervouralsk,Male,25-34,Participant,No,Yes,No,Basic,No
2555,2025-01-20,Campaign Activity,Economic Policy,Nizhny Tagil,Female,35-44,Participant,No,No,No,Basic,No
2822,2025-01-20,Community Outreach,Healthcare,Yekaterinburg,Male,25-34,Participant,No,No,No,Basic,No
332,2025-01-21,Community Outreach,Housing,Yekaterinburg,Female,35-44,Coordinator,Yes,Yes,Yes,Leadership,Yes
660,2025-01-21,Public Event,Healthcare,Yekaterinburg,Female,45-54,Volunteer,No,No,No,Basic,No
1128,2025-01-21,Public Event,Education,Revda,Male,35-44,Participant,No,No,No,Basic,No
1185,2025-01-21,Media Activity,Entrepreneurship,Yekaterinburg,Female,45-54,Organizer,No,No,Yes,Leadership,Yes
1364,2025-01-21,Public Event,Housing,Nizhny Tagil,Female,25-34,Participant,No,No,No,Basic,No
2887,2025-01-21,Public Event,Healthcare,Asbest,Female,18-24,Participant,No,No,No,Basic,No
292,2025-01-22,Government Interaction,Youth Policy,Serov,Female,45-54,Participant,No,No,No,Basic,No
383,2025-01-22,Community Outreach,Education,Yekaterinburg,Male,35-44,Participant,No,No,No,Basic,No
760,2025-01-22,Survey,Local Government,Yekaterinburg,Female,18-24,Participant,No,No,No,Basic,No
1160,2025-01-22,Media Activity,Transport,Nizhny Tagil,Male,25-34,Volunteer,No,No,No,Basic,No
1688,2025-01-22,Community Outreach,Economic Policy,Serov,Male,18-24,Participant,No,No,No,Basic,No
3044,2025-01-22,Campaign Activity,Economic Policy,Yekaterinburg,Female,18-24,Participant,No,No,No,Basic,No
3119,2025-01-22,Community Outreach,Education,Yekaterinburg,Female,25-34,Participant,No,No,No,Basic,No
811,2025-01-23,Campaign Activity,Housing,Yekaterinburg,Female,45-54,Speaker,No,Yes,No,Visible,No
913,2025-01-23,Educational Event,Education,Serov,Male,45-54,Analyst,Yes,Yes,No,Professional,No
1497,2025-01-23,Government Interaction,Entrepreneurship,Yekaterinburg,Male,45-54,Participant,No,No,No,Basic,No
1554,2025-01-23,Public Event,Entrepreneurship,Yekaterinburg,Female,18-24,Participant,No,No,No,Basic,No
2324,2025-01-23,Public Event,Social Policy,Serov,Female,25-34,Participant,Yes,No,No,Basic,No
3198,2025-01-23,Meeting,Healthcare,Yekaterinburg,Female,35-44,Coordinator,No,Yes,Yes,Leadership,Yes
128,2025-01-24,Public Event,Housing,Pervouralsk,Female,35-44,Participant,No,No,No,Basic,No
178,2025-01-24,Meeting,Youth Policy,Yekaterinburg,Male,18-24,Volunteer,No,No,No,Basic,No
957,2025-01-24,Survey,Education,Nizhny Tagil,Male,35-44,Participant,No,No,No,Basic,No
1301,2025-01-24,Community Outreach,Education,Yekaterinburg,Female,25-34,Speaker,Yes,Yes,No,Visible,No
1836,2025-01-24,Meeting,Local Government,Yekaterinburg,Female,45-54,Speaker,No,Yes,No,Visible,No
1895,2025-01-24,Educational Event,Social Policy,Nizhny Tagil,Female,25-34,Speaker,No,Yes,No,Visible,No
2099,2025-01-24,Educational Event,Housing,Yekaterinburg,Female,25-34,Participant,No,No,No,Basic,No
2917,2025-01-24,Survey,Housing,Kamensk-Uralsky,Female,35-44,Coordinator,Yes,No,Yes,Leadership,Yes
411,2025-01-25,Public Event,Entrepreneurship,Yekaterinburg,Male,25-34,Organizer,Yes,Yes,Yes,Leadership,Yes
735,2025-01-25,Educational Event,Gender Equality,Yekaterinburg,Female,25-34,Organizer,Yes,No,Yes,Leadership,Yes
841,2025-01-25,Meeting,Youth Policy,Pervouralsk,Female,45-54,Speaker,No,Yes,No,Visible,No
1646,2025-01-25,Government Interaction,Social Policy,Yekaterinburg,Female,35-44,Volunteer,No,No,No,Basic,No
2035,2025-01-25,Meeting,Healthcare,Serov,Female,18-24,Speaker,No,Yes,No,Visible,No
2332,2025-01-25,Public Event,Social Policy,Revda,Female,25-34,Participant,No,No,No,Basic,No
145,2025-01-26,Meeting,Local Government,Yekaterinburg,Male,45-54,Coordinator,Yes,No,Yes,Leadership,Yes
584,2025-01-26,Community Outreach,Social Policy,Kamensk-Uralsky,Female,25-34,Analyst,Yes,Yes,Yes,Professional,No
1627,2025-01-26,Meeting,Healthcare,Yekaterinburg,Female,18-24,Speaker,No,Yes,No,Visible,No
1664,2025-01-26,Educational Event,Local Government,Kamensk-Uralsky,Female,18-24,Participant,No,No,No,Basic,No
2001,2025-01-26,Community Outreach,Local Government,Kamensk-Uralsky,Male,35-44,Coordinator,Yes,Yes,Yes,Leadership,Yes
2372,2025-01-26,Meeting,Local Government,Yekaterinburg,Female,35-44,Participant,No,No,No,Basic,No
2438,2025-01-26,Public Event,Local Government,Yekaterinburg,Male,18-24,Coordinator,Yes,No,Yes,Leadership,Yes
3184,2025-01-26,Meeting,Entrepreneurship,Pervouralsk,Female,25-34,Participant,No,No,No,Basic,No
671,2025-01-27,Media Activity,Transport,Yekaterinburg,Female,25-34,Analyst,No,No,Yes,Professional,No
863,2025-01-27,Campaign Activity,Youth Policy,Yekaterinburg,Male,35-44,Analyst,No,No,No,Professional,No
1216,2025-01-27,Meeting,Local Government,Yekaterinburg,Male,55+,Organizer,Yes,No,Yes,Leadership,Yes
1227,2025-01-27,Meeting,Gender Equality,Nizhny Tagil,Female,25-34,Participant,No,No,No,Basic,No
2605,2025-01-27,Meeting,Transport,Yekaterinburg,Female,25-34,Participant,No,No,No,Basic,No
3035,2025-01-27,Survey,Youth Policy,Yekaterinburg,Male,45-54,Speaker,Yes,Yes,No,Visible,No
160,2025-01-28,Meeting,Transport,Yekaterinburg,Male,25-34,Participant,No,No,No,Basic,No
251,2025-01-28,Campaign Activity,Youth Policy,Yekaterinburg,Male,35-44,Participant,Yes,No,No,Basic,No
358,2025-01-28,Media Activity,Economic Policy,Pervouralsk,Male,25-34,Participant,No,No,No,Basic,No
385,2025-01-28,Campaign Activity,Healthcare,Yekaterinburg,Female,25-34,Volunteer,Yes,No,No,Basic,No
999,2025-01-28,Campaign Activity,Education,Yekaterinburg,Male,25-34,Speaker,No,Yes,No,Visible,No
1759,2025-01-28,Campaign Activity,Gender Equality,Revda,Male,18-24,Coordinator,Yes,Yes,Yes,Leadership,Yes
1884,2025-01-28,Campaign Activity,Education,Serov,Male,25-34,Volunteer,No,No,No,Basic,No
2729,2025-01-28,Campaign Activity,Youth Policy,Nizhny Tagil,Female,35-44,Analyst,No,No,No,Professional,No
2794,2025-01-28,Meeting,Gender Equality,Yekaterinburg,Male,35-44,Coordinator,Yes,Yes,Yes,Leadership,Yes
3540,2025-01-28,Meeting,Youth Policy,Pervouralsk,Female,55+,Participant,No,No,No,Basic,No
307,2025-01-29,Educational Event,Gender Equality,Serov,Female,45-54,Volunteer,No,No,No,Basic,No
754,2025-01-29,Meeting,Social Policy,Yekaterinburg,Male,35-44,Participant,No,No,No,Basic,No
3123,2025-01-29,Campaign Activity,Housing,Yekaterinburg,Female,45-54,Volunteer,No,No,No,Basic,No
3283,2025-01-29,Campaign Activity,Local Government,Revda,Female,25-34,Analyst,Yes,No,No,Professional,No
3495,2025-01-29,Government Interaction,Social Policy,Pervouralsk,Female,55+,Participant,No,No,No,Basic,No
740,2025-01-30,Educational Event,Social Policy,Pervouralsk,Female,18-24,Participant,No,No,No,Basic,No
1306,2025-01-30,Community Outreach,Youth Policy,Pervouralsk,Male,55+,Participant,No,No,No,Basic,No
1557,2025-01-30,Campaign Activity,Economic Policy,Yekaterinburg,Male,35-44,Participant,No,No,No,Basic,No
1927,2025-01-30,Public Event,Local Government,Yekaterinburg,Female,55+,Volunteer,No,No,No,Basic,No
1965,2025-01-30,Media Activity,Entrepreneurship,Yekaterinburg,Male,35-44,Participant,No,No,No,Basic,No
2482,2025-01-30,Meeting,Transport,Pervouralsk,Female,35-44,Participant,No,No,No,Basic,No
2833,2025-01-30,Meeting,Transport,Pervouralsk,Female,55+,Participant,No,No,No,Basic,No
2879,2025-01-30,Public Event,Healthcare,Yekaterinburg,Male,18-24,Coordinator,Yes,No,Yes,Leadership,Yes
2902,2025-01-30,Campaign Activity,Local Government,Yekaterinburg,Male,55+,Volunteer,No,No,No,Basic,No
3587,2025-01-30,Public Event,Transport,Yekaterinburg,Female,35-44,Participant,No,No,No,Basic,No
1307,2025-01-31,Educational Event,Social Policy,Yekaterinburg,Male,25-34,Participant,No,No,No,Basic,No
1433,2025-01-31,Meeting,Transport,Yekaterinburg,Female,25-34,Volunteer,No,No,No,Basic,No
2433,2025-01-31,Meeting,Gender Equality,Nizhny Tagil,Male,18-24,Speaker,No,Yes,No,Visible,No
2813,2025-01-31,Campaign Activity,Social Policy,Revda,Male,45-54,Participant,No,No,No,Basic,No
3337,2025-01-31,Educational Event,Economic Policy,Yekaterinburg,Male,45-54,Volunteer,No,No,No,Basic,No
367,2025-02-01,Community Outreach,Education,Nizhny Tagil,Male,35-44,Analyst,No,No,No,Professional,No
1338,2025-02-01,Government Interaction,Youth Policy,Revda,Male,25-34,Analyst,No,No,Yes,Professional,No
1352,2025-02-01,Survey,Healthcare,Yekaterinburg,Male,45-54,Participant,No,No,No,Basic,No
1513,2025-02-01,Survey,Local Government,Yekaterinburg,Male,25-34,Participant,No,No,No,Basic,No
1622,2025-02-01,Community Outreach,Social Policy,Yekaterinburg,Male,25-34,Coordinator,Yes,Yes,Yes,Leadership,Yes
1928,2025-02-01,Meeting,Education,Revda,Male,45-54,Volunteer,No,No,No,Basic,No
2162,2025-02-01,Media Activity,Economic Policy,Nizhny Tagil,Female,35-44,Participant,No,No,No,Basic,No
2839,2025-02-01,Educational Event,Entrepreneurship,Pervouralsk,Female,55+,Organizer,Yes,Yes,Yes,Leadership,Yes
2920,2025-02-01,Public Event,Economic Policy,Yekaterinburg,Male,45-54,Participant,No,No,No,Basic,No
3091,2025-02-01,Campaign Activity,Transport,Yekaterinburg,Male,18-24,Organizer,Yes,Yes,Yes,Leadership,Yes
528,2025-02-02,Community Outreach,Social Policy,Yekaterinburg,Male,35-44,Participant,No,No,No,Basic,No
1356,2025-02-02,Public Event,Transport,Nizhny Tagil,Female,35-44,Participant,No,No,No,Basic,No
1568,2025-02-02,Survey,Social Policy,Kamensk-Uralsky,Female,45-54,Participant,No,No,No,Basic,No
1701,2025-02-02,Community Outreach,Social Policy,Kamensk-Uralsky,Male,55+,Participant,No,No,No,Basic,No
2049,2025-02-02,Campaign Activity,Education,Yekaterinburg,Female,45-54,Participant,No,No,No,Basic,No
2113,2025-02-02,Media Activity,Youth Policy,Yekaterinburg,Female,55+,Participant,No,No,No,Basic,No
2258,2025-02-02,Community Outreach,Entrepreneurship,Yekaterinburg,Male,25-34,Volunteer,No,No,No,Basic,No
2712,2025-02-02,Educational Event,Healthcare,Yekaterinburg,Female,45-54,Participant,No,No,No,Basic,No
2735,2025-02-02,Survey,Social Policy,Kamensk-Uralsky,Female,25-34,Participant,No,No,No,Basic,No
2901,2025-02-02,Media Activity,Local Government,Yekaterinburg,Female,35-44,Volunteer,No,No,No,Basic,No
3009,2025-02-02,Meeting,Local Government,Kamensk-Uralsky,Female,25-34,Volunteer,No,No,No,Basic,No
237,2025-02-03,Government Interaction,Housing,Yekaterinburg,Female,55+,Volunteer,No,No,No,Basic,No
648,2025-02-03,Meeting,Healthcare,Yekaterinburg,Male,25-34,Organizer,Yes,No,Yes,Leadership,Yes
659,2025-02-03,Media Activity,Social Policy,Revda,Male,18-24,Participant,No,No,No,Basic,No
975,2025-02-03,Educational Event,Local Government,Pervouralsk,Female,35-44,Volunteer,No,No,No,Basic,No
1223,2025-02-03,Government Interaction,Entrepreneurship,Pervouralsk,Male,25-34,Participant,No,No,No,Basic,No
1427,2025-02-03,Campaign Activity,Economic Policy,Yekaterinburg,Female,35-44,Coordinator,Yes,No,Yes,Leadership,Yes
2508,2025-02-03,Meeting,Social Policy,Yekaterinburg,Male,25-34,Volunteer,No,No,No,Basic,No
3263,2025-02-03,Meeting,Gender Equality,Yekaterinburg,Female,25-34,Participant,No,No,No,Basic,No
3327,2025-02-03,Public Event,Economic Policy,Pervouralsk,Female,45-54,Volunteer,No,No,No,Basic,No
3427,2025-02-03,Community Outreach,Transport,Pervouralsk,Female,45-54,Participant,No,No,No,Basic,No
3441,2025-02-03,Government Interaction,Economic Policy,Serov,Female,55+,Participant,No,No,No,Basic,No
775,2025-02-04,Community Outreach,Gender Equality,Kamensk-Uralsky,Female,55+,Volunteer,No,No,No,Basic,No
1675,2025-02-04,Campaign Activity,Housing,Revda,Male,25-34,Coordinator,No,Yes,Yes,Leadership,Yes
1888,2025-02-04,Meeting,Local Government,Serov,Female,45-54,Volunteer,No,No,No,Basic,No
2411,2025-02-04,Survey,Social Policy,Yekaterinburg,Male,18-24,Participant,Yes,No,No,Basic,No
2599,2025-02-04,Campaign Activity,Local Government,Nizhny Tagil,Male,18-24,Coordinator,Yes,Yes,Yes,Leadership,Yes
1826,2025-02-05,Community Outreach,Social Policy,Pervouralsk,Female,25-34,Volunteer,No,No,No,Basic,No
726,2025-02-06,Community Outreach,Healthcare,Kamensk-Uralsky,Female,35-44,Speaker,No,Yes,No,Visible,No
943,2025-02-06,Media Activity,Education,Kamensk-Uralsky,Female,18-24,Participant,No,No,No,Basic,No
1151,2025-02-06,Meeting,Entrepreneurship,Yekaterinburg,Female,35-44,Participant,No,No,No,Basic,No
1629,2025-02-06,Meeting,Education,Serov,Female,45-54,Participant,No,No,No,Basic,No
2079,2025-02-06,Survey,Transport,Yekaterinburg,Female,18-24,Participant,No,No,No,Basic,No
3158,2025-02-06,Educational Event,Entrepreneurship,Nizhny Tagil,Female,18-24,Organizer,Yes,No,Yes,Leadership,Yes
3443,2025-02-06,Meeting,Gender Equality,Yekaterinburg,Female,25-34,Participant,No,No,No,Basic,No
3457,2025-02-06,Educational Event,Entrepreneurship,Yekaterinburg,Male,45-54,Coordinator,Yes,No,Yes,Leadership,Yes
139,2025-02-07,Survey,Gender Equality,Yekaterinburg,Male,25-34,Volunteer,No,No,No,Basic,No
1754,2025-02-07,Government Interaction,Housing,Yekaterinburg,Male,18-24,Organizer,No,Yes,Yes,Leadership,Yes
2004,2025-02-07,Media Activity,Social Policy,Asbest,Male,55+,Participant,Yes,No,No,Basic,No
2423,2025-02-07,Meeting,Healthcare,Pervouralsk,Male,45-54,Coordinator,Yes,No,Yes,Leadership,Yes
3269,2025-02-07,Community Outreach,Entrepreneurship,Yekaterinburg,Male,25-34,Analyst,No,No,No,Professional,No
108,2025-02-08,Government Interaction,Gender Equality,Yekaterinburg,Female,18-24,Participant,No,No,No,Basic,No
1810,2025-02-08,Educational Event,Gender Equality,Revda,Female,35-44,Participant,No,Yes,No,Basic,No
2072,2025-02-08,Educational Event,Healthcare,Yekaterinburg,Female,25-34,Analyst,No,No,No,Professional,No
2165,2025-02-08,Campaign Activity,Economic Policy,Kamensk-Uralsky,Male,25-34,Volunteer,No,No,No,Basic,No
2564,2025-02-08,Community Outreach,Healthcare,Yekaterinburg,Male,25-34,Analyst,No,No,No,Professional,No
2776,2025-02-08,Public Event,Economic Policy,Yekaterinburg,Female,25-34,Organizer,No,Yes,Yes,Leadership,Yes
2810,2025-02-08,Public Event,Gender Equality,Serov,Female,18-24,Participant,No,No,No,Basic,No
2842,2025-02-08,Media Activity,Social Policy,Serov,Female,55+,Participant,No,No,No,Basic,No
2857,2025-02-08,Community Outreach,Education,Yekaterinburg,Male,45-54,Participant,No,No,No,Basic,No
96,2025-02-09,Campaign Activity,Healthcare,Pervouralsk,Male,45-54,Participant,No,No,No,Basic,No
261,2025-02-09,Campaign Activity,Youth Policy,Asbest,Female,35-44,Speaker,No,Yes,No,Visible,No
390,2025-02-09,Media Activity,Entrepreneurship,Yekaterinburg,Male,25-34,Organizer,Yes,No,Yes,Leadership,Yes
1725,2025-02-09,Meeting,Healthcare,Asbest,Male,25-34,Participant,No,No,No,Basic,No
2588,2025-02-09,Public Event,Entrepreneurship,Yekaterinburg,Female,45-54,Volunteer,No,No,No,Basic,No
3354,2025-02-09,Community Outreach,Entrepreneurship,Pervouralsk,Female,25-34,Volunteer,No,No,No,Basic,No
495,2025-02-10,Public Event,Local Government,Yekaterinburg,Male,25-34,Participant,No,No,No,Basic,No
658,2025-02-10,Campaign Activity,Local Government,Yekaterinburg,Female,35-44,Participant,No,No,No,Basic,No
1483,2025-02-10,Campaign Activity,Transport,Kamensk-Uralsky,Male,25-34,Analyst,Yes,Yes,No,Professional,No
1875,2025-02-10,Government Interaction,Housing,Asbest,Male,25-34,Participant,No,No,No,Basic,No
2137,2025-02-10,Community Outreach,Gender Equality,Serov,Female,35-44,Participant,No,Yes,No,Basic,No
2451,2025-02-10,Campaign Activity,Local Government,Kamensk-Uralsky,Male,45-54,Organizer,Yes,No,Yes,Leadership,Yes
3282,2025-02-10,Government Interaction,Healthcare,Revda,Female,25-34,Participant,No,No,No,Basic,No
146,2025-02-11,Government Interaction,Housing,Nizhny Tagil,Female,18-24,Participant,No,No,No,Basic,No
207,2025-02-11,Government Interaction,Social Policy,Pervouralsk,Female,55+,Coordinator,Yes,Yes,Yes,Leadership,Yes
845,2025-02-11,Meeting,Economic Policy,Yekaterinburg,Female,25-34,Participant,No,No,No,Basic,No
1090,2025-02-11,Government Interaction,Transport,Yekaterinburg,Female,25-34,Participant,No,No,No,Basic,No
1390,2025-02-11,Meeting,Local Government,Yekaterinburg,Female,25-34,Participant,No,No,No,Basic,No
1968,2025-02-11,Meeting,Housing,Revda,Male,18-24,Participant,No,No,No,Basic,No
2785,2025-02-11,Meeting,Local Government,Pervouralsk,Female,18-24,Volunteer,No,No,No,Basic,No
2971,2025-02-11,Government Interaction,Transport,Kamensk-Uralsky,Female,25-34,Analyst,Yes,No,No,Professional,No
3429,2025-02-11,Community Outreach,Transport,Asbest,Male,35-44,Analyst,No,No,Yes,Professional,No
2993,2025-02-12,Campaign Activity,Education,Serov,Female,35-44,Participant,No,No,No,Basic,No
3296,2025-02-12,Meeting,Youth Policy,Kamensk-Uralsky,Male,45-54,Coordinator,Yes,No,Yes,Leadership,Yes
122,2025-02-13,Community Outreach,Entrepreneurship,Asbest,Male,18-24,Participant,No,No,No,Basic,No
749,2025-02-13,Community Outreach,Housing,Kamensk-Uralsky,Male,35-44,Participant,No,No,No,Basic,No
1004,2025-02-13,Government Interaction,Youth Policy,Yekaterinburg,Female,25-34,Participant,No,No,No,Basic,No
3064,2025-02-13,Educational Event,Youth Policy,Kamensk-Uralsky,Male,35-44,Volunteer,No,No,No,Basic,No
230,2025-02-14,Community Outreach,Local Government,Yekaterinburg,Female,18-24,Speaker,No,Yes,No,Visible,No
1607,2025-02-14,Meeting,Economic Policy,Yekaterinburg,Male,45-54,Analyst,No,No,No,Professional,No
1904,2025-02-14,Community Outreach,Youth Policy,Yekaterinburg,Female,45-54,Participant,No,No,No,Basic,No
2094,2025-02-14,Educational Event,Healthcare,Yekaterinburg,Female,25-34,Participant,No,No,No,Basic,No
3592,2025-02-14,Public Event,Social Policy,Serov,Female,18-24,Participant,No,No,No,Basic,No
756,2025-02-15,Government Interaction,Housing,Yekaterinburg,Female,35-44,Volunteer,No,No,No,Basic,No
871,2025-02-15,Educational Event,Transport,Yekaterinburg,Male,35-44,Participant,Yes,Yes,No,Basic,No
1531,2025-02-15,Public Event,Healthcare,Nizhny Tagil,Female,45-54,Participant,No,No,No,Basic,No
2016,2025-02-15,Public Event,Local Government,Yekaterinburg,Male,18-24,Participant,No,Yes,No,Basic,No
2038,2025-02-15,Government Interaction,Economic Policy,Yekaterinburg,Female,35-44,Participant,No,No,No,Basic,No
2087,2025-02-15,Meeting,Education,Nizhny Tagil,Female,25-34,Analyst,No,No,No,Professional,No
2851,2025-02-15,Public Event,Entrepreneurship,Yekaterinburg,Female,25-34,Participant,No,No,No,Basic,No
3318,2025-02-15,Government Interaction,Education,Yekaterinburg,Female,25-34,Participant,No,No,No,Basic,No
3466,2025-02-15,Educational Event,Healthcare,Kamensk-Uralsky,Male,55+,Participant,No,No,No,Basic,No
368,2025-02-16,Meeting,Housing,Kamensk-Uralsky,Male,25-34,Volunteer,No,No,No,Basic,No
637,2025-02-16,Campaign Activity,Social Policy,Yekaterinburg,Male,18-24,Coordinator,No,No,Yes,Leadership,Yes
1480,2025-02-16,Government Interaction,Gender Equality,Serov,Male,35-44,Volunteer,No,No,Yes,Basic,No
1860,2025-02-16,Meeting,Economic Policy,Yekaterinburg,Female,25-34,Participant,Yes,No,No,Basic,No
116,2025-02-17,Educational Event,Social Policy,Serov,Male,25-34,Participant,No,No,No,Basic,No
239,2025-02-17,Survey,Gender Equality,Kamensk-Uralsky,Female,25-34,Participant,No,No,No,Basic,No
301,2025-02-17,Meeting,Housing,Kamensk-Uralsky,Male,25-34,Coordinator,Yes,Yes,Yes,Leadership,Yes
563,2025-02-17,Educational Event,Education,Yekaterinburg,Male,45-54,Participant,No,No,No,Basic,No
712,2025-02-17,Survey,Social Policy,Yekaterinburg,Male,35-44,Volunteer,No,No,No,Basic,No
910,2025-02-17,Campaign Activity,Education,Serov,Female,45-54,Volunteer,No,No,No,Basic,No
922,2025-02-17,Campaign Activity,Economic Policy,Yekaterinburg,Male,45-54,Participant,No,No,No,Basic,No
1378,2025-02-17,Public Event,Transport,Yekaterinburg,Male,55+,Analyst,No,No,No,Professional,No
1548,2025-02-17,Community Outreach,Housing,Yekaterinburg,Male,55+,Volunteer,No,No,Yes,Basic,No
2683,2025-02-17,Campaign Activity,Youth Policy,Serov,Female,55+,Volunteer,No,No,No,Basic,No
3465,2025-02-17,Campaign Activity,Housing,Serov,Male,25-34,Participant,No,No,No,Basic,No
656,2025-02-18,Meeting,Transport,Kamensk-Uralsky,Female,18-24,Volunteer,No,No,No,Basic,No
987,2025-02-18,Community Outreach,Social Policy,Kamensk-Uralsky,Female,25-34,Participant,No,Yes,No,Basic,No
1133,2025-02-18,Campaign Activity,Entrepreneurship,Yekaterinburg,Female,25-34,Speaker,No,Yes,No,Visible,No
1326,2025-02-18,Campaign Activity,Healthcare,Yekaterinburg,Male,25-34,Participant,No,No,No,Basic,No
1601,2025-02-18,Public Event,Social Policy,Nizhny Tagil,Male,35-44,Participant,No,No,No,Basic,No
1603,2025-02-18,Meeting,Housing,Serov,Male,45-54,Analyst,No,Yes,No,Professional,No
2187,2025-02-18,Educational Event,Transport,Revda,Male,45-54,Participant,No,No,No,Basic,No
2209,2025-02-18,Meeting,Transport,Kamensk-Uralsky,Female,35-44,Participant,No,No,No,Basic,No
2906,2025-02-18,Meeting,Social Policy,Nizhny Tagil,Male,45-54,Participant,No,No,No,Basic,No
3083,2025-02-18,Community Outreach,Transport,Yekaterinburg,Male,18-24,Participant,No,No,No,Basic,No
3151,2025-02-18,Meeting,Housing,Yekaterinburg,Female,18-24,Volunteer,No,No,No,Basic,No
3506,2025-02-18,Meeting,Local Government,Yekaterinburg,Male,25-34,Participant,No,No,No,Basic,No
639,2025-02-19,Community Outreach,Gender Equality,Pervouralsk,Male,25-34,Speaker,Yes,Yes,No,Visible,No
733,2025-02-19,Meeting,Social Policy,Asbest,Female,25-34,Organizer,No,No,Yes,Leadership,Yes
1163,2025-02-19,Media Activity,Education,Yekaterinburg,Male,25-34,Participant,No,No,No,Basic,No
2377,2025-02-19,Survey,Youth Policy,Serov,Male,25-34,Organizer,Yes,Yes,Yes,Leadership,Yes
2620,2025-02-19,Campaign Activity,Entrepreneurship,Yekaterinburg,Male,25-34,Volunteer,No,No,No,Basic,No
3255,2025-02-19,Meeting,Youth Policy,Yekaterinburg,Female,55+,Volunteer,No,No,Yes,Basic,No
3298,2025-02-19,Meeting,Transport,Yekaterinburg,Male,25-34,Participant,No,No,No,Basic,No
1782,2025-02-20,Government Interaction,Local Government,Pervouralsk,Male,25-34,Coordinator,Yes,Yes,Yes,Leadership,Yes
2725,2025-02-20,Community Outreach,Social Policy,Yekaterinburg,Female,55+,Volunteer,No,No,No,Basic,No
3437,2025-02-20,Meeting,Healthcare,Yekaterinburg,Female,25-34,Participant,No,Yes,No,Basic,No
369,2025-02-21,Campaign Activity,Youth Policy,Kamensk-Uralsky,Female,18-24,Participant,Yes,No,No,Basic,No
1694,2025-02-21,Government Interaction,Transport,Yekaterinburg,Male,45-54,Volunteer,Yes,No,No,Basic,No
2453,2025-02-21,Educational Event,Youth Policy,Yekaterinburg,Male,25-34,Participant,No,No,No,Basic,No
2679,2025-02-21,Survey,Healthcare,Yekaterinburg,Male,45-54,Speaker,No,Yes,No,Visible,No
2722,2025-02-21,Campaign Activity,Local Government,Yekaterinburg,Male,35-44,Volunteer,No,No,No,Basic,No
3352,2025-02-21,Media Activity,Local Government,Yekaterinburg,Female,18-24,Volunteer,No,No,No,Basic,No
72,2025-02-22,Community Outreach,Transport,Yekaterinburg,Female,55+,Analyst,No,No,Yes,Professional,No
81,2025-02-22,Survey,Social Policy,Yekaterinburg,Male,55+,Organizer,Yes,No,Yes,Leadership,Yes
260,2025-02-22,Meeting,Economic Policy,Yekaterinburg,Male,35-44,Coordinator,Yes,Yes,Yes,Leadership,Yes
510,2025-02-22,Community Outreach,Social Policy,Yekaterinburg,Female,18-24,Analyst,Yes,No,No,Professional,No
1405,2025-02-22,Meeting,Transport,Yekaterinburg,Female,18-24,Volunteer,No,No,No,Basic,No
1788,2025-02-22,Meeting,Social Policy,Yekaterinburg,Male,25-34,Organizer,Yes,No,Yes,Leadership,Yes
2520,2025-02-22,Meeting,Youth Policy,Yekaterinburg,Female,25-34,Speaker,No,Yes,No,Visible,No
459,2025-02-23,Campaign Activity,Social Policy,Pervouralsk,Male,25-34,Organizer,Yes,Yes,Yes,Leadership,Yes
2761,2025-02-23,Campaign Activity,Economic Policy,Yekaterinburg,Male,45-54,Participant,No,No,No,Basic,No
2849,2025-02-23,Government Interaction,Gender Equality,Yekaterinburg,Male,55+,Participant,No,No,No,Basic,No
280,2025-02-24,Campaign Activity,Social Policy,Revda,Male,25-34,Participant,No,Yes,No,Basic,No
2289,2025-02-24,Educational Event,Youth Policy,Yekaterinburg,Female,45-54,Coordinator,No,No,Yes,Leadership,Yes
2797,2025-02-24,Survey,Gender Equality,Yekaterinburg,Male,45-54,Coordinator,Yes,Yes,Yes,Leadership,Yes
3353,2025-02-24,Meeting,Social Policy,Yekaterinburg,Female,35-44,Volunteer,No,No,No,Basic,No
3511,2025-02-24,Media Activity,Transport,Yekaterinburg,Male,45-54,Analyst,No,No,No,Professional,No
253,2025-02-25,Campaign Activity,Healthcare,Nizhny Tagil,Female,18-24,Volunteer,No,No,No,Basic,No
259,2025-02-25,Government Interaction,Gender Equality,Yekaterinburg,Female,45-54,Participant,No,No,No,Basic,No
889,2025-02-25,Public Event,Transport,Yekaterinburg,Female,35-44,Speaker,No,Yes,No,Visible,No
1006,2025-02-25,Campaign Activity,Youth Policy,Yekaterinburg,Female,35-44,Coordinator,Yes,No,Yes,Leadership,Yes
1464,2025-02-25,Meeting,Youth Policy,Nizhny Tagil,Female,25-34,Participant,No,No,No,Basic,No
2629,2025-02-25,Campaign Activity,Youth Policy,Yekaterinburg,Female,18-24,Speaker,No,Yes,No,Visible,No
2779,2025-02-25,Public Event,Social Policy,Yekaterinburg,Female,25-34,Participant,Yes,No,No,Basic,No
3350,2025-02-25,Educational Event,Housing,Yekaterinburg,Female,45-54,Participant,No,No,No,Basic,No
287,2025-02-26,Media Activity,Education,Serov,Female,25-34,Participant,No,No,No,Basic,No
1062,2025-02-26,Media Activity,Gender Equality,Yekaterinburg,Male,35-44,Organizer,Yes,No,Yes,Leadership,Yes
1067,2025-02-26,Educational Event,Gender Equality,Yekaterinburg,Female,35-44,Volunteer,No,No,No,Basic,No
1094,2025-02-26,Educational Event,Youth Policy,Pervouralsk,Female,25-34,Speaker,No,Yes,No,Visible,No
1296,2025-02-26,Community Outreach,Education,Pervouralsk,Female,45-54,Participant,No,No,No,Basic,No
1868,2025-02-26,Meeting,Entrepreneurship,Yekaterinburg,Female,25-34,Participant,Yes,No,No,Basic,No
2075,2025-02-26,Community Outreach,Local Government,Revda,Female,55+,Participant,No,No,No,Basic,No
2248,2025-02-26,Public Event,Social Policy,Yekaterinburg,Male,25-34,Volunteer,No,No,No,Basic,No
3560,2025-02-26,Meeting,Gender Equality,Yekaterinburg,Male,55+,Speaker,No,Yes,No,Visible,No
496,2025-02-27,Campaign Activity,Local Government,Yekaterinburg,Male,35-44,Coordinator,Yes,No,Yes,Leadership,Yes
1131,2025-02-27,Public Event,Education,Serov,Male,35-44,Participant,No,No,No,Basic,No
1697,2025-02-27,Media Activity,Education,Yekaterinburg,Female,18-24,Volunteer,No,Yes,No,Basic,No
1885,2025-02-27,Educational Event,Local Government,Serov,Female,25-34,Participant,No,No,No,Basic,No
2133,2025-02-27,Government Interaction,Gender Equality,Yekaterinburg,Male,18-24,Organizer,No,Yes,Yes,Leadership,Yes
2355,2025-02-27,Campaign Activity,Healthcare,Yekaterinburg,Female,35-44,Participant,No,No,No,Basic,No
2400,2025-02-27,Educational Event,Transport,Asbest,Male,45-54,Volunteer,No,No,No,Basic,No
127,2025-02-28,Media Activity,Education,Yekaterinburg,Female,45-54,Participant,No,No,No,Basic,No
1283,2025-02-28,Community Outreach,Economic Policy,Yekaterinburg,Female,25-34,Speaker,No,Yes,Yes,Visible,No
1328,2025-02-28,Community Outreach,Economic Policy,Yekaterinburg,Male,25-34,Participant,No,No,No,Basic,No
1937,2025-02-28,Public Event,Entrepreneurship,Kamensk-Uralsky,Male,25-34,Volunteer,No,No,No,Basic,No
1978,2025-02-28,Government Interaction,Gender Equality,Yekaterinburg,Male,18-24,Participant,No,No,No,Basic,No
2503,2025-02-28,Educational Event,Youth Policy,Yekaterinburg,Male,35-44,Participant,No,No,No,Basic,No
2598,2025-02-28,Meeting,Youth Policy,Yekaterinburg,Female,18-24,Participant,No,No,No,Basic,No
3387,2025-02-28,Community Outreach,Education,Yekaterinburg,Male,35-44,Organizer,Yes,No,Yes,Leadership,Yes
590,2025-03-01,Community Outreach,Entrepreneurship,Yekaterinburg,Female,45-54,Participant,No,No,No,Basic,No
680,2025-03-01,Government Interaction,Education,Yekaterinburg,Female,35-44,Volunteer,No,No,No,Basic,No
767,2025-03-01,Community Outreach,Social Policy,Yekaterinburg,Female,25-34,Participant,No,No,No,Basic,No
812,2025-03-01,Meeting,Social Policy,Yekaterinburg,Female,25-34,Speaker,No,Yes,No,Visible,No
1574,2025-03-01,Meeting,Social Policy,Yekaterinburg,Male,35-44,Speaker,No,Yes,No,Visible,No
1791,2025-03-01,Community Outreach,Housing,Revda,Male,35-44,Participant,No,No,No,Basic,No
2606,2025-03-01,Government Interaction,Healthcare,Yekaterinburg,Female,35-44,Volunteer,No,No,No,Basic,No
3049,2025-03-01,Media Activity,Gender Equality,Yekaterinburg,Male,35-44,Participant,No,No,No,Basic,No
3413,2025-03-01,Meeting,Social Policy,Revda,Male,35-44,Coordinator,Yes,No,Yes,Leadership,Yes
78,2025-03-02,Community Outreach,Economic Policy,Nizhny Tagil,Male,35-44,Volunteer,No,Yes,Yes,Basic,No
274,2025-03-02,Meeting,Gender Equality,Pervouralsk,Male,45-54,Participant,No,No,No,Basic,No
858,2025-03-02,Community Outreach,Housing,Pervouralsk,Male,45-54,Analyst,No,No,No,Professional,No
887,2025-03-02,Survey,Gender Equality,Nizhny Tagil,Female,25-34,Volunteer,No,Yes,No,Basic,No
1030,2025-03-02,Public Event,Education,Pervouralsk,Female,25-34,Coordinator,Yes,No,Yes,Leadership,Yes
2331,2025-03-02,Media Activity,Entrepreneurship,Pervouralsk,Male,25-34,Participant,No,Yes,No,Basic,No
2786,2025-03-02,Educational Event,Entrepreneurship,Yekaterinburg,Male,35-44,Volunteer,No,No,No,Basic,No
808,2025-03-03,Campaign Activity,Youth Policy,Yekaterinburg,Female,35-44,Participant,No,No,No,Basic,No
921,2025-03-03,Meeting,Transport,Yekaterinburg,Female,35-44,Organizer,Yes,No,Yes,Leadership,Yes
946,2025-03-03,Public Event,Social Policy,Yekaterinburg,Female,45-54,Coordinator,Yes,No,Yes,Leadership,Yes
1440,2025-03-03,Survey,Economic Policy,Yekaterinburg,Male,25-34,Participant,No,No,No,Basic,No
1441,2025-03-03,Public Event,Youth Policy,Yekaterinburg,Female,35-44,Participant,No,No,No,Basic,No
2086,2025-03-03,Meeting,Social Policy,Asbest,Female,55+,Volunteer,No,No,Yes,Basic,No
2434,2025-03-03,Meeting,Social Policy,Serov,Female,25-34,Organizer,No,No,Yes,Leadership,Yes
2710,2025-03-03,Government Interaction,Transport,Pervouralsk,Male,25-34,Speaker,No,Yes,No,Visible,No
2808,2025-03-03,Public Event,Social Policy,Yekaterinburg,Male,18-24,Analyst,No,Yes,No,Professional,No
3213,2025-03-03,Campaign Activity,Transport,Nizhny Tagil,Male,25-34,Participant,No,No,No,Basic,No
620,2025-03-04,Government Interaction,Youth Policy,Nizhny Tagil,Female,25-34,Coordinator,Yes,Yes,Yes,Leadership,Yes
932,2025-03-04,Public Event,Economic Policy,Nizhny Tagil,Female,18-24,Volunteer,No,No,No,Basic,No
3474,2025-03-04,Community Outreach,Education,Yekaterinburg,Female,25-34,Participant,No,No,No,Basic,No
1467,2025-03-05,Community Outreach,Transport,Yekaterinburg,Female,55+,Participant,No,No,No,Basic,No
1887,2025-03-05,Educational Event,Gender Equality,Yekaterinburg,Female,18-24,Participant,No,No,No,Basic,No
1934,2025-03-05,Campaign Activity,Gender Equality,Yekaterinburg,Male,25-34,Participant,No,No,No,Basic,No
2235,2025-03-05,Community Outreach,Housing,Nizhny Tagil,Male,45-54,Participant,No,No,No,Basic,No
2328,2025-03-05,Educational Event,Local Government,Yekaterinburg,Female,45-54,Volunteer,No,No,No,Basic,No
3217,2025-03-05,Community Outreach,Education,Yekaterinburg,Female,25-34,Participant,No,No,No,Basic,No
826,2025-03-06,Campaign Activity,Gender Equality,Yekaterinburg,Female,25-34,Volunteer,No,No,No,Basic,No
953,2025-03-06,Meeting,Education,Kamensk-Uralsky,Female,18-24,Organizer,Yes,No,Yes,Leadership,Yes
2126,2025-03-06,Educational Event,Entrepreneurship,Yekaterinburg,Female,35-44,Analyst,No,No,No,Professional,No
2995,2025-03-06,Media Activity,Economic Policy,Yekaterinburg,Male,35-44,Participant,No,No,No,Basic,No
630,2025-03-07,Public Event,Transport,Pervouralsk,Male,35-44,Organizer,Yes,No,Yes,Leadership,Yes
2293,2025-03-07,Community Outreach,Local Government,Yekaterinburg,Male,18-24,Participant,No,Yes,No,Basic,No
3180,2025-03-07,Government Interaction,Entrepreneurship,Yekaterinburg,Male,25-34,Organizer,Yes,Yes,Yes,Leadership,Yes
87,2025-03-08,Campaign Activity,Gender Equality,Yekaterinburg,Male,35-44,Participant,No,No,No,Basic,No
423,2025-03-08,Public Event,Education,Yekaterinburg,Female,35-44,Speaker,No,Yes,No,Visible,No
1900,2025-03-08,Public Event,Housing,Yekaterinburg,Female,55+,Participant,No,No,No,Basic,No
3074,2025-03-08,Campaign Activity,Youth Policy,Yekaterinburg,Male,35-44,Organizer,Yes,Yes,Yes,Leadership,Yes
69,2025-03-09,Campaign Activity,Transport,Nizhny Tagil,Female,25-34,Organizer,No,No,Yes,Leadership,Yes
377,2025-03-09,Meeting,Economic Policy,Asbest,Male,35-44,Coordinator,Yes,Yes,Yes,Leadership,Yes
1650,2025-03-09,Educational Event,Education,Yekaterinburg,Male,25-34,Participant,No,No,No,Basic,No
2743,2025-03-09,Educational Event,Transport,Asbest,Female,35-44,Participant,No,No,No,Basic,No
152,2025-03-10,Community Outreach,Transport,Yekaterinburg,Male,18-24,Participant,No,No,No,Basic,No
456,2025-03-10,Educational Event,Healthcare,Yekaterinburg,Female,25-34,Analyst,No,No,No,Professional,No
458,2025-03-10,Media Activity,Youth Policy,Yekaterinburg,Female,35-44,Participant,Yes,No,No,Basic,No
498,2025-03-10,Community Outreach,Economic Policy,Yekaterinburg,Male,18-24,Speaker,Yes,Yes,Yes,Visible,No
1604,2025-03-10,Campaign Activity,Entrepreneurship,Kamensk-Uralsky,Male,35-44,Volunteer,No,Yes,No,Basic,No
2150,2025-03-10,Media Activity,Education,Nizhny Tagil,Female,45-54,Organizer,No,No,Yes,Leadership,Yes
3199,2025-03-10,Community Outreach,Education,Yekaterinburg,Female,18-24,Volunteer,No,No,No,Basic,No
3497,2025-03-10,Community Outreach,Local Government,Yekaterinburg,Male,25-34,Speaker,No,Yes,No,Visible,No
407,2025-03-11,Community Outreach,Transport,Yekaterinburg,Female,35-44,Participant,No,No,No,Basic,No
452,2025-03-11,Government Interaction,Healthcare,Yekaterinburg,Male,45-54,Analyst,Yes,No,No,Professional,No
806,2025-03-11,Community Outreach,Youth Policy,Serov,Female,25-34,Volunteer,No,No,No,Basic,No
1134,2025-03-11,Public Event,Transport,Serov,Male,45-54,Volunteer,No,No,No,Basic,No
1775,2025-03-11,Government Interaction,Education,Yekaterinburg,Male,18-24,Participant,No,Yes,No,Basic,No
1785,2025-03-11,Public Event,Healthcare,Asbest,Female,18-24,Participant,No,No,No,Basic,No
2260,2025-03-11,Public Event,Economic Policy,Yekaterinburg,Female,25-34,Analyst,Yes,No,No,Professional,No
2816,2025-03-11,Meeting,Transport,Nizhny Tagil,Male,18-24,Analyst,Yes,No,No,Professional,No
2179,2025-03-12,Government Interaction,Transport,Revda,Female,55+,Participant,No,No,No,Basic,No
2201,2025-03-12,Campaign Activity,Social Policy,Nizhny Tagil,Female,18-24,Participant,No,No,No,Basic,No
2817,2025-03-12,Campaign Activity,Gender Equality,Pervouralsk,Female,25-34,Coordinator,Yes,Yes,Yes,Leadership,Yes
2985,2025-03-12,Community Outreach,Healthcare,Yekaterinburg,Female,45-54,Participant,No,No,No,Basic,No
3484,2025-03-12,Public Event,Healthcare,Kamensk-Uralsky,Male,45-54,Participant,No,Yes,No,Basic,No
285,2025-03-13,Media Activity,Gender Equality,Yekaterinburg,Male,55+,Coordinator,No,No,Yes,Leadership,Yes
527,2025-03-13,Community Outreach,Youth Policy,Yekaterinburg,Male,35-44,Participant,Yes,No,No,Basic,No
606,2025-03-13,Survey,Healthcare,Revda,Male,25-34,Participant,No,No,No,Basic,No
839,2025-03-13,Public Event,Social Policy,Serov,Female,25-34,Participant,No,No,No,Basic,No
1043,2025-03-13,Community Outreach,Youth Policy,Pervouralsk,Male,25-34,Coordinator,Yes,Yes,Yes,Leadership,Yes
1266,2025-03-13,Meeting,Housing,Yekaterinburg,Male,18-24,Analyst,Yes,No,No,Professional,No
2308,2025-03-13,Community Outreach,Healthcare,Serov,Female,18-24,Participant,No,No,No,Basic,No
277,2025-03-14,Meeting,Housing,Serov,Female,45-54,Participant,No,No,No,Basic,No
351,2025-03-14,Campaign Activity,Gender Equality,Kamensk-Uralsky,Male,25-34,Participant,No,No,No,Basic,No
868,2025-03-14,Government Interaction,Youth Policy,Kamensk-Uralsky,Male,35-44,Coordinator,Yes,No,Yes,Leadership,Yes
1210,2025-03-14,Community Outreach,Education,Yekaterinburg,Female,55+,Analyst,No,No,No,Professional,No
1402,2025-03-14,Government Interaction,Local Government,Yekaterinburg,Female,35-44,Organizer,No,Yes,Yes,Leadership,Yes
1657,2025-03-14,Community Outreach,Local Government,Nizhny Tagil,Female,18-24,Speaker,No,Yes,No,Visible,No
1789,2025-03-14,Campaign Activity,Economic Policy,Yekaterinburg,Male,25-34,Coordinator,Yes,No,Yes,Leadership,Yes
1275,2025-03-15,Community Outreach,Education,Yekaterinburg,Female,35-44,Participant,No,No,No,Basic,No
1401,2025-03-15,Public Event,Local Government,Revda,Female,35-44,Volunteer,No,No,No,Basic,No
2704,2025-03-15,Meeting,Gender Equality,Yekaterinburg,Male,25-34,Speaker,No,Yes,No,Visible,No
2738,2025-03-15,Campaign Activity,Gender Equality,Kamensk-Uralsky,Male,25-34,Volunteer,No,No,No,Basic,No
3395,2025-03-15,Survey,Youth Policy,Yekaterinburg,Male,25-34,Participant,No,No,No,Basic,No
159,2025-03-16,Media Activity,Economic Policy,Yekaterinburg,Male,25-34,Analyst,No,No,No,Professional,No
419,2025-03-16,Meeting,Youth Policy,Yekaterinburg,Female,25-34,Coordinator,No,Yes,Yes,Leadership,Yes
963,2025-03-16,Public Event,Gender Equality,Yekaterinburg,Female,45-54,Coordinator,No,Yes,Yes,Leadership,Yes
1980,2025-03-16,Survey,Entrepreneurship,Yekaterinburg,Female,25-34,Participant,No,No,No,Basic,No
2143,2025-03-16,Survey,Local Government,Nizhny Tagil,Male,45-54,Volunteer,No,No,No,Basic,No
2692,2025-03-16,Media Activity,Youth Policy,Nizhny Tagil,Female,18-24,Participant,No,No,No,Basic,No
2926,2025-03-16,Media Activity,Social Policy,Yekaterinburg,Male,35-44,Organizer,Yes,Yes,Yes,Leadership,Yes
3130,2025-03-16,Community Outreach,Local Government,Serov,Male,55+,Participant,No,No,No,Basic,No
3249,2025-03-16,Public Event,Social Policy,Yekaterinburg,Male,55+,Participant,No,No,No,Basic,No
3493,2025-03-16,Educational Event,Social Policy,Yekaterinburg,Male,18-24,Analyst,Yes,Yes,No,Professional,No
62,2025-03-17,Educational Event,Local Government,Revda,Male,25-34,Participant,No,No,No,Basic,No
440,2025-03-17,Educational Event,Housing,Yekaterinburg,Male,55+,Participant,No,Yes,No,Basic,No
597,2025-03-17,Meeting,Youth Policy,Yekaterinburg,Male,45-54,Participant,No,No,No,Basic,No
715,2025-03-17,Meeting,Youth Policy,Yekaterinburg,Male,18-24,Speaker,No,Yes,No,Visible,No
1397,2025-03-17,Meeting,Transport,Yekaterinburg,Male,25-34,Participant,No,No,No,Basic,No
1436,2025-03-17,Meeting,Housing,Asbest,Male,35-44,Coordinator,Yes,Yes,Yes,Leadership,Yes
1499,2025-03-17,Educational Event,Economic Policy,Pervouralsk,Female,55+,Participant,No,No,No,Basic,No
3015,2025-03-17,Media Activity,Youth Policy,Yekaterinburg,Female,35-44,Organizer,No,Yes,Yes,Leadership,Yes
3268,2025-03-17,Meeting,Youth Policy,Yekaterinburg,Male,18-24,Participant,No,No,No,Basic,No
3311,2025-03-17,Survey,Gender Equality,Revda,Male,55+,Organizer,No,No,Yes,Leadership,Yes
873,2025-03-18,Community Outreach,Gender Equality,Pervouralsk,Male,18-24,Coordinator,No,Yes,Yes,Leadership,Yes
929,2025-03-18,Public Event,Economic Policy,Kamensk-Uralsky,Male,35-44,Coordinator,Yes,Yes,Yes,Leadership,Yes
2096,2025-03-18,Public Event,Housing,Kamensk-Uralsky,Female,35-44,Participant,No,No,No,Basic,No
2909,2025-03-18,Community Outreach,Education,Yekaterinburg,Male,18-24,Participant,Yes,No,No,Basic,No
3188,2025-03-18,Government Interaction,Transport,Yekaterinburg,Male,25-34,Organizer,Yes,No,Yes,Leadership,Yes
3382,2025-03-18,Media Activity,Transport,Yekaterinburg,Male,25-34,Speaker,No,Yes,No,Visible,No
77,2025-03-19,Campaign Activity,Entrepreneurship,Kamensk-Uralsky,Female,18-24,Participant,No,No,No,Basic,No
112,2025-03-19,Survey,Housing,Yekaterinburg,Female,25-34,Analyst,Yes,No,No,Professional,No
250,2025-03-19,Public Event,Transport,Kamensk-Uralsky,Female,35-44,Participant,No,No,No,Basic,No
1512,2025-03-19,Community Outreach,Gender Equality,Kamensk-Uralsky,Female,25-34,Participant,No,No,No,Basic,No
1686,2025-03-19,Meeting,Entrepreneurship,Yekaterinburg,Female,18-24,Participant,No,No,No,Basic,No
1724,2025-03-19,Meeting,Education,Yekaterinburg,Male,25-34,Participant,No,Yes,No,Basic,No
1893,2025-03-19,Public Event,Social Policy,Serov,Male,45-54,Organizer,Yes,No,Yes,Leadership,Yes
2441,2025-03-19,Campaign Activity,Education,Yekaterinburg,Male,25-34,Organizer,Yes,Yes,Yes,Leadership,Yes
2798,2025-03-19,Meeting,Economic Policy,Yekaterinburg,Female,25-34,Participant,No,No,No,Basic,No
3590,2025-03-19,Government Interaction,Economic Policy,Kamensk-Uralsky,Female,18-24,Volunteer,No,No,No,Basic,No
471,2025-03-20,Campaign Activity,Economic Policy,Nizhny Tagil,Female,35-44,Participant,No,No,No,Basic,No
669,2025-03-20,Survey,Education,Revda,Female,25-34,Volunteer,Yes,No,No,Basic,No
1148,2025-03-20,Community Outreach,Social Policy,Yekaterinburg,Male,25-34,Organizer,Yes,Yes,Yes,Leadership,Yes
2534,2025-03-20,Public Event,Local Government,Nizhny Tagil,Female,25-34,Participant,No,No,No,Basic,No
2699,2025-03-20,Public Event,Transport,Kamensk-Uralsky,Female,18-24,Analyst,Yes,No,No,Professional,No
2841,2025-03-20,Community Outreach,Housing,Revda,Male,25-34,Volunteer,Yes,Yes,No,Basic,No
2876,2025-03-20,Meeting,Local Government,Yekaterinburg,Female,35-44,Participant,No,No,No,Basic,No
2959,2025-03-20,Educational Event,Gender Equality,Kamensk-Uralsky,Female,18-24,Participant,No,No,No,Basic,No
3423,2025-03-20,Campaign Activity,Education,Yekaterinburg,Male,55+,Participant,No,No,No,Basic,No
258,2025-03-21,Campaign Activity,Education,Revda,Female,18-24,Volunteer,No,Yes,Yes,Basic,No
526,2025-03-21,Meeting,Housing,Yekaterinburg,Female,25-34,Participant,No,No,No,Basic,No
1039,2025-03-21,Meeting,Economic Policy,Yekaterinburg,Female,45-54,Volunteer,No,No,No,Basic,No
1125,2025-03-21,Meeting,Transport,Yekaterinburg,Female,45-54,Participant,No,No,No,Basic,No
1458,2025-03-21,Community Outreach,Housing,Yekaterinburg,Female,25-34,Organizer,Yes,No,Yes,Leadership,Yes
1678,2025-03-21,Government Interaction,Housing,Nizhny Tagil,Female,18-24,Volunteer,No,No,No,Basic,No
1707,2025-03-21,Media Activity,Transport,Asbest,Female,25-34,Speaker,No,Yes,No,Visible,No
2298,2025-03-21,Educational Event,Housing,Serov,Female,18-24,Organizer,No,Yes,Yes,Leadership,Yes
2373,2025-03-21,Community Outreach,Healthcare,Yekaterinburg,Female,25-34,Participant,No,No,No,Basic,No
2478,2025-03-21,Campaign Activity,Social Policy,Serov,Female,35-44,Volunteer,No,No,No,Basic,No
2670,2025-03-21,Meeting,Transport,Pervouralsk,Female,18-24,Participant,No,No,No,Basic,No
878,2025-03-22,Public Event,Youth Policy,Serov,Female,35-44,Participant,No,No,No,Basic,No
1391,2025-03-22,Meeting,Transport,Nizhny Tagil,Male,35-44,Participant,No,Yes,No,Basic,No
1676,2025-03-22,Survey,Economic Policy,Yekaterinburg,Male,35-44,Participant,No,No,No,Basic,No
1925,2025-03-22,Public Event,Healthcare,Yekaterinburg,Female,55+,Participant,No,No,No,Basic,No
2780,2025-03-22,Campaign Activity,Gender Equality,Revda,Female,45-54,Coordinator,Yes,No,Yes,Leadership,Yes
2807,2025-03-22,Media Activity,Local Government,Pervouralsk,Female,25-34,Volunteer,No,No,No,Basic,No
3341,2025-03-22,Government Interaction,Transport,Yekaterinburg,Female,25-34,Coordinator,No,No,Yes,Leadership,Yes
154,2025-03-23,Survey,Local Government,Asbest,Male,18-24,Participant,No,No,No,Basic,No
748,2025-03-23,Educational Event,Local Government,Serov,Female,45-54,Participant,No,No,No,Basic,No
988,2025-03-23,Media Activity,Education,Kamensk-Uralsky,Female,45-54,Participant,No,Yes,No,Basic,No
1140,2025-03-23,Community Outreach,Gender Equality,Yekaterinburg,Male,35-44,Coordinator,No,Yes,Yes,Leadership,Yes
1199,2025-03-23,Educational Event,Housing,Pervouralsk,Female,18-24,Speaker,No,Yes,No,Visible,No
1552,2025-03-23,Meeting,Entrepreneurship,Yekaterinburg,Female,25-34,Participant,No,Yes,No,Basic,No
1940,2025-03-23,Meeting,Local Government,Revda,Female,45-54,Participant,No,No,No,Basic,No
2280,2025-03-23,Public Event,Transport,Yekaterinburg,Male,45-54,Organizer,Yes,No,Yes,Leadership,Yes
3264,2025-03-23,Campaign Activity,Youth Policy,Yekaterinburg,Male,55+,Participant,Yes,No,No,Basic,No
3396,2025-03-23,Educational Event,Local Government,Yekaterinburg,Male,35-44,Participant,No,No,No,Basic,No
2370,2025-03-24,Survey,Healthcare,Kamensk-Uralsky,Male,55+,Participant,No,No,No,Basic,No
2671,2025-03-24,Campaign Activity,Gender Equality,Yekaterinburg,Male,25-34,Coordinator,Yes,Yes,Yes,Leadership,Yes
3107,2025-03-24,Meeting,Education,Nizhny Tagil,Female,35-44,Analyst,No,No,No,Professional,No
409,2025-03-25,Meeting,Education,Nizhny Tagil,Female,45-54,Participant,No,No,No,Basic,No
422,2025-03-25,Meeting,Transport,Yekaterinburg,Female,25-34,Participant,No,No,No,Basic,No
1032,2025-03-25,Campaign Activity,Housing,Nizhny Tagil,Male,45-54,Coordinator,Yes,No,Yes,Leadership,Yes
1460,2025-03-25,Meeting,Gender Equality,Pervouralsk,Female,18-24,Participant,No,No,No,Basic,No
2008,2025-03-25,Community Outreach,Youth Policy,Pervouralsk,Female,35-44,Volunteer,No,No,No,Basic,No
3293,2025-03-25,Meeting,Gender Equality,Yekaterinburg,Male,25-34,Participant,No,No,No,Basic,No
3358,2025-03-25,Community Outreach,Healthcare,Yekaterinburg,Male,35-44,Coordinator,Yes,Yes,Yes,Leadership,Yes
664,2025-03-26,Educational Event,Housing,Kamensk-Uralsky,Female,25-34,Volunteer,No,No,No,Basic,No
1566,2025-03-26,Survey,Social Policy,Yekaterinburg,Female,25-34,Volunteer,Yes,No,No,Basic,No
1919,2025-03-26,Meeting,Education,Kamensk-Uralsky,Male,18-24,Participant,No,No,No,Basic,No
1382,2025-03-27,Public Event,Youth Policy,Pervouralsk,Female,25-34,Coordinator,No,No,Yes,Leadership,Yes
1990,2025-03-27,Community Outreach,Social Policy,Serov,Female,25-34,Participant,No,No,No,Basic,No
194,2025-03-28,Meeting,Gender Equality,Yekaterinburg,Male,18-24,Participant,No,No,No,Basic,No
734,2025-03-28,Community Outreach,Housing,Yekaterinburg,Female,25-34,Organizer,Yes,No,Yes,Leadership,Yes
864,2025-03-28,Media Activity,Transport,Revda,Male,25-34,Organizer,Yes,Yes,Yes,Leadership,Yes
982,2025-03-28,Survey,Housing,Yekaterinburg,Male,25-34,Speaker,No,Yes,No,Visible,No
1048,2025-03-28,Public Event,Local Government,Yekaterinburg,Male,45-54,Participant,No,No,No,Basic,No
3485,2025-03-28,Community Outreach,Local Government,Pervouralsk,Male,45-54,Speaker,No,Yes,No,Visible,No
1168,2025-03-29,Community Outreach,Education,Kamensk-Uralsky,Male,25-34,Volunteer,No,No,No,Basic,No
1236,2025-03-29,Educational Event,Gender Equality,Yekaterinburg,Female,45-54,Participant,No,No,No,Basic,No
1298,2025-03-29,Community Outreach,Education,Yekaterinburg,Female,25-34,Volunteer,No,No,No,Basic,No
2566,2025-03-29,Government Interaction,Entrepreneurship,Yekaterinburg,Female,25-34,Participant,No,No,No,Basic,No
2700,2025-03-29,Media Activity,Gender Equality,Kamensk-Uralsky,Male,55+,Coordinator,Yes,No,Yes,Leadership,Yes
53,2025-03-30,Public Event,Transport,Revda,Male,18-24,Analyst,No,No,No,Professional,No
644,2025-03-30,Community Outreach,Local Government,Yekaterinburg,Female,18-24,Participant,No,No,No,Basic,No
691,2025-03-30,Meeting,Social Policy,Yekaterinburg,Female,45-54,Participant,No,No,No,Basic,No
1037,2025-03-30,Campaign Activity,Transport,Serov,Female,18-24,Participant,No,No,No,Basic,No
2545,2025-03-30,Community Outreach,Entrepreneurship,Yekaterinburg,Male,25-34,Participant,No,No,No,Basic,No
2890,2025-03-30,Media Activity,Local Government,Yekaterinburg,Female,45-54,Volunteer,No,No,No,Basic,No
3068,2025-03-30,Community Outreach,Economic Policy,Asbest,Female,55+,Participant,No,No,No,Basic,No
3073,2025-03-30,Community Outreach,Transport,Yekaterinburg,Male,35-44,Organizer,Yes,No,Yes,Leadership,Yes
3167,2025-03-30,Educational Event,Healthcare,Yekaterinburg,Female,18-24,Participant,No,No,No,Basic,No
672,2025-03-31,Community Outreach,Social Policy,Asbest,Male,35-44,Speaker,No,Yes,No,Visible,No
1022,2025-03-31,Media Activity,Economic Policy,Yekaterinburg,Male,35-44,Volunteer,No,No,No,Basic,No
1292,2025-03-31,Public Event,Education,Nizhny Tagil,Male,45-54,Organizer,No,Yes,Yes,Leadership,Yes
1442,2025-03-31,Meeting,Gender Equality,Yekaterinburg,Female,45-54,Participant,No,No,No,Basic,No
1673,2025-03-31,Educational Event,Transport,Yekaterinburg,Male,45-54,Organizer,Yes,No,Yes,Leadership,Yes
1864,2025-03-31,Survey,Social Policy,Yekaterinburg,Male,25-34,Analyst,Yes,No,Yes,Professional,No
3313,2025-03-31,Government Interaction,Education,Yekaterinburg,Male,25-34,Organizer,Yes,No,Yes,Leadership,Yes
213,2025-04-01,Community Outreach,Housing,Yekaterinburg,Female,18-24,Participant,No,No,No,Basic,No
354,2025-04-01,Government Interaction,Housing,Nizhny Tagil,Male,35-44,Volunteer,No,No,Yes,Basic,No
624,2025-04-01,Meeting,Youth Policy,Nizhny Tagil,Female,25-34,Volunteer,No,No,No,Basic,No
777,2025-04-01,Government Interaction,Transport,Yekaterinburg,Male,25-34,Participant,No,No,No,Basic,No
1257,2025-04-01,Campaign Activity,Economic Policy,Serov,Male,55+,Participant,No,No,No,Basic,No
1514,2025-04-01,Media Activity,Local Government,Yekaterinburg,Male,25-34,Organizer,Yes,Yes,Yes,Leadership,Yes
1624,2025-04-01,Meeting,Transport,Yekaterinburg,Female,55+,Participant,No,No,No,Basic,No
1851,2025-04-01,Meeting,Housing,Yekaterinburg,Female,45-54,Volunteer,No,No,No,Basic,No
2161,2025-04-01,Meeting,Youth Policy,Yekaterinburg,Female,25-34,Participant,No,No,No,Basic,No
3086,2025-04-01,Campaign Activity,Healthcare,Kamensk-Uralsky,Female,25-34,Participant,No,No,No,Basic,No
3543,2025-04-01,Survey,Entrepreneurship,Yekaterinburg,Male,25-34,Participant,No,No,No,Basic,No
149,2025-04-02,Public Event,Entrepreneurship,Yekaterinburg,Female,25-34,Coordinator,Yes,Yes,Yes,Leadership,Yes
3593,2025-04-02,Community Outreach,Healthcare,Kamensk-Uralsky,Male,55+,Participant,No,No,No,Basic,No
470,2025-04-03,Meeting,Housing,Yekaterinburg,Male,35-44,Participant,No,No,No,Basic,No
1115,2025-04-03,Community Outreach,Youth Policy,Yekaterinburg,Male,35-44,Participant,Yes,No,No,Basic,No
1197,2025-04-03,Meeting,Housing,Yekaterinburg,Female,18-24,Participant,No,No,No,Basic,No
1605,2025-04-03,Meeting,Social Policy,Yekaterinburg,Female,45-54,Participant,No,No,No,Basic,No
1740,2025-04-03,Public Event,Social Policy,Yekaterinburg,Male,25-34,Participant,No,No,No,Basic,No
2464,2025-04-03,Campaign Activity,Housing,Yekaterinburg,Male,18-24,Participant,No,No,No,Basic,No
2770,2025-04-03,Government Interaction,Entrepreneurship,Yekaterinburg,Male,25-34,Organizer,Yes,No,Yes,Leadership,Yes
485,2025-04-04,Community Outreach,Entrepreneurship,Nizhny Tagil,Female,25-34,Coordinator,No,Yes,Yes,Leadership,Yes
604,2025-04-04,Community Outreach,Transport,Yekaterinburg,Male,25-34,Speaker,No,Yes,Yes,Visible,No
1861,2025-04-04,Government Interaction,Social Policy,Yekaterinburg,Male,35-44,Participant,No,No,No,Basic,No
2095,2025-04-04,Survey,Transport,Yekaterinburg,Male,45-54,Participant,No,No,No,Basic,No
3210,2025-04-04,Survey,Transport,Yekaterinburg,Female,25-34,Participant,No,No,No,Basic,No
3521,2025-04-04,Campaign Activity,Economic Policy,Yekaterinburg,Male,25-34,Organizer,Yes,No,Yes,Leadership,Yes
102,2025-04-05,Public Event,Youth Policy,Yekaterinburg,Male,35-44,Speaker,No,Yes,No,Visible,No
1520,2025-04-05,Community Outreach,Social Policy,Revda,Female,25-34,Participant,No,No,No,Basic,No
1971,2025-04-05,Meeting,Healthcare,Yekaterinburg,Female,55+,Organizer,Yes,Yes,Yes,Leadership,Yes
2172,2025-04-05,Educational Event,Healthcare,Nizhny Tagil,Female,35-44,Analyst,Yes,No,No,Professional,No
3214,2025-04-05,Meeting,Housing,Serov,Male,55+,Participant,Yes,No,No,Basic,No
136,2025-04-06,Media Activity,Gender Equality,Nizhny Tagil,Female,55+,Participant,No,No,No,Basic,No
299,2025-04-06,Meeting,Local Government,Pervouralsk,Male,45-54,Organizer,Yes,No,Yes,Leadership,Yes
2103,2025-04-06,Meeting,Healthcare,Pervouralsk,Male,35-44,Participant,No,No,No,Basic,No
3390,2025-04-06,Meeting,Local Government,Nizhny Tagil,Female,25-34,Participant,No,No,No,Basic,No
3449,2025-04-06,Community Outreach,Gender Equality,Kamensk-Uralsky,Female,45-54,Coordinator,Yes,No,Yes,Leadership,Yes
110,2025-04-07,Survey,Youth Policy,Yekaterinburg,Male,25-34,Organizer,Yes,Yes,Yes,Leadership,Yes
153,2025-04-07,Campaign Activity,Housing,Yekaterinburg,Female,35-44,Participant,No,No,No,Basic,No
994,2025-04-07,Public Event,Local Government,Yekaterinburg,Female,18-24,Coordinator,Yes,Yes,Yes,Leadership,Yes
2744,2025-04-07,Campaign Activity,Social Policy,Yekaterinburg,Male,18-24,Participant,No,No,No,Basic,No
2806,2025-04-07,Government Interaction,Education,Nizhny Tagil,Female,45-54,Analyst,No,No,Yes,Professional,No
3397,2025-04-07,Survey,Social Policy,Yekaterinburg,Female,55+,Participant,No,No,No,Basic,No
796,2025-04-08,Campaign Activity,Transport,Pervouralsk,Female,55+,Analyst,No,No,No,Professional,No
1305,2025-04-08,Government Interaction,Healthcare,Serov,Male,18-24,Analyst,No,Yes,No,Professional,No
2466,2025-04-08,Educational Event,Entrepreneurship,Nizhny Tagil,Male,35-44,Coordinator,Yes,Yes,Yes,Leadership,Yes
2684,2025-04-08,Meeting,Housing,Asbest,Male,45-54,Coordinator,Yes,Yes,Yes,Leadership,Yes
2866,2025-04-08,Educational Event,Housing,Yekaterinburg,Female,18-24,Participant,No,No,No,Basic,No
2933,2025-04-08,Government Interaction,Economic Policy,Yekaterinburg,Male,18-24,Organizer,Yes,Yes,Yes,Leadership,Yes
3325,2025-04-08,Campaign Activity,Social Policy,Yekaterinburg,Male,35-44,Participant,No,Yes,No,Basic,No
3399,2025-04-08,Educational Event,Entrepreneurship,Yekaterinburg,Male,35-44,Organizer,Yes,No,Yes,Leadership,Yes
1593,2025-04-09,Meeting,Local Government,Pervouralsk,Male,35-44,Participant,No,No,No,Basic,No
1880,2025-04-09,Media Activity,Local Government,Kamensk-Uralsky,Male,25-34,Speaker,Yes,Yes,No,Visible,No
2273,2025-04-09,Meeting,Education,Revda,Male,45-54,Participant,No,No,No,Basic,No
2455,2025-04-09,Meeting,Youth Policy,Nizhny Tagil,Male,45-54,Participant,No,No,No,Basic,No
3082,2025-04-09,Educational Event,Housing,Serov,Female,25-34,Speaker,No,Yes,No,Visible,No
3133,2025-04-09,Educational Event,Healthcare,Yekaterinburg,Female,18-24,Participant,No,No,No,Basic,No
3349,2025-04-09,Government Interaction,Local Government,Revda,Male,25-34,Participant,Yes,No,No,Basic,No
1500,2025-04-10,Educational Event,Social Policy,Kamensk-Uralsky,Male,35-44,Organizer,Yes,No,Yes,Leadership,Yes
2462,2025-04-10,Campaign Activity,Housing,Yekaterinburg,Male,55+,Volunteer,No,No,No,Basic,No
2871,2025-04-10,Campaign Activity,Housing,Yekaterinburg,Male,25-34,Participant,No,No,No,Basic,No
2892,2025-04-10,Government Interaction,Local Government,Yekaterinburg,Male,18-24,Participant,No,No,No,Basic,No
2955,2025-04-10,Meeting,Education,Serov,Male,35-44,Participant,No,No,No,Basic,No
2961,2025-04-10,Campaign Activity,Healthcare,Yekaterinburg,Male,18-24,Volunteer,No,No,No,Basic,No
3043,2025-04-10,Public Event,Education,Revda,Male,25-34,Organizer,Yes,Yes,Yes,Leadership,Yes
66,2025-04-11,Campaign Activity,Healthcare,Pervouralsk,Male,25-34,Coordinator,Yes,Yes,Yes,Leadership,Yes
721,2025-04-11,Educational Event,Entrepreneurship,Nizhny Tagil,Male,25-34,Analyst,No,No,No,Professional,No
1835,2025-04-11,Survey,Transport,Yekaterinburg,Female,18-24,Coordinator,No,Yes,Yes,Leadership,Yes
2097,2025-04-11,Meeting,Economic Policy,Yekaterinburg,Female,25-34,Coordinator,No,Yes,Yes,Leadership,Yes
2253,2025-04-11,Meeting,Entrepreneurship,Yekaterinburg,Female,35-44,Participant,No,No,No,Basic,No
3176,2025-04-11,Campaign Activity,Gender Equality,Yekaterinburg,Female,45-54,Organizer,Yes,No,Yes,Leadership,Yes
3408,2025-04-11,Meeting,Local Government,Yekaterinburg,Female,25-34,Analyst,Yes,No,Yes,Professional,No
961,2025-04-12,Media Activity,Local Government,Yekaterinburg,Male,18-24,Participant,No,No,No,Basic,No
1539,2025-04-12,Public Event,Local Government,Yekaterinburg,Male,25-34,Participant,No,Yes,No,Basic,No
2062,2025-04-12,Meeting,Education,Yekaterinburg,Female,25-34,Participant,No,No,No,Basic,No
2127,2025-04-12,Government Interaction,Economic Policy,Yekaterinburg,Female,35-44,Participant,No,No,No,Basic,No
2666,2025-04-12,Educational Event,Healthcare,Pervouralsk,Male,18-24,Organizer,Yes,Yes,Yes,Leadership,Yes
547,2025-04-13,Meeting,Entrepreneurship,Nizhny Tagil,Female,55+,Participant,No,No,No,Basic,No
813,2025-04-13,Survey,Gender Equality,Pervouralsk,Male,35-44,Organizer,No,No,Yes,Leadership,Yes
202,2025-04-14,Public Event,Economic Policy,Asbest,Male,35-44,Participant,No,No,No,Basic,No
1876,2025-04-14,Meeting,Housing,Yekaterinburg,Male,45-54,Coordinator,Yes,No,Yes,Leadership,Yes
2287,2025-04-14,Public Event,Social Policy,Asbest,Male,35-44,Organizer,Yes,No,Yes,Leadership,Yes
2676,2025-04-14,Government Interaction,Social Policy,Yekaterinburg,Male,45-54,Speaker,No,Yes,No,Visible,No
2791,2025-04-14,Meeting,Local Government,Nizhny Tagil,Male,25-34,Coordinator,Yes,No,Yes,Leadership,Yes
3157,2025-04-14,Survey,Local Government,Serov,Female,25-34,Participant,No,No,No,Basic,No
1606,2025-04-15,Meeting,Education,Yekaterinburg,Female,18-24,Volunteer,No,Yes,No,Basic,No
1612,2025-04-15,Public Event,Transport,Yekaterinburg,Male,35-44,Organizer,Yes,Yes,Yes,Leadership,Yes
2413,2025-04-15,Meeting,Education,Kamensk-Uralsky,Female,45-54,Participant,No,No,No,Basic,No
2665,2025-04-15,Campaign Activity,Social Policy,Nizhny Tagil,Male,18-24,Analyst,Yes,No,No,Professional,No
2695,2025-04-15,Meeting,Social Policy,Yekaterinburg,Male,45-54,Speaker,No,Yes,No,Visible,No
3281,2025-04-15,Meeting,Housing,Yekaterinburg,Male,18-24,Volunteer,No,No,Yes,Basic,No
1056,2025-04-16,Educational Event,Education,Yekaterinburg,Male,25-34,Volunteer,Yes,No,Yes,Basic,No
2184,2025-04-16,Educational Event,Social Policy,Serov,Female,45-54,Organizer,Yes,Yes,Yes,Leadership,Yes
2694,2025-04-16,Media Activity,Transport,Yekaterinburg,Male,25-34,Organizer,Yes,No,Yes,Leadership,Yes
2762,2025-04-16,Community Outreach,Youth Policy,Yekaterinburg,Male,25-34,Organizer,Yes,Yes,Yes,Leadership,Yes
2844,2025-04-16,Educational Event,Gender Equality,Yekaterinburg,Female,25-34,Volunteer,No,No,Yes,Basic,No
2967,2025-04-16,Community Outreach,Local Government,Nizhny Tagil,Female,35-44,Volunteer,No,No,No,Basic,No
3461,2025-04-16,Meeting,Entrepreneurship,Kamensk-Uralsky,Female,25-34,Participant,No,No,No,Basic,No
490,2025-04-17,Meeting,Housing,Revda,Male,45-54,Participant,No,No,No,Basic,No
996,2025-04-17,Media Activity,Entrepreneurship,Yekaterinburg,Female,25-34,Organizer,No,Yes,Yes,Leadership,Yes
1781,2025-04-17,Public Event,Healthcare,Yekaterinburg,Female,35-44,Coordinator,Yes,Yes,Yes,Leadership,Yes
2226,2025-04-17,Meeting,Housing,Yekaterinburg,Female,45-54,Coordinator,Yes,Yes,Yes,Leadership,Yes
2874,2025-04-17,Community Outreach,Education,Yekaterinburg,Female,45-54,Participant,No,No,No,Basic,No
3021,2025-04-17,Survey,Gender Equality,Yekaterinburg,Female,45-54,Volunteer,No,No,No,Basic,No
3336,2025-04-17,Government Interaction,Economic Policy,Yekaterinburg,Female,18-24,Organizer,No,Yes,Yes,Leadership,Yes
249,2025-04-18,Public Event,Entrepreneurship,Pervouralsk,Female,18-24,Organizer,Yes,No,Yes,Leadership,Yes
533,2025-04-18,Campaign Activity,Gender Equality,Asbest,Female,25-34,Participant,No,No,No,Basic,No
654,2025-04-18,Community Outreach,Transport,Nizhny Tagil,Female,25-34,Participant,No,No,No,Basic,No
2109,2025-04-18,Meeting,Housing,Yekaterinburg,Female,35-44,Speaker,No,Yes,No,Visible,No
2323,2025-04-18,Survey,Transport,Yekaterinburg,Female,25-34,Coordinator,Yes,No,Yes,Leadership,Yes
3179,2025-04-18,Campaign Activity,Entrepreneurship,Yekaterinburg,Female,35-44,Participant,No,No,No,Basic,No
3244,2025-04-18,Campaign Activity,Economic Policy,Kamensk-Uralsky,Female,18-24,Participant,Yes,No,No,Basic,No
47,2025-04-19,Campaign Activity,Transport,Yekaterinburg,Female,18-24,Participant,No,No,No,Basic,No
421,2025-04-19,Public Event,Entrepreneurship,Yekaterinburg,Male,45-54,Analyst,No,No,Yes,Professional,No
1102,2025-04-19,Campaign Activity,Entrepreneurship,Kamensk-Uralsky,Female,25-34,Participant,No,No,No,Basic,No
1412,2025-04-19,Community Outreach,Healthcare,Yekaterinburg,Male,25-34,Participant,No,No,No,Basic,No
2224,2025-04-19,Meeting,Local Government,Yekaterinburg,Female,45-54,Organizer,Yes,No,Yes,Leadership,Yes
246,2025-04-20,Community Outreach,Local Government,Pervouralsk,Male,35-44,Coordinator,Yes,No,Yes,Leadership,Yes
322,2025-04-20,Educational Event,Economic Policy,Yekaterinburg,Male,55+,Speaker,No,Yes,No,Visible,No
1598,2025-04-20,Campaign Activity,Education,Yekaterinburg,Female,25-34,Participant,No,No,No,Basic,No
1712,2025-04-20,Public Event,Youth Policy,Yekaterinburg,Female,18-24,Participant,No,No,No,Basic,No
2030,2025-04-20,Public Event,Education,Revda,Male,25-34,Participant,Yes,No,No,Basic,No
2924,2025-04-20,Public Event,Education,Nizhny Tagil,Male,18-24,Participant,No,No,No,Basic,No
3006,2025-04-20,Meeting,Education,Yekaterinburg,Male,25-34,Participant,No,Yes,No,Basic,No
3079,2025-04-20,Meeting,Transport,Yekaterinburg,Male,35-44,Coordinator,Yes,No,Yes,Leadership,Yes
374,2025-04-21,Meeting,Youth Policy,Asbest,Female,45-54,Participant,No,No,No,Basic,No
819,2025-04-21,Meeting,Transport,Yekaterinburg,Male,25-34,Speaker,No,Yes,No,Visible,No
1983,2025-04-21,Campaign Activity,Social Policy,Yekaterinburg,Male,25-34,Coordinator,Yes,Yes,Yes,Leadership,Yes
2108,2025-04-21,Educational Event,Entrepreneurship,Yekaterinburg,Male,25-34,Coordinator,Yes,No,Yes,Leadership,Yes
2177,2025-04-21,Government Interaction,Housing,Yekaterinburg,Female,45-54,Volunteer,No,No,No,Basic,No
2719,2025-04-21,Community Outreach,Social Policy,Yekaterinburg,Female,25-34,Analyst,No,No,No,Professional,No
2869,2025-04-21,Media Activity,Economic Policy,Yekaterinburg,Male,18-24,Participant,No,No,No,Basic,No
2910,2025-04-21,Community Outreach,Local Government,Pervouralsk,Male,25-34,Coordinator,Yes,No,Yes,Leadership,Yes
506,2025-04-22,Meeting,Economic Policy,Pervouralsk,Male,35-44,Speaker,No,Yes,No,Visible,No
593,2025-04-22,Community Outreach,Social Policy,Revda,Female,25-34,Participant,No,No,No,Basic,No
1219,2025-04-22,Community Outreach,Social Policy,Yekaterinburg,Male,25-34,Analyst,No,No,Yes,Professional,No
1564,2025-04-22,Campaign Activity,Entrepreneurship,Yekaterinburg,Male,35-44,Volunteer,No,No,No,Basic,No
2188,2025-04-22,Educational Event,Housing,Yekaterinburg,Male,45-54,Volunteer,No,No,No,Basic,No
2326,2025-04-22,Meeting,Economic Policy,Yekaterinburg,Male,35-44,Organizer,Yes,No,Yes,Leadership,Yes
2617,2025-04-22,Community Outreach,Education,Yekaterinburg,Female,25-34,Participant,No,No,No,Basic,No
2840,2025-04-22,Community Outreach,Transport,Yekaterinburg,Female,35-44,Analyst,No,No,No,Professional,No
1388,2025-04-23,Meeting,Healthcare,Pervouralsk,Female,55+,Participant,No,No,No,Basic,No
1863,2025-04-23,Meeting,Social Policy,Yekaterinburg,Male,35-44,Organizer,No,No,Yes,Leadership,Yes
2191,2025-04-23,Educational Event,Transport,Yekaterinburg,Female,45-54,Participant,No,No,No,Basic,No
2537,2025-04-23,Media Activity,Gender Equality,Yekaterinburg,Male,18-24,Volunteer,No,No,No,Basic,No
2567,2025-04-23,Community Outreach,Transport,Yekaterinburg,Female,25-34,Volunteer,No,No,No,Basic,No
2691,2025-04-23,Government Interaction,Youth Policy,Yekaterinburg,Male,35-44,Analyst,Yes,No,No,Professional,No
26,2025-04-24,Community Outreach,Gender Equality,Yekaterinburg,Female,35-44,Analyst,Yes,No,No,Professional,No
257,2025-04-24,Survey,Healthcare,Yekaterinburg,Male,18-24,Volunteer,No,No,No,Basic,No
916,2025-04-24,Public Event,Transport,Yekaterinburg,Male,45-54,Participant,No,No,No,Basic,No
1823,2025-04-24,Survey,Gender Equality,Yekaterinburg,Male,25-34,Participant,No,No,No,Basic,No
2081,2025-04-24,Educational Event,Entrepreneurship,Pervouralsk,Female,45-54,Speaker,No,Yes,No,Visible,No
2981,2025-04-24,Educational Event,Transport,Yekaterinburg,Male,18-24,Analyst,Yes,No,No,Professional,No
3155,2025-04-24,Campaign Activity,Healthcare,Nizhny Tagil,Female,25-34,Volunteer,No,Yes,No,Basic,No
3584,2025-04-24,Campaign Activity,Healthcare,Nizhny Tagil,Male,18-24,Volunteer,No,No,No,Basic,No
143,2025-04-25,Educational Event,Youth Policy,Yekaterinburg,Male,25-34,Analyst,No,No,Yes,Professional,No
219,2025-04-25,Government Interaction,Healthcare,Kamensk-Uralsky,Male,25-34,Participant,No,No,No,Basic,No
517,2025-04-25,Community Outreach,Entrepreneurship,Serov,Female,35-44,Speaker,No,Yes,No,Visible,No
843,2025-04-25,Educational Event,Local Government,Yekaterinburg,Male,25-34,Participant,No,No,No,Basic,No
857,2025-04-25,Meeting,Social Policy,Pervouralsk,Male,18-24,Volunteer,No,No,No,Basic,No
931,2025-04-25,Survey,Gender Equality,Yekaterinburg,Female,45-54,Organizer,No,No,Yes,Leadership,Yes
1206,2025-04-25,Government Interaction,Local Government,Yekaterinburg,Female,18-24,Coordinator,Yes,No,Yes,Leadership,Yes
2141,2025-04-25,Government Interaction,Entrepreneurship,Yekaterinburg,Male,35-44,Participant,No,No,No,Basic,No
2783,2025-04-25,Government Interaction,Youth Policy,Yekaterinburg,Male,45-54,Analyst,Yes,Yes,No,Professional,No
714,2025-04-26,Educational Event,Education,Kamensk-Uralsky,Male,45-54,Volunteer,No,No,No,Basic,No
1345,2025-04-26,Community Outreach,Social Policy,Yekaterinburg,Male,18-24,Speaker,No,Yes,No,Visible,No
2010,2025-04-26,Government Interaction,Local Government,Serov,Male,55+,Participant,No,No,No,Basic,No
2083,2025-04-26,Meeting,Housing,Yekaterinburg,Male,55+,Coordinator,Yes,Yes,Yes,Leadership,Yes
2435,2025-04-26,Media Activity,Social Policy,Yekaterinburg,Male,45-54,Participant,No,No,No,Basic,No
2624,2025-04-26,Meeting,Youth Policy,Nizhny Tagil,Male,25-34,Coordinator,Yes,No,Yes,Leadership,Yes
3162,2025-04-26,Community Outreach,Youth Policy,Pervouralsk,Male,55+,Participant,No,No,No,Basic,No
3218,2025-04-26,Meeting,Social Policy,Yekaterinburg,Female,25-34,Coordinator,Yes,No,Yes,Leadership,Yes
3488,2025-04-26,Public Event,Transport,Yekaterinburg,Male,18-24,Speaker,No,Yes,No,Visible,No
616,2025-04-27,Meeting,Entrepreneurship,Yekaterinburg,Male,25-34,Participant,No,No,No,Basic,No
1760,2025-04-27,Educational Event,Social Policy,Revda,Male,25-34,Volunteer,No,No,No,Basic,No
2236,2025-04-27,Meeting,Entrepreneurship,Pervouralsk,Male,25-34,Speaker,Yes,Yes,No,Visible,No
2343,2025-04-27,Meeting,Economic Policy,Yekaterinburg,Male,35-44,Organizer,No,No,Yes,Leadership,Yes
2401,2025-04-27,Campaign Activity,Economic Policy,Kamensk-Uralsky,Male,25-34,Participant,No,No,No,Basic,No
2540,2025-04-27,Campaign Activity,Local Government,Kamensk-Uralsky,Male,25-34,Participant,No,No,No,Basic,No
2930,2025-04-27,Meeting,Housing,Kamensk-Uralsky,Male,25-34,Participant,No,No,No,Basic,No
546,2025-04-28,Public Event,Local Government,Yekaterinburg,Female,18-24,Volunteer,No,No,No,Basic,No
1362,2025-04-28,Meeting,Education,Yekaterinburg,Female,25-34,Analyst,No,No,Yes,Professional,No
2919,2025-04-28,Public Event,Entrepreneurship,Asbest,Female,25-34,Participant,No,No,No,Basic,No
3054,2025-04-28,Community Outreach,Social Policy,Yekaterinburg,Male,25-34,Speaker,Yes,Yes,No,Visible,No
3388,2025-04-28,Meeting,Education,Pervouralsk,Male,35-44,Coordinator,No,Yes,Yes,Leadership,Yes
3541,2025-04-28,Campaign Activity,Economic Policy,Yekaterinburg,Male,35-44,Coordinator,Yes,Yes,Yes,Leadership,Yes
457,2025-04-29,Public Event,Local Government,Yekaterinburg,Male,18-24,Coordinator,Yes,Yes,Yes,Leadership,Yes
1667,2025-04-29,Campaign Activity,Entrepreneurship,Yekaterinburg,Male,45-54,Analyst,Yes,Yes,No,Professional,No
2689,2025-04-29,Campaign Activity,Entrepreneurship,Pervouralsk,Female,45-54,Volunteer,No,No,No,Basic,No
3253,2025-04-29,Government Interaction,Housing,Kamensk-Uralsky,Female,45-54,Coordinator,Yes,Yes,Yes,Leadership,Yes
568,2025-04-30,Campaign Activity,Transport,Kamensk-Uralsky,Female,25-34,Participant,No,No,No,Basic,No
698,2025-04-30,Community Outreach,Healthcare,Yekaterinburg,Male,25-34,Coordinator,No,No,Yes,Leadership,Yes
757,2025-04-30,Media Activity,Transport,Nizhny Tagil,Female,25-34,Participant,No,No,No,Basic,No
2266,2025-04-30,Campaign Activity,Housing,Yekaterinburg,Female,18-24,Analyst,No,No,No,Professional,No
293,2025-05-01,Community Outreach,Housing,Nizhny Tagil,Male,25-34,Organizer,Yes,Yes,Yes,Leadership,Yes
569,2025-05-01,Community Outreach,Local Government,Yekaterinburg,Female,25-34,Coordinator,Yes,Yes,Yes,Leadership,Yes
1042,2025-05-01,Meeting,Healthcare,Yekaterinburg,Male,35-44,Participant,No,No,No,Basic,No
2005,2025-05-01,Community Outreach,Entrepreneurship,Nizhny Tagil,Female,45-54,Volunteer,No,No,No,Basic,No
3172,2025-05-01,Community Outreach,Education,Serov,Male,18-24,Organizer,No,Yes,Yes,Leadership,Yes
3193,2025-05-01,Government Interaction,Economic Policy,Yekaterinburg,Male,55+,Participant,No,No,No,Basic,No
1486,2025-05-02,Campaign Activity,Gender Equality,Pervouralsk,Female,25-34,Organizer,Yes,Yes,Yes,Leadership,Yes
1573,2025-05-02,Educational Event,Entrepreneurship,Yekaterinburg,Male,35-44,Organizer,Yes,No,Yes,Leadership,Yes
1845,2025-05-02,Media Activity,Social Policy,Yekaterinburg,Female,35-44,Analyst,Yes,No,No,Professional,No
1947,2025-05-02,Media Activity,Healthcare,Asbest,Female,25-34,Volunteer,No,No,No,Basic,No
2389,2025-05-02,Media Activity,Economic Policy,Yekaterinburg,Male,25-34,Participant,No,No,No,Basic,No
2932,2025-05-02,Media Activity,Gender Equality,Pervouralsk,Female,55+,Organizer,Yes,Yes,Yes,Leadership,Yes
3016,2025-05-02,Meeting,Housing,Yekaterinburg,Male,45-54,Participant,No,No,No,Basic,No
3038,2025-05-02,Government Interaction,Youth Policy,Yekaterinburg,Female,25-34,Speaker,No,Yes,No,Visible,No
198,2025-05-03,Survey,Social Policy,Yekaterinburg,Male,18-24,Participant,Yes,No,No,Basic,No
243,2025-05-03,Government Interaction,Transport,Yekaterinburg,Female,55+,Participant,No,No,No,Basic,No
788,2025-05-03,Meeting,Entrepreneurship,Yekaterinburg,Female,45-54,Participant,Yes,No,No,Basic,No
1413,2025-05-03,Public Event,Local Government,Yekaterinburg,Male,45-54,Volunteer,No,No,Yes,Basic,No
3259,2025-05-03,Public Event,Transport,Yekaterinburg,Male,35-44,Participant,No,No,No,Basic,No
245,2025-05-04,Media Activity,Economic Policy,Yekaterinburg,Male,18-24,Participant,No,No,No,Basic,No
486,2025-05-04,Media Activity,Transport,Yekaterinburg,Female,35-44,Participant,No,No,No,Basic,No
1321,2025-05-04,Campaign Activity,Transport,Kamensk-Uralsky,Male,45-54,Participant,No,No,No,Basic,No
2307,2025-05-04,Community Outreach,Transport,Yekaterinburg,Male,35-44,Participant,No,No,No,Basic,No
3025,2025-05-04,Meeting,Local Government,Pervouralsk,Female,18-24,Volunteer,No,No,No,Basic,No
3308,2025-05-04,Survey,Youth Policy,Kamensk-Uralsky,Female,18-24,Participant,No,No,No,Basic,No
3453,2025-05-04,Campaign Activity,Education,Nizhny Tagil,Female,55+,Volunteer,No,No,No,Basic,No
3489,2025-05-04,Meeting,Entrepreneurship,Serov,Female,35-44,Participant,No,No,No,Basic,No
315,2025-05-05,Campaign Activity,Education,Yekaterinburg,Female,18-24,Participant,No,No,No,Basic,No
464,2025-05-05,Community Outreach,Gender Equality,Yekaterinburg,Female,55+,Participant,No,No,No,Basic,No
1498,2025-05-05,Community Outreach,Education,Nizhny Tagil,Male,25-34,Organizer,Yes,No,Yes,Leadership,Yes
1563,2025-05-05,Meeting,Healthcare,Kamensk-Uralsky,Male,45-54,Participant,No,No,No,Basic,No
2135,2025-05-05,Meeting,Social Policy,Kamensk-Uralsky,Male,35-44,Coordinator,Yes,No,Yes,Leadership,Yes
3148,2025-05-05,Community Outreach,Transport,Kamensk-Uralsky,Male,35-44,Participant,No,No,No,Basic,No
3470,2025-05-05,Government Interaction,Entrepreneurship,Yekaterinburg,Male,18-24,Participant,No,No,No,Basic,No
3483,2025-05-05,Survey,Healthcare,Yekaterinburg,Male,35-44,Participant,No,No,No,Basic,No
702,2025-05-06,Government Interaction,Entrepreneurship,Yekaterinburg,Female,45-54,Speaker,No,Yes,No,Visible,No
1355,2025-05-06,Public Event,Housing,Yekaterinburg,Male,55+,Analyst,No,No,No,Professional,No
1936,2025-05-06,Survey,Social Policy,Yekaterinburg,Female,35-44,Analyst,No,No,No,Professional,No
2286,2025-05-06,Meeting,Gender Equality,Yekaterinburg,Female,35-44,Participant,No,No,No,Basic,No
3306,2025-05-06,Educational Event,Healthcare,Yekaterinburg,Female,18-24,Participant,No,No,No,Basic,No
3512,2025-05-06,Community Outreach,Local Government,Yekaterinburg,Male,35-44,Volunteer,No,No,No,Basic,No
2082,2025-05-07,Campaign Activity,Housing,Nizhny Tagil,Female,45-54,Volunteer,No,No,No,Basic,No
2363,2025-05-07,Community Outreach,Healthcare,Serov,Male,18-24,Organizer,Yes,Yes,Yes,Leadership,Yes
2528,2025-05-07,Meeting,Entrepreneurship,Nizhny Tagil,Male,25-34,Participant,No,No,No,Basic,No
3254,2025-05-07,Campaign Activity,Transport,Yekaterinburg,Male,25-34,Participant,No,No,No,Basic,No
3507,2025-05-07,Community Outreach,Healthcare,Nizhny Tagil,Male,18-24,Participant,No,No,No,Basic,No
3591,2025-05-07,Community Outreach,Entrepreneurship,Pervouralsk,Male,25-34,Participant,No,No,No,Basic,No
885,2025-05-08,Educational Event,Housing,Yekaterinburg,Female,25-34,Participant,No,No,No,Basic,No
1095,2025-05-08,Campaign Activity,Entrepreneurship,Serov,Male,25-34,Participant,No,No,No,Basic,No
2243,2025-05-08,Public Event,Housing,Yekaterinburg,Female,25-34,Participant,No,No,No,Basic,No
281,2025-05-09,Government Interaction,Healthcare,Revda,Female,18-24,Participant,Yes,No,No,Basic,No
645,2025-05-09,Government Interaction,Housing,Serov,Male,25-34,Speaker,Yes,Yes,No,Visible,No
879,2025-05-09,Educational Event,Economic Policy,Yekaterinburg,Male,45-54,Volunteer,No,No,No,Basic,No
1849,2025-05-09,Community Outreach,Social Policy,Kamensk-Uralsky,Female,35-44,Speaker,No,Yes,No,Visible,No
2587,2025-05-09,Government Interaction,Housing,Kamensk-Uralsky,Female,18-24,Participant,No,No,No,Basic,No
3153,2025-05-09,Survey,Youth Policy,Kamensk-Uralsky,Female,25-34,Coordinator,Yes,No,Yes,Leadership,Yes
3236,2025-05-09,Meeting,Transport,Revda,Female,35-44,Volunteer,No,Yes,No,Basic,No
3315,2025-05-09,Survey,Housing,Nizhny Tagil,Female,55+,Coordinator,Yes,Yes,Yes,Leadership,Yes
709,2025-05-10,Media Activity,Gender Equality,Kamensk-Uralsky,Female,18-24,Organizer,No,No,Yes,Leadership,Yes
804,2025-05-10,Public Event,Social Policy,Nizhny Tagil,Male,35-44,Participant,No,No,No,Basic,No
937,2025-05-10,Government Interaction,Economic Policy,Yekaterinburg,Male,35-44,Participant,Yes,No,No,Basic,No
1711,2025-05-10,Campaign Activity,Housing,Kamensk-Uralsky,Male,18-24,Participant,No,No,No,Basic,No
1898,2025-05-10,Public Event,Entrepreneurship,Kamensk-Uralsky,Female,25-34,Volunteer,Yes,No,No,Basic,No
2317,2025-05-10,Survey,Economic Policy,Yekaterinburg,Female,45-54,Organizer,Yes,Yes,Yes,Leadership,Yes
2804,2025-05-10,Community Outreach,Housing,Nizhny Tagil,Male,35-44,Coordinator,Yes,No,Yes,Leadership,Yes
42,2025-05-11,Meeting,Education,Yekaterinburg,Male,25-34,Analyst,No,No,No,Professional,No
941,2025-05-11,Meeting,Youth Policy,Revda,Female,18-24,Participant,No,No,No,Basic,No
1153,2025-05-11,Campaign Activity,Economic Policy,Yekaterinburg,Female,45-54,Participant,No,No,No,Basic,No
1179,2025-05-11,Public Event,Social Policy,Yekaterinburg,Female,18-24,Speaker,No,Yes,No,Visible,No
1801,2025-05-11,Government Interaction,Transport,Yekaterinburg,Male,18-24,Volunteer,No,No,No,Basic,No
2484,2025-05-11,Meeting,Local Government,Nizhny Tagil,Female,45-54,Participant,No,Yes,No,Basic,No
3435,2025-05-11,Meeting,Social Policy,Nizhny Tagil,Female,25-34,Participant,No,No,No,Basic,No
391,2025-05-12,Media Activity,Social Policy,Pervouralsk,Male,25-34,Participant,No,Yes,No,Basic,No
1111,2025-05-12,Survey,Housing,Yekaterinburg,Female,25-34,Participant,No,No,No,Basic,No
1803,2025-05-12,Campaign Activity,Transport,Pervouralsk,Female,45-54,Volunteer,No,No,No,Basic,No
2046,2025-05-12,Public Event,Local Government,Kamensk-Uralsky,Female,55+,Volunteer,No,No,No,Basic,No
2616,2025-05-12,Meeting,Education,Yekaterinburg,Male,25-34,Participant,No,No,No,Basic,No
2668,2025-05-12,Survey,Social Policy,Serov,Female,18-24,Analyst,No,No,Yes,Professional,No
2859,2025-05-12,Community Outreach,Entrepreneurship,Pervouralsk,Male,25-34,Participant,No,No,No,Basic,No
3442,2025-05-12,Meeting,Economic Policy,Pervouralsk,Female,25-34,Volunteer,No,No,No,Basic,No
3498,2025-05-12,Campaign Activity,Economic Policy,Yekaterinburg,Male,18-24,Participant,No,No,No,Basic,No
58,2025-05-13,Campaign Activity,Healthcare,Asbest,Male,35-44,Volunteer,No,No,No,Basic,No
197,2025-05-13,Community Outreach,Gender Equality,Yekaterinburg,Male,45-54,Participant,No,No,No,Basic,No
1180,2025-05-13,Government Interaction,Education,Pervouralsk,Female,35-44,Participant,No,No,No,Basic,No
1335,2025-05-13,Community Outreach,Social Policy,Yekaterinburg,Male,45-54,Coordinator,Yes,Yes,Yes,Leadership,Yes
1421,2025-05-13,Media Activity,Social Policy,Yekaterinburg,Male,35-44,Organizer,No,Yes,Yes,Leadership,Yes
1565,2025-05-13,Community Outreach,Economic Policy,Pervouralsk,Male,18-24,Participant,No,No,No,Basic,No
2119,2025-05-13,Meeting,Housing,Yekaterinburg,Female,18-24,Participant,No,No,No,Basic,No
2600,2025-05-13,Media Activity,Housing,Yekaterinburg,Male,35-44,Volunteer,No,Yes,No,Basic,No
3118,2025-05-13,Educational Event,Local Government,Nizhny Tagil,Male,45-54,Participant,No,No,No,Basic,No
926,2025-05-14,Community Outreach,Gender Equality,Asbest,Female,18-24,Participant,No,No,No,Basic,No
1314,2025-05-14,Media Activity,Healthcare,Asbest,Female,18-24,Volunteer,No,No,No,Basic,No
1729,2025-05-14,Campaign Activity,Economic Policy,Kamensk-Uralsky,Female,55+,Participant,Yes,No,No,Basic,No
1996,2025-05-14,Community Outreach,Education,Kamensk-Uralsky,Male,35-44,Organizer,Yes,Yes,Yes,Leadership,Yes
2408,2025-05-14,Educational Event,Entrepreneurship,Yekaterinburg,Female,55+,Speaker,No,Yes,No,Visible,No
2428,2025-05-14,Meeting,Education,Yekaterinburg,Male,25-34,Organizer,No,No,Yes,Leadership,Yes
2836,2025-05-14,Campaign Activity,Gender Equality,Serov,Male,25-34,Coordinator,No,No,Yes,Leadership,Yes
2976,2025-05-14,Community Outreach,Education,Yekaterinburg,Male,25-34,Coordinator,Yes,Yes,Yes,Leadership,Yes
2,2025-05-15,Meeting,Local Government,Yekaterinburg,Female,55+,Coordinator,No,Yes,Yes,Leadership,Yes
2414,2025-05-15,Community Outreach,Healthcare,Yekaterinburg,Male,45-54,Analyst,Yes,No,No,Professional,No
1744,2025-05-16,Community Outreach,Youth Policy,Kamensk-Uralsky,Male,25-34,Participant,Yes,Yes,No,Basic,No
2443,2025-05-16,Survey,Housing,Yekaterinburg,Female,18-24,Participant,No,No,No,Basic,No
2759,2025-05-16,Community Outreach,Housing,Yekaterinburg,Male,35-44,Participant,No,No,No,Basic,No
3371,2025-05-16,Survey,Transport,Serov,Male,25-34,Volunteer,No,No,No,Basic,No
265,2025-05-17,Media Activity,Economic Policy,Yekaterinburg,Male,35-44,Volunteer,No,No,No,Basic,No
513,2025-05-17,Survey,Youth Policy,Yekaterinburg,Female,18-24,Analyst,No,No,No,Professional,No
635,2025-05-17,Meeting,Economic Policy,Pervouralsk,Female,35-44,Organizer,No,No,Yes,Leadership,Yes
763,2025-05-17,Government Interaction,Gender Equality,Nizhny Tagil,Female,25-34,Speaker,No,Yes,No,Visible,No
2524,2025-05-17,Campaign Activity,Gender Equality,Yekaterinburg,Male,45-54,Participant,No,No,No,Basic,No
2659,2025-05-17,Community Outreach,Transport,Yekaterinburg,Female,25-34,Participant,No,No,No,Basic,No
2734,2025-05-17,Campaign Activity,Entrepreneurship,Yekaterinburg,Female,35-44,Coordinator,No,Yes,Yes,Leadership,Yes
3055,2025-05-17,Community Outreach,Gender Equality,Revda,Male,18-24,Participant,No,No,No,Basic,No
1114,2025-05-18,Educational Event,Healthcare,Serov,Male,25-34,Volunteer,No,No,No,Basic,No
1689,2025-05-18,Public Event,Economic Policy,Yekaterinburg,Male,25-34,Participant,No,No,No,Basic,No
2576,2025-05-18,Media Activity,Housing,Yekaterinburg,Male,45-54,Participant,No,No,No,Basic,No
2826,2025-05-18,Meeting,Gender Equality,Yekaterinburg,Male,25-34,Participant,No,No,No,Basic,No
3235,2025-05-18,Campaign Activity,Youth Policy,Revda,Female,18-24,Participant,No,Yes,No,Basic,No
522,2025-05-19,Survey,Economic Policy,Pervouralsk,Female,35-44,Participant,No,No,No,Basic,No
600,2025-05-19,Meeting,Housing,Yekaterinburg,Male,25-34,Participant,No,Yes,No,Basic,No
2885,2025-05-19,Media Activity,Education,Yekaterinburg,Male,18-24,Speaker,No,Yes,No,Visible,No
3108,2025-05-19,Community Outreach,Entrepreneurship,Yekaterinburg,Male,55+,Volunteer,Yes,No,No,Basic,No
3426,2025-05-19,Community Outreach,Gender Equality,Yekaterinburg,Male,55+,Speaker,No,Yes,No,Visible,No
592,2025-05-20,Government Interaction,Transport,Yekaterinburg,Female,55+,Participant,No,No,No,Basic,No
947,2025-05-20,Media Activity,Gender Equality,Kamensk-Uralsky,Male,55+,Coordinator,Yes,Yes,Yes,Leadership,Yes
1294,2025-05-20,Public Event,Youth Policy,Yekaterinburg,Female,25-34,Participant,No,No,No,Basic,No
2013,2025-05-20,Public Event,Transport,Nizhny Tagil,Female,25-34,Participant,No,No,No,Basic,No
2065,2025-05-20,Public Event,Gender Equality,Yekaterinburg,Female,18-24,Participant,No,No,No,Basic,No
2573,2025-05-20,Campaign Activity,Youth Policy,Yekaterinburg,Male,25-34,Volunteer,No,No,No,Basic,No
651,2025-05-21,Campaign Activity,Healthcare,Serov,Female,45-54,Volunteer,No,No,No,Basic,No
718,2025-05-21,Survey,Entrepreneurship,Yekaterinburg,Female,25-34,Participant,No,No,No,Basic,No
951,2025-05-21,Meeting,Housing,Yekaterinburg,Male,18-24,Organizer,Yes,No,Yes,Leadership,Yes
1948,2025-05-21,Community Outreach,Youth Policy,Kamensk-Uralsky,Male,18-24,Participant,No,No,No,Basic,No
2125,2025-05-21,Survey,Transport,Revda,Female,18-24,Speaker,No,Yes,No,Visible,No
2197,2025-05-21,Community Outreach,Social Policy,Yekaterinburg,Female,25-34,Participant,No,Yes,No,Basic,No
2597,2025-05-21,Survey,Housing,Yekaterinburg,Female,55+,Organizer,Yes,Yes,Yes,Leadership,Yes
2613,2025-05-21,Campaign Activity,Education,Yekaterinburg,Male,35-44,Participant,No,No,No,Basic,No
262,2025-05-22,Meeting,Education,Yekaterinburg,Male,45-54,Coordinator,Yes,No,Yes,Leadership,Yes
1329,2025-05-22,Government Interaction,Housing,Yekaterinburg,Female,35-44,Participant,No,No,No,Basic,No
1475,2025-05-22,Media Activity,Transport,Yekaterinburg,Male,25-34,Participant,No,No,No,Basic,No
1372,2025-05-23,Meeting,Local Government,Yekaterinburg,Male,25-34,Analyst,No,No,No,Professional,No
1379,2025-05-23,Educational Event,Economic Policy,Yekaterinburg,Male,55+,Speaker,No,Yes,No,Visible,No
2283,2025-05-23,Survey,Education,Yekaterinburg,Female,18-24,Speaker,No,Yes,No,Visible,No
2592,2025-05-23,Meeting,Youth Policy,Yekaterinburg,Male,25-34,Participant,No,No,No,Basic,No
3321,2025-05-23,Survey,Youth Policy,Yekaterinburg,Female,18-24,Coordinator,Yes,Yes,Yes,Leadership,Yes
327,2025-05-24,Community Outreach,Local Government,Yekaterinburg,Male,35-44,Participant,No,No,No,Basic,No
363,2025-05-24,Government Interaction,Gender Equality,Pervouralsk,Female,45-54,Participant,No,No,No,Basic,No
854,2025-05-24,Government Interaction,Social Policy,Yekaterinburg,Male,35-44,Coordinator,Yes,Yes,Yes,Leadership,Yes
2048,2025-05-24,Meeting,Social Policy,Yekaterinburg,Male,45-54,Participant,No,No,No,Basic,No
2937,2025-05-24,Meeting,Education,Serov,Female,25-34,Participant,No,No,No,Basic,No
2974,2025-05-24,Community Outreach,Transport,Yekaterinburg,Male,45-54,Participant,No,No,No,Basic,No
3546,2025-05-24,Government Interaction,Entrepreneurship,Nizhny Tagil,Male,25-34,Participant,No,No,No,Basic,No
90,2025-05-25,Campaign Activity,Economic Policy,Yekaterinburg,Male,35-44,Participant,No,No,No,Basic,No
1195,2025-05-25,Public Event,Entrepreneurship,Yekaterinburg,Male,25-34,Analyst,No,No,No,Professional,No
1656,2025-05-25,Educational Event,Transport,Yekaterinburg,Female,55+,Volunteer,No,No,No,Basic,No
1986,2025-05-25,Media Activity,Healthcare,Yekaterinburg,Male,25-34,Volunteer,No,No,No,Basic,No
2202,2025-05-25,Community Outreach,Transport,Yekaterinburg,Male,35-44,Participant,No,No,No,Basic,No
2657,2025-05-25,Government Interaction,Social Policy,Yekaterinburg,Female,35-44,Coordinator,No,Yes,Yes,Leadership,Yes
1870,2025-05-26,Meeting,Education,Asbest,Male,55+,Volunteer,No,No,No,Basic,No
2003,2025-05-26,Educational Event,Healthcare,Serov,Male,35-44,Participant,No,No,No,Basic,No
2948,2025-05-26,Community Outreach,Healthcare,Yekaterinburg,Male,25-34,Coordinator,No,No,Yes,Leadership,Yes
3166,2025-05-26,Community Outreach,Social Policy,Yekaterinburg,Male,25-34,Participant,No,No,No,Basic,No
3195,2025-05-26,Community Outreach,Youth Policy,Yekaterinburg,Male,25-34,Participant,No,No,No,Basic,No
1410,2025-05-27,Campaign Activity,Social Policy,Yekaterinburg,Male,35-44,Organizer,Yes,Yes,Yes,Leadership,Yes
1434,2025-05-27,Community Outreach,Entrepreneurship,Yekaterinburg,Female,25-34,Participant,No,No,No,Basic,No
1456,2025-05-27,Public Event,Economic Policy,Kamensk-Uralsky,Female,18-24,Organizer,Yes,No,Yes,Leadership,Yes
1873,2025-05-27,Media Activity,Local Government,Kamensk-Uralsky,Male,18-24,Coordinator,No,Yes,Yes,Leadership,Yes
1991,2025-05-27,Campaign Activity,Healthcare,Pervouralsk,Female,55+,Volunteer,No,No,No,Basic,No
2632,2025-05-27,Community Outreach,Youth Policy,Yekaterinburg,Male,45-54,Volunteer,Yes,No,No,Basic,No
2918,2025-05-27,Government Interaction,Youth Policy,Pervouralsk,Male,35-44,Participant,No,No,No,Basic,No
3029,2025-05-27,Public Event,Local Government,Yekaterinburg,Male,35-44,Coordinator,Yes,Yes,Yes,Leadership,Yes
186,2025-05-28,Media Activity,Entrepreneurship,Asbest,Male,25-34,Participant,Yes,No,No,Basic,No
976,2025-05-28,Meeting,Gender Equality,Yekaterinburg,Male,45-54,Participant,No,No,No,Basic,No
1465,2025-05-28,Media Activity,Transport,Yekaterinburg,Male,25-34,Participant,No,No,No,Basic,No
1590,2025-05-28,Community Outreach,Housing,Yekaterinburg,Female,45-54,Participant,No,No,No,Basic,No
1844,2025-05-28,Survey,Youth Policy,Kamensk-Uralsky,Male,18-24,Volunteer,No,No,Yes,Basic,No
2302,2025-05-28,Meeting,Social Policy,Asbest,Male,25-34,Coordinator,Yes,No,Yes,Leadership,Yes
2499,2025-05-28,Community Outreach,Local Government,Yekaterinburg,Male,45-54,Participant,No,Yes,No,Basic,No
2510,2025-05-28,Community Outreach,Healthcare,Yekaterinburg,Male,45-54,Participant,No,No,No,Basic,No
3152,2025-05-28,Public Event,Healthcare,Serov,Male,45-54,Analyst,Yes,Yes,No,Professional,No
962,2025-05-29,Public Event,Social Policy,Yekaterinburg,Female,18-24,Participant,No,No,No,Basic,No
2250,2025-05-29,Survey,Entrepreneurship,Yekaterinburg,Female,18-24,Participant,No,No,No,Basic,No
2259,2025-05-29,Community Outreach,Transport,Yekaterinburg,Female,25-34,Participant,No,No,No,Basic,No
3050,2025-05-29,Public Event,Youth Policy,Nizhny Tagil,Female,18-24,Participant,No,No,No,Basic,No
150,2025-05-30,Public Event,Transport,Yekaterinburg,Female,25-34,Organizer,Yes,No,Yes,Leadership,Yes
343,2025-05-30,Meeting,Housing,Kamensk-Uralsky,Male,35-44,Participant,No,No,No,Basic,No
2593,2025-05-30,Meeting,Housing,Revda,Male,25-34,Volunteer,No,No,Yes,Basic,No
3138,2025-05-30,Community Outreach,Youth Policy,Nizhny Tagil,Female,55+,Organizer,Yes,Yes,Yes,Leadership,Yes
306,2025-05-31,Government Interaction,Social Policy,Yekaterinburg,Female,45-54,Speaker,Yes,Yes,No,Visible,No
392,2025-05-31,Campaign Activity,Entrepreneurship,Serov,Female,25-34,Participant,No,No,No,Basic,No
540,2025-05-31,Survey,Youth Policy,Yekaterinburg,Male,45-54,Participant,No,No,No,Basic,No
607,2025-05-31,Meeting,Local Government,Yekaterinburg,Male,25-34,Coordinator,Yes,Yes,Yes,Leadership,Yes
831,2025-05-31,Public Event,Entrepreneurship,Kamensk-Uralsky,Male,55+,Organizer,Yes,No,Yes,Leadership,Yes
919,2025-05-31,Survey,Economic Policy,Yekaterinburg,Female,25-34,Participant,No,No,No,Basic,No
1036,2025-05-31,Meeting,Entrepreneurship,Revda,Male,25-34,Speaker,Yes,Yes,No,Visible,No
1262,2025-05-31,Educational Event,Social Policy,Asbest,Female,45-54,Volunteer,No,No,No,Basic,No
1545,2025-05-31,Campaign Activity,Economic Policy,Yekaterinburg,Female,35-44,Participant,No,No,No,Basic,No
2198,2025-05-31,Educational Event,Housing,Yekaterinburg,Male,18-24,Participant,No,No,No,Basic,No
2292,2025-05-31,Community Outreach,Youth Policy,Yekaterinburg,Male,25-34,Speaker,No,Yes,No,Visible,No
2340,2025-05-31,Educational Event,Healthcare,Yekaterinburg,Female,25-34,Participant,No,No,No,Basic,No
340,2025-06-01,Meeting,Social Policy,Yekaterinburg,Male,25-34,Volunteer,No,No,No,Basic,No
404,2025-06-01,Public Event,Education,Yekaterinburg,Female,25-34,Participant,No,No,No,Basic,No
817,2025-06-01,Community Outreach,Local Government,Yekaterinburg,Male,45-54,Coordinator,Yes,No,Yes,Leadership,Yes
925,2025-06-01,Survey,Social Policy,Yekaterinburg,Female,25-34,Participant,No,No,No,Basic,No
3576,2025-06-01,Meeting,Social Policy,Yekaterinburg,Female,35-44,Participant,No,No,No,Basic,No
132,2025-06-02,Educational Event,Housing,Nizhny Tagil,Male,18-24,Participant,No,No,No,Basic,No
393,2025-06-02,Meeting,Economic Policy,Yekaterinburg,Male,25-34,Participant,No,No,No,Basic,No
622,2025-06-02,Meeting,Gender Equality,Nizhny Tagil,Male,35-44,Organizer,No,No,Yes,Leadership,Yes
631,2025-06-02,Media Activity,Transport,Kamensk-Uralsky,Male,25-34,Participant,No,Yes,No,Basic,No
705,2025-06-02,Meeting,Gender Equality,Yekaterinburg,Female,35-44,Participant,No,No,No,Basic,No
816,2025-06-02,Survey,Housing,Yekaterinburg,Male,25-34,Organizer,Yes,Yes,Yes,Leadership,Yes
1517,2025-06-02,Community Outreach,Economic Policy,Yekaterinburg,Female,45-54,Participant,No,No,No,Basic,No
1704,2025-06-02,Campaign Activity,Transport,Pervouralsk,Male,25-34,Participant,No,No,No,Basic,No
1748,2025-06-02,Survey,Economic Policy,Kamensk-Uralsky,Male,45-54,Participant,No,No,No,Basic,No
2907,2025-06-02,Media Activity,Economic Policy,Pervouralsk,Male,55+,Organizer,Yes,Yes,Yes,Leadership,Yes
2980,2025-06-02,Media Activity,Entrepreneurship,Serov,Male,25-34,Coordinator,Yes,Yes,Yes,Leadership,Yes
500,2025-06-03,Educational Event,Economic Policy,Yekaterinburg,Male,25-34,Volunteer,No,Yes,No,Basic,No
1047,2025-06-03,Media Activity,Youth Policy,Pervouralsk,Female,35-44,Volunteer,No,No,No,Basic,No
1802,2025-06-03,Public Event,Healthcare,Yekaterinburg,Male,25-34,Speaker,No,Yes,No,Visible,No
2470,2025-06-03,Meeting,Transport,Nizhny Tagil,Female,25-34,Participant,No,No,No,Basic,No
614,2025-06-04,Meeting,Social Policy,Yekaterinburg,Male,25-34,Organizer,Yes,Yes,Yes,Leadership,Yes
1735,2025-06-04,Campaign Activity,Economic Policy,Yekaterinburg,Male,18-24,Speaker,Yes,Yes,No,Visible,No
1830,2025-06-04,Community Outreach,Healthcare,Yekaterinburg,Male,35-44,Organizer,Yes,Yes,Yes,Leadership,Yes
2136,2025-06-04,Media Activity,Healthcare,Revda,Male,25-34,Participant,No,No,No,Basic,No
2831,2025-06-04,Campaign Activity,Social Policy,Yekaterinburg,Female,45-54,Participant,No,No,No,Basic,No
2883,2025-06-04,Educational Event,Youth Policy,Pervouralsk,Male,35-44,Coordinator,Yes,Yes,Yes,Leadership,Yes
3588,2025-06-04,Campaign Activity,Local Government,Yekaterinburg,Male,45-54,Participant,No,No,No,Basic,No
184,2025-06-05,Public Event,Education,Asbest,Female,25-34,Coordinator,No,Yes,Yes,Leadership,Yes
1065,2025-06-05,Community Outreach,Healthcare,Yekaterinburg,Female,45-54,Participant,No,No,No,Basic,No
2261,2025-06-05,Community Outreach,Education,Yekaterinburg,Male,25-34,Coordinator,Yes,Yes,Yes,Leadership,Yes
3537,2025-06-05,Meeting,Transport,Yekaterinburg,Female,45-54,Participant,No,No,No,Basic,No
3597,2025-06-05,Meeting,Healthcare,Revda,Male,35-44,Speaker,Yes,Yes,No,Visible,No
121,2025-06-06,Community Outreach,Transport,Pervouralsk,Male,25-34,Coordinator,Yes,No,Yes,Leadership,Yes
1291,2025-06-06,Public Event,Housing,Yekaterinburg,Female,55+,Participant,No,No,No,Basic,No
1368,2025-06-06,Public Event,Transport,Yekaterinburg,Female,35-44,Organizer,Yes,No,Yes,Leadership,Yes
1776,2025-06-06,Government Interaction,Healthcare,Yekaterinburg,Male,25-34,Participant,No,No,No,Basic,No
2052,2025-06-06,Campaign Activity,Healthcare,Yekaterinburg,Female,18-24,Volunteer,No,No,No,Basic,No
2673,2025-06-06,Community Outreach,Entrepreneurship,Yekaterinburg,Female,18-24,Analyst,No,No,No,Professional,No
3163,2025-06-06,Educational Event,Economic Policy,Yekaterinburg,Female,25-34,Participant,No,No,No,Basic,No
1445,2025-06-07,Public Event,Entrepreneurship,Yekaterinburg,Female,45-54,Participant,No,No,No,Basic,No
1708,2025-06-07,Public Event,Transport,Yekaterinburg,Female,55+,Coordinator,Yes,No,Yes,Leadership,Yes
2410,2025-06-07,Educational Event,Social Policy,Yekaterinburg,Male,25-34,Participant,No,No,No,Basic,No
2496,2025-06-07,Campaign Activity,Gender Equality,Yekaterinburg,Male,55+,Organizer,Yes,No,Yes,Leadership,Yes
896,2025-06-08,Campaign Activity,Local Government,Kamensk-Uralsky,Male,25-34,Participant,Yes,No,No,Basic,No
1333,2025-06-08,Survey,Local Government,Yekaterinburg,Male,35-44,Coordinator,Yes,No,Yes,Leadership,Yes
1850,2025-06-08,Campaign Activity,Social Policy,Yekaterinburg,Male,35-44,Coordinator,Yes,No,Yes,Leadership,Yes
3334,2025-06-08,Government Interaction,Housing,Yekaterinburg,Female,55+,Analyst,No,Yes,No,Professional,No
565,2025-06-09,Community Outreach,Housing,Pervouralsk,Male,25-34,Speaker,No,Yes,Yes,Visible,No
670,2025-06-09,Survey,Local Government,Serov,Female,45-54,Volunteer,No,No,No,Basic,No
786,2025-06-09,Media Activity,Entrepreneurship,Pervouralsk,Female,25-34,Participant,No,No,No,Basic,No
905,2025-06-09,Meeting,Economic Policy,Pervouralsk,Male,18-24,Participant,No,No,No,Basic,No
1641,2025-06-09,Meeting,Gender Equality,Nizhny Tagil,Male,18-24,Participant,No,No,No,Basic,No
1732,2025-06-09,Survey,Healthcare,Yekaterinburg,Female,35-44,Participant,No,No,No,Basic,No
1795,2025-06-09,Campaign Activity,Entrepreneurship,Yekaterinburg,Male,35-44,Organizer,Yes,Yes,Yes,Leadership,Yes
2595,2025-06-09,Meeting,Healthcare,Yekaterinburg,Female,35-44,Participant,No,No,No,Basic,No
3312,2025-06-09,Community Outreach,Healthcare,Yekaterinburg,Male,35-44,Organizer,Yes,Yes,Yes,Leadership,Yes
3523,2025-06-09,Media Activity,Social Policy,Revda,Female,18-24,Participant,No,No,No,Basic,No
461,2025-06-10,Media Activity,Social Policy,Serov,Male,25-34,Participant,Yes,No,No,Basic,No
482,2025-06-10,Public Event,Entrepreneurship,Yekaterinburg,Female,25-34,Participant,No,No,No,Basic,No
753,2025-06-10,Government Interaction,Youth Policy,Yekaterinburg,Female,35-44,Organizer,Yes,No,Yes,Leadership,Yes
902,2025-06-10,Campaign Activity,Entrepreneurship,Yekaterinburg,Female,25-34,Participant,No,No,No,Basic,No
1385,2025-06-10,Public Event,Economic Policy,Kamensk-Uralsky,Male,55+,Participant,No,No,No,Basic,No
2571,2025-06-10,Media Activity,Gender Equality,Kamensk-Uralsky,Female,25-34,Participant,No,No,No,Basic,No
2829,2025-06-10,Campaign Activity,Gender Equality,Yekaterinburg,Male,18-24,Participant,No,No,No,Basic,No
1213,2025-06-11,Community Outreach,Youth Policy,Yekaterinburg,Male,35-44,Analyst,Yes,No,Yes,Professional,No
1734,2025-06-11,Meeting,Healthcare,Asbest,Female,18-24,Analyst,No,No,No,Professional,No
2275,2025-06-11,Meeting,Local Government,Yekaterinburg,Male,25-34,Coordinator,Yes,No,Yes,Leadership,Yes
2544,2025-06-11,Community Outreach,Entrepreneurship,Serov,Female,25-34,Coordinator,Yes,Yes,Yes,Leadership,Yes
3101,2025-06-11,Public Event,Youth Policy,Yekaterinburg,Male,55+,Participant,No,No,No,Basic,No
1620,2025-06-12,Meeting,Youth Policy,Kamensk-Uralsky,Female,18-24,Speaker,No,Yes,No,Visible,No
1897,2025-06-12,Media Activity,Healthcare,Yekaterinburg,Male,55+,Coordinator,Yes,Yes,Yes,Leadership,Yes
1979,2025-06-12,Educational Event,Economic Policy,Yekaterinburg,Male,18-24,Coordinator,Yes,Yes,Yes,Leadership,Yes
2585,2025-06-12,Meeting,Entrepreneurship,Serov,Female,55+,Speaker,No,Yes,No,Visible,No
3017,2025-06-12,Campaign Activity,Gender Equality,Asbest,Male,55+,Volunteer,No,No,No,Basic,No
3513,2025-06-12,Government Interaction,Education,Yekaterinburg,Male,45-54,Organizer,Yes,Yes,Yes,Leadership,Yes
11,2025-06-13,Government Interaction,Social Policy,Yekaterinburg,Female,35-44,Coordinator,Yes,No,Yes,Leadership,Yes
275,2025-06-13,Media Activity,Social Policy,Pervouralsk,Male,25-34,Participant,No,No,No,Basic,No
412,2025-06-13,Meeting,Housing,Yekaterinburg,Male,35-44,Speaker,No,Yes,No,Visible,No
1286,2025-06-13,Educational Event,Housing,Yekaterinburg,Male,35-44,Organizer,Yes,No,Yes,Leadership,Yes
2009,2025-06-13,Campaign Activity,Social Policy,Yekaterinburg,Female,35-44,Coordinator,No,Yes,Yes,Leadership,Yes
3156,2025-06-13,Meeting,Transport,Yekaterinburg,Female,25-34,Participant,No,No,No,Basic,No
3186,2025-06-13,Community Outreach,Local Government,Yekaterinburg,Female,18-24,Participant,No,No,No,Basic,No
356,2025-06-14,Community Outreach,Social Policy,Yekaterinburg,Male,25-34,Participant,No,No,No,Basic,No
361,2025-06-14,Public Event,Youth Policy,Yekaterinburg,Male,18-24,Speaker,No,Yes,No,Visible,No
501,2025-06-14,Public Event,Youth Policy,Nizhny Tagil,Male,18-24,Participant,No,No,No,Basic,No
175,2025-06-15,Survey,Social Policy,Revda,Female,25-34,Participant,No,Yes,No,Basic,No
1242,2025-06-15,Campaign Activity,Gender Equality,Yekaterinburg,Female,35-44,Coordinator,Yes,No,Yes,Leadership,Yes
3048,2025-06-15,Meeting,Transport,Yekaterinburg,Male,45-54,Volunteer,No,No,No,Basic,No
414,2025-06-16,Meeting,Social Policy,Asbest,Male,25-34,Participant,No,No,No,Basic,No
1282,2025-06-16,Community Outreach,Entrepreneurship,Serov,Female,25-34,Participant,No,No,No,Basic,No
1988,2025-06-16,Public Event,Social Policy,Asbest,Male,25-34,Speaker,No,Yes,No,Visible,No
2686,2025-06-16,Community Outreach,Local Government,Serov,Male,18-24,Participant,No,No,No,Basic,No
3573,2025-06-16,Survey,Youth Policy,Pervouralsk,Female,25-34,Coordinator,Yes,Yes,Yes,Leadership,Yes
317,2025-06-17,Community Outreach,Housing,Serov,Female,25-34,Participant,No,No,No,Basic,No
694,2025-06-17,Community Outreach,Youth Policy,Yekaterinburg,Female,25-34,Participant,No,No,No,Basic,No
1358,2025-06-17,Public Event,Social Policy,Pervouralsk,Female,25-34,Participant,No,No,No,Basic,No
1367,2025-06-17,Campaign Activity,Transport,Kamensk-Uralsky,Female,25-34,Participant,No,No,No,Basic,No
2637,2025-06-17,Campaign Activity,Social Policy,Kamensk-Uralsky,Female,35-44,Participant,No,No,No,Basic,No
3081,2025-06-17,Government Interaction,Economic Policy,Revda,Female,35-44,Participant,No,No,No,Basic,No
6,2025-06-18,Meeting,Housing,Nizhny Tagil,Male,45-54,Coordinator,Yes,Yes,Yes,Leadership,Yes
166,2025-06-18,Survey,Healthcare,Yekaterinburg,Female,18-24,Participant,No,No,No,Basic,No
1263,2025-06-18,Public Event,Economic Policy,Yekaterinburg,Female,25-34,Volunteer,No,No,No,Basic,No
1501,2025-06-18,Community Outreach,Social Policy,Yekaterinburg,Male,18-24,Analyst,No,No,Yes,Professional,No
2078,2025-06-19,Community Outreach,Gender Equality,Yekaterinburg,Female,35-44,Volunteer,No,No,No,Basic,No
2497,2025-06-19,Meeting,Education,Yekaterinburg,Male,35-44,Organizer,Yes,No,Yes,Leadership,Yes
3367,2025-06-19,Community Outreach,Healthcare,Revda,Male,35-44,Participant,No,No,No,Basic,No
3538,2025-06-19,Public Event,Social Policy,Yekaterinburg,Male,25-34,Participant,No,No,No,Basic,No
324,2025-06-20,Media Activity,Transport,Nizhny Tagil,Male,25-34,Volunteer,No,No,No,Basic,No
703,2025-06-20,Media Activity,Youth Policy,Asbest,Female,55+,Analyst,Yes,No,No,Professional,No
773,2025-06-20,Community Outreach,Housing,Nizhny Tagil,Male,18-24,Participant,No,No,No,Basic,No
1105,2025-06-20,Meeting,Healthcare,Pervouralsk,Female,18-24,Participant,Yes,No,No,Basic,No
1526,2025-06-20,Meeting,Gender Equality,Yekaterinburg,Female,55+,Coordinator,No,No,Yes,Leadership,Yes
1794,2025-06-20,Campaign Activity,Housing,Asbest,Male,45-54,Participant,No,No,No,Basic,No
2044,2025-06-20,Campaign Activity,Transport,Yekaterinburg,Male,35-44,Participant,No,No,No,Basic,No
2341,2025-06-20,Government Interaction,Local Government,Pervouralsk,Female,35-44,Participant,No,No,No,Basic,No
2929,2025-06-20,Community Outreach,Entrepreneurship,Nizhny Tagil,Female,25-34,Participant,No,No,No,Basic,No
530,2025-06-21,Educational Event,Social Policy,Yekaterinburg,Female,18-24,Participant,No,No,No,Basic,No
1041,2025-06-21,Public Event,Economic Policy,Yekaterinburg,Female,18-24,Volunteer,No,No,No,Basic,No
1964,2025-06-21,Meeting,Transport,Nizhny Tagil,Female,45-54,Analyst,No,No,No,Professional,No
3600,2025-06-21,Government Interaction,Gender Equality,Yekaterinburg,Female,25-34,Organizer,No,No,Yes,Leadership,Yes
1621,2025-06-22,Meeting,Local Government,Yekaterinburg,Female,25-34,Volunteer,No,Yes,No,Basic,No
2446,2025-06-22,Campaign Activity,Gender Equality,Yekaterinburg,Male,45-54,Participant,Yes,Yes,No,Basic,No
2460,2025-06-22,Educational Event,Youth Policy,Yekaterinburg,Male,18-24,Organizer,No,Yes,Yes,Leadership,Yes
43,2025-06-23,Educational Event,Economic Policy,Yekaterinburg,Male,25-34,Volunteer,No,No,No,Basic,No
330,2025-06-23,Educational Event,Healthcare,Pervouralsk,Female,35-44,Participant,No,No,No,Basic,No
435,2025-06-23,Meeting,Healthcare,Kamensk-Uralsky,Female,18-24,Coordinator,Yes,Yes,Yes,Leadership,Yes
837,2025-06-23,Educational Event,Healthcare,Yekaterinburg,Male,25-34,Participant,No,No,No,Basic,No
1584,2025-06-23,Government Interaction,Social Policy,Yekaterinburg,Female,25-34,Participant,No,No,No,Basic,No
1913,2025-06-23,Campaign Activity,Education,Pervouralsk,Male,35-44,Participant,No,No,No,Basic,No
2034,2025-06-23,Meeting,Entrepreneurship,Yekaterinburg,Female,45-54,Participant,No,No,No,Basic,No
2039,2025-06-23,Meeting,Transport,Yekaterinburg,Male,25-34,Participant,No,No,No,Basic,No
2092,2025-06-23,Meeting,Healthcare,Yekaterinburg,Male,18-24,Coordinator,Yes,Yes,Yes,Leadership,Yes
2124,2025-06-23,Educational Event,Housing,Yekaterinburg,Female,35-44,Speaker,No,Yes,No,Visible,No
2214,2025-06-23,Government Interaction,Gender Equality,Yekaterinburg,Male,18-24,Analyst,Yes,No,No,Professional,No
2952,2025-06-23,Public Event,Transport,Yekaterinburg,Male,25-34,Analyst,No,No,No,Professional,No
3099,2025-06-23,Government Interaction,Transport,Serov,Female,35-44,Organizer,No,No,Yes,Leadership,Yes
3265,2025-06-23,Community Outreach,Youth Policy,Nizhny Tagil,Female,35-44,Participant,No,No,No,Basic,No
107,2025-06-24,Campaign Activity,Local Government,Yekaterinburg,Female,25-34,Participant,No,No,No,Basic,No
286,2025-06-24,Meeting,Entrepreneurship,Yekaterinburg,Female,45-54,Participant,No,No,No,Basic,No
395,2025-06-24,Public Event,Gender Equality,Nizhny Tagil,Female,45-54,Participant,No,No,No,Basic,No
626,2025-06-24,Educational Event,Housing,Nizhny Tagil,Female,25-34,Participant,No,No,No,Basic,No
1126,2025-06-24,Campaign Activity,Education,Yekaterinburg,Male,55+,Organizer,Yes,Yes,Yes,Leadership,Yes
2233,2025-06-24,Campaign Activity,Local Government,Yekaterinburg,Female,45-54,Volunteer,No,No,No,Basic,No
2381,2025-06-24,Community Outreach,Housing,Pervouralsk,Male,18-24,Speaker,No,Yes,No,Visible,No
3053,2025-06-24,Government Interaction,Entrepreneurship,Yekaterinburg,Male,45-54,Organizer,Yes,Yes,Yes,Leadership,Yes
3160,2025-06-24,Public Event,Education,Asbest,Female,25-34,Participant,Yes,No,No,Basic,No
3491,2025-06-24,Community Outreach,Economic Policy,Yekaterinburg,Male,25-34,Participant,No,Yes,No,Basic,No
752,2025-06-25,Meeting,Social Policy,Serov,Female,45-54,Coordinator,No,No,Yes,Leadership,Yes
2511,2025-06-25,Meeting,Youth Policy,Yekaterinburg,Female,25-34,Participant,No,No,No,Basic,No
16,2025-06-26,Government Interaction,Housing,Serov,Female,45-54,Volunteer,No,No,No,Basic,No
1439,2025-06-26,Educational Event,Local Government,Revda,Male,45-54,Participant,Yes,No,No,Basic,No
2017,2025-06-26,Campaign Activity,Entrepreneurship,Yekaterinburg,Female,25-34,Participant,No,No,No,Basic,No
2264,2025-06-26,Survey,Gender Equality,Yekaterinburg,Female,18-24,Coordinator,Yes,No,Yes,Leadership,Yes
2479,2025-06-26,Meeting,Healthcare,Kamensk-Uralsky,Female,35-44,Participant,No,No,No,Basic,No
177,2025-06-27,Government Interaction,Local Government,Yekaterinburg,Female,25-34,Participant,No,No,No,Basic,No
859,2025-06-27,Meeting,Local Government,Yekaterinburg,Female,35-44,Participant,No,No,No,Basic,No
1736,2025-06-27,Survey,Economic Policy,Yekaterinburg,Male,18-24,Speaker,No,Yes,No,Visible,No
2116,2025-06-27,Meeting,Education,Yekaterinburg,Male,18-24,Participant,No,No,No,Basic,No
2416,2025-06-27,Meeting,Transport,Nizhny Tagil,Female,45-54,Speaker,No,Yes,No,Visible,No
2805,2025-06-27,Meeting,Education,Nizhny Tagil,Female,35-44,Participant,No,No,No,Basic,No
3364,2025-06-27,Campaign Activity,Social Policy,Pervouralsk,Male,55+,Speaker,No,Yes,No,Visible,No
454,2025-06-28,Campaign Activity,Social Policy,Pervouralsk,Female,25-34,Coordinator,Yes,No,Yes,Leadership,Yes
865,2025-06-28,Meeting,Social Policy,Yekaterinburg,Female,35-44,Coordinator,No,Yes,Yes,Leadership,Yes
1495,2025-06-28,Media Activity,Housing,Revda,Female,18-24,Analyst,No,Yes,Yes,Professional,No
1974,2025-06-28,Educational Event,Local Government,Yekaterinburg,Female,25-34,Speaker,Yes,Yes,No,Visible,No
2643,2025-06-28,Meeting,Education,Yekaterinburg,Male,18-24,Speaker,No,Yes,No,Visible,No
3572,2025-06-28,Community Outreach,Transport,Revda,Female,18-24,Participant,No,No,No,Basic,No
364,2025-06-29,Public Event,Local Government,Yekaterinburg,Female,45-54,Volunteer,No,No,No,Basic,No
761,2025-06-29,Public Event,Healthcare,Serov,Male,18-24,Volunteer,No,No,No,Basic,No
794,2025-06-29,Government Interaction,Education,Yekaterinburg,Female,18-24,Analyst,No,No,Yes,Professional,No
1384,2025-06-29,Meeting,Social Policy,Kamensk-Uralsky,Male,35-44,Coordinator,Yes,Yes,Yes,Leadership,Yes
2271,2025-06-29,Community Outreach,Education,Yekaterinburg,Male,35-44,Coordinator,Yes,Yes,Yes,Leadership,Yes
2502,2025-06-29,Meeting,Social Policy,Yekaterinburg,Male,25-34,Participant,No,No,No,Basic,No
272,2025-06-30,Public Event,Social Policy,Nizhny Tagil,Female,18-24,Analyst,Yes,No,No,Professional,No
802,2025-06-30,Survey,Social Policy,Pervouralsk,Female,25-34,Participant,No,No,No,Basic,No
1075,2025-06-30,Government Interaction,Housing,Yekaterinburg,Male,35-44,Participant,No,No,No,Basic,No
1411,2025-06-30,Public Event,Local Government,Yekaterinburg,Male,45-54,Organizer,Yes,Yes,Yes,Leadership,Yes
1854,2025-06-30,Meeting,Economic Policy,Nizhny Tagil,Male,35-44,Organizer,Yes,No,Yes,Leadership,Yes
2195,2025-06-30,Survey,Housing,Pervouralsk,Male,25-34,Volunteer,No,No,No,Basic,No
2367,2025-06-30,Survey,Entrepreneurship,Yekaterinburg,Female,45-54,Participant,No,No,No,Basic,No
2468,2025-06-30,Public Event,Gender Equality,Yekaterinburg,Male,45-54,Participant,No,No,No,Basic,No
3132,2025-06-30,Community Outreach,Economic Policy,Yekaterinburg,Male,35-44,Volunteer,No,Yes,No,Basic,No
399,2025-07-01,Campaign Activity,Healthcare,Kamensk-Uralsky,Female,45-54,Organizer,No,Yes,Yes,Leadership,Yes
1769,2025-07-01,Educational Event,Transport,Kamensk-Uralsky,Female,55+,Coordinator,Yes,Yes,Yes,Leadership,Yes
2896,2025-07-01,Meeting,Education,Yekaterinburg,Female,35-44,Volunteer,No,No,No,Basic,No
3535,2025-07-01,Public Event,Economic Policy,Yekaterinburg,Male,25-34,Volunteer,No,No,No,Basic,No
1555,2025-07-02,Meeting,Youth Policy,Kamensk-Uralsky,Female,25-34,Participant,No,No,No,Basic,No
92,2025-07-03,Community Outreach,Social Policy,Yekaterinburg,Male,35-44,Speaker,No,Yes,No,Visible,No
240,2025-07-03,Public Event,Local Government,Asbest,Female,55+,Participant,No,No,No,Basic,No
2768,2025-07-03,Public Event,Housing,Nizhny Tagil,Male,35-44,Participant,No,No,No,Basic,No
520,2025-07-04,Community Outreach,Gender Equality,Yekaterinburg,Male,35-44,Participant,No,No,No,Basic,No
729,2025-07-04,Educational Event,Housing,Pervouralsk,Female,18-24,Participant,No,Yes,No,Basic,No
1014,2025-07-04,Campaign Activity,Healthcare,Yekaterinburg,Male,35-44,Speaker,Yes,Yes,No,Visible,No
1251,2025-07-04,Public Event,Gender Equality,Kamensk-Uralsky,Female,25-34,Participant,No,No,No,Basic,No
2158,2025-07-04,Community Outreach,Social Policy,Serov,Female,45-54,Coordinator,Yes,No,Yes,Leadership,Yes
2493,2025-07-04,Community Outreach,Healthcare,Yekaterinburg,Female,25-34,Participant,No,No,No,Basic,No
182,2025-07-05,Educational Event,Local Government,Yekaterinburg,Male,35-44,Participant,No,No,No,Basic,No
279,2025-07-05,Meeting,Gender Equality,Yekaterinburg,Male,35-44,Participant,No,No,No,Basic,No
559,2025-07-05,Campaign Activity,Local Government,Yekaterinburg,Male,45-54,Participant,No,No,No,Basic,No
1466,2025-07-05,Community Outreach,Housing,Serov,Male,35-44,Analyst,No,No,No,Professional,No
2403,2025-07-05,Community Outreach,Gender Equality,Yekaterinburg,Male,25-34,Participant,No,No,No,Basic,No
2934,2025-07-05,Meeting,Economic Policy,Pervouralsk,Male,55+,Analyst,Yes,No,No,Professional,No
3346,2025-07-05,Survey,Housing,Yekaterinburg,Male,25-34,Volunteer,No,No,No,Basic,No
73,2025-07-06,Public Event,Social Policy,Pervouralsk,Male,18-24,Participant,No,No,No,Basic,No
316,2025-07-06,Public Event,Healthcare,Revda,Female,55+,Speaker,No,Yes,Yes,Visible,No
686,2025-07-06,Meeting,Gender Equality,Yekaterinburg,Female,35-44,Participant,No,No,No,Basic,No
2610,2025-07-06,Educational Event,Gender Equality,Yekaterinburg,Female,45-54,Analyst,No,No,No,Professional,No
2792,2025-07-06,Community Outreach,Transport,Pervouralsk,Female,25-34,Volunteer,No,No,No,Basic,No
3005,2025-07-06,Survey,Economic Policy,Yekaterinburg,Female,35-44,Speaker,No,Yes,No,Visible,No
3104,2025-07-06,Meeting,Economic Policy,Pervouralsk,Male,45-54,Participant,No,No,No,Basic,No
3111,2025-07-06,Meeting,Entrepreneurship,Yekaterinburg,Female,55+,Participant,No,No,No,Basic,No
3463,2025-07-06,Public Event,Entrepreneurship,Yekaterinburg,Female,35-44,Participant,No,No,No,Basic,No
3494,2025-07-06,Survey,Housing,Kamensk-Uralsky,Male,18-24,Analyst,No,No,No,Professional,No
824,2025-07-07,Public Event,Transport,Yekaterinburg,Male,35-44,Volunteer,No,No,No,Basic,No
1106,2025-07-07,Public Event,Social Policy,Yekaterinburg,Male,45-54,Participant,No,No,No,Basic,No
1174,2025-07-07,Campaign Activity,Gender Equality,Yekaterinburg,Male,35-44,Participant,No,Yes,No,Basic,No
1487,2025-07-07,Survey,Education,Yekaterinburg,Male,18-24,Coordinator,Yes,Yes,Yes,Leadership,Yes
2043,2025-07-07,Survey,Social Policy,Nizhny Tagil,Male,35-44,Analyst,No,No,Yes,Professional,No
2118,2025-07-07,Media Activity,Transport,Yekaterinburg,Female,35-44,Participant,No,No,No,Basic,No
115,2025-07-08,Educational Event,Local Government,Yekaterinburg,Female,18-24,Participant,No,No,No,Basic,No
1278,2025-07-08,Government Interaction,Transport,Yekaterinburg,Female,25-34,Participant,No,No,No,Basic,No
2539,2025-07-08,Meeting,Transport,Kamensk-Uralsky,Female,45-54,Volunteer,No,Yes,No,Basic,No
2983,2025-07-08,Survey,Youth Policy,Yekaterinburg,Female,35-44,Organizer,Yes,No,Yes,Leadership,Yes
849,2025-07-09,Community Outreach,Social Policy,Yekaterinburg,Female,45-54,Analyst,No,Yes,No,Professional,No
1842,2025-07-09,Educational Event,Local Government,Pervouralsk,Male,35-44,Analyst,No,No,No,Professional,No
2267,2025-07-09,Educational Event,Transport,Yekaterinburg,Male,25-34,Participant,No,No,No,Basic,No
2384,2025-07-09,Campaign Activity,Economic Policy,Yekaterinburg,Female,35-44,Coordinator,Yes,Yes,Yes,Leadership,Yes
2494,2025-07-09,Community Outreach,Economic Policy,Yekaterinburg,Male,45-54,Analyst,Yes,Yes,No,Professional,No
2628,2025-07-09,Public Event,Social Policy,Asbest,Female,35-44,Analyst,No,Yes,No,Professional,No
3069,2025-07-09,Meeting,Social Policy,Yekaterinburg,Male,25-34,Participant,No,No,No,Basic,No
357,2025-07-10,Media Activity,Economic Policy,Asbest,Male,25-34,Participant,No,No,No,Basic,No
360,2025-07-10,Campaign Activity,Local Government,Yekaterinburg,Male,45-54,Participant,No,No,No,Basic,No
679,2025-07-10,Public Event,Education,Yekaterinburg,Female,25-34,Coordinator,Yes,Yes,Yes,Leadership,Yes
699,2025-07-10,Community Outreach,Gender Equality,Yekaterinburg,Male,25-34,Participant,No,Yes,No,Basic,No
2063,2025-07-10,Community Outreach,Youth Policy,Yekaterinburg,Male,45-54,Participant,No,No,No,Basic,No
2457,2025-07-10,Meeting,Youth Policy,Yekaterinburg,Male,45-54,Analyst,Yes,No,No,Professional,No
2500,2025-07-10,Meeting,Transport,Yekaterinburg,Male,25-34,Participant,No,No,No,Basic,No
2688,2025-07-10,Media Activity,Social Policy,Yekaterinburg,Male,18-24,Participant,No,No,No,Basic,No
2830,2025-07-10,Meeting,Healthcare,Yekaterinburg,Male,45-54,Analyst,Yes,No,No,Professional,No
2939,2025-07-10,Community Outreach,Education,Yekaterinburg,Female,35-44,Volunteer,No,No,No,Basic,No
3440,2025-07-10,Media Activity,Transport,Yekaterinburg,Male,18-24,Volunteer,No,No,No,Basic,No
372,2025-07-11,Meeting,Transport,Yekaterinburg,Female,25-34,Participant,No,No,No,Basic,No
521,2025-07-11,Media Activity,Youth Policy,Revda,Male,25-34,Participant,No,No,No,Basic,No
833,2025-07-11,Educational Event,Local Government,Nizhny Tagil,Female,25-34,Coordinator,Yes,No,Yes,Leadership,Yes
1013,2025-07-11,Government Interaction,Healthcare,Yekaterinburg,Male,35-44,Speaker,No,Yes,No,Visible,No
1670,2025-07-11,Community Outreach,Housing,Yekaterinburg,Male,35-44,Participant,No,No,No,Basic,No
475,2025-07-12,Meeting,Economic Policy,Yekaterinburg,Female,18-24,Volunteer,No,Yes,No,Basic,No
1946,2025-07-12,Public Event,Youth Policy,Revda,Male,35-44,Speaker,No,Yes,No,Visible,No
1981,2025-07-12,Government Interaction,Healthcare,Yekaterinburg,Male,45-54,Participant,No,No,No,Basic,No
2281,2025-07-12,Public Event,Economic Policy,Yekaterinburg,Female,18-24,Participant,No,No,No,Basic,No
2922,2025-07-12,Campaign Activity,Education,Nizhny Tagil,Female,35-44,Participant,Yes,Yes,No,Basic,No
2963,2025-07-12,Meeting,Local Government,Nizhny Tagil,Female,35-44,Volunteer,No,No,No,Basic,No
2994,2025-07-12,Survey,Healthcare,Yekaterinburg,Male,25-34,Organizer,Yes,No,Yes,Leadership,Yes
1763,2025-07-13,Meeting,Gender Equality,Yekaterinburg,Female,55+,Volunteer,No,Yes,No,Basic,No
2475,2025-07-13,Educational Event,Local Government,Yekaterinburg,Female,35-44,Coordinator,Yes,No,Yes,Leadership,Yes
295,2025-07-14,Media Activity,Transport,Yekaterinburg,Male,35-44,Analyst,No,No,No,Professional,No
325,2025-07-14,Public Event,Transport,Yekaterinburg,Male,55+,Participant,No,No,No,Basic,No
892,2025-07-14,Educational Event,Education,Yekaterinburg,Male,45-54,Speaker,Yes,Yes,No,Visible,No
966,2025-07-14,Government Interaction,Economic Policy,Yekaterinburg,Male,35-44,Analyst,Yes,No,No,Professional,No
573,2025-07-15,Media Activity,Local Government,Yekaterinburg,Male,45-54,Participant,No,No,No,Basic,No
724,2025-07-15,Meeting,Education,Yekaterinburg,Male,55+,Organizer,Yes,Yes,Yes,Leadership,Yes
759,2025-07-15,Community Outreach,Entrepreneurship,Yekaterinburg,Female,25-34,Participant,No,No,No,Basic,No
830,2025-07-15,Meeting,Economic Policy,Yekaterinburg,Female,55+,Participant,No,No,No,Basic,No
1386,2025-07-15,Campaign Activity,Healthcare,Yekaterinburg,Female,25-34,Organizer,Yes,No,Yes,Leadership,Yes
1640,2025-07-15,Community Outreach,Gender Equality,Yekaterinburg,Male,18-24,Coordinator,Yes,Yes,Yes,Leadership,Yes
2098,2025-07-15,Educational Event,Local Government,Nizhny Tagil,Male,45-54,Participant,No,No,No,Basic,No
2495,2025-07-15,Media Activity,Gender Equality,Nizhny Tagil,Male,35-44,Participant,No,No,No,Basic,No
2575,2025-07-15,Campaign Activity,Transport,Kamensk-Uralsky,Male,18-24,Participant,No,No,No,Basic,No
455,2025-07-16,Educational Event,Youth Policy,Yekaterinburg,Female,25-34,Organizer,Yes,Yes,Yes,Leadership,Yes
538,2025-07-16,Educational Event,Transport,Yekaterinburg,Female,25-34,Coordinator,No,No,Yes,Leadership,Yes
765,2025-07-16,Survey,Youth Policy,Yekaterinburg,Male,25-34,Participant,No,No,No,Basic,No
1161,2025-07-16,Community Outreach,Housing,Yekaterinburg,Female,25-34,Volunteer,Yes,No,No,Basic,No
1247,2025-07-16,Meeting,Economic Policy,Yekaterinburg,Male,45-54,Participant,No,No,No,Basic,No
1952,2025-07-16,Meeting,Entrepreneurship,Revda,Female,18-24,Volunteer,No,No,No,Basic,No
2178,2025-07-16,Community Outreach,Local Government,Nizhny Tagil,Male,25-34,Organizer,Yes,Yes,Yes,Leadership,Yes
179,2025-07-17,Survey,Entrepreneurship,Kamensk-Uralsky,Male,25-34,Organizer,Yes,Yes,Yes,Leadership,Yes
884,2025-07-17,Public Event,Social Policy,Yekaterinburg,Female,18-24,Volunteer,Yes,No,No,Basic,No
1149,2025-07-17,Educational Event,Local Government,Yekaterinburg,Male,18-24,Participant,No,No,No,Basic,No
1220,2025-07-17,Community Outreach,Housing,Nizhny Tagil,Female,45-54,Participant,No,No,No,Basic,No
1764,2025-07-17,Educational Event,Gender Equality,Kamensk-Uralsky,Female,35-44,Coordinator,No,No,Yes,Leadership,Yes
2715,2025-07-17,Government Interaction,Entrepreneurship,Serov,Male,25-34,Coordinator,Yes,Yes,Yes,Leadership,Yes
3040,2025-07-17,Campaign Activity,Housing,Yekaterinburg,Male,25-34,Volunteer,Yes,No,No,Basic,No
601,2025-07-18,Public Event,Housing,Yekaterinburg,Male,45-54,Analyst,No,No,No,Professional,No
1739,2025-07-18,Educational Event,Education,Nizhny Tagil,Male,25-34,Participant,No,No,No,Basic,No
2536,2025-07-18,Public Event,Youth Policy,Yekaterinburg,Male,35-44,Volunteer,No,No,No,Basic,No
2706,2025-07-18,Meeting,Transport,Yekaterinburg,Female,35-44,Coordinator,Yes,Yes,Yes,Leadership,Yes
2825,2025-07-18,Meeting,Transport,Nizhny Tagil,Male,25-34,Volunteer,No,No,No,Basic,No
3114,2025-07-18,Community Outreach,Education,Yekaterinburg,Male,35-44,Speaker,Yes,Yes,No,Visible,No
3292,2025-07-18,Campaign Activity,Youth Policy,Nizhny Tagil,Male,35-44,Volunteer,No,No,No,Basic,No
560,2025-07-19,Public Event,Social Policy,Nizhny Tagil,Male,18-24,Coordinator,Yes,No,Yes,Leadership,Yes
1533,2025-07-19,Public Event,Gender Equality,Yekaterinburg,Male,45-54,Volunteer,No,No,No,Basic,No
1733,2025-07-19,Public Event,Housing,Nizhny Tagil,Male,18-24,Participant,No,No,No,Basic,No
2523,2025-07-19,Government Interaction,Economic Policy,Serov,Female,18-24,Participant,No,No,No,Basic,No
2660,2025-07-19,Public Event,Education,Asbest,Female,18-24,Volunteer,No,No,No,Basic,No
2877,2025-07-19,Survey,Housing,Kamensk-Uralsky,Female,25-34,Organizer,Yes,No,Yes,Leadership,Yes
3196,2025-07-19,Community Outreach,Gender Equality,Yekaterinburg,Female,35-44,Participant,No,No,No,Basic,No
3473,2025-07-19,Public Event,Social Policy,Yekaterinburg,Male,25-34,Analyst,No,No,No,Professional,No
491,2025-07-20,Meeting,Transport,Yekaterinburg,Male,25-34,Participant,Yes,No,No,Basic,No
822,2025-07-20,Meeting,Transport,Revda,Male,45-54,Speaker,No,Yes,Yes,Visible,No
1908,2025-07-20,Campaign Activity,Entrepreneurship,Yekaterinburg,Female,18-24,Participant,No,No,No,Basic,No
2139,2025-07-20,Media Activity,Entrepreneurship,Yekaterinburg,Male,25-34,Speaker,Yes,Yes,No,Visible,No
3201,2025-07-20,Campaign Activity,Healthcare,Serov,Male,35-44,Participant,No,No,No,Basic,No
3421,2025-07-20,Media Activity,Entrepreneurship,Yekaterinburg,Male,25-34,Analyst,No,Yes,No,Professional,No
3525,2025-07-20,Public Event,Education,Pervouralsk,Male,35-44,Coordinator,Yes,Yes,Yes,Leadership,Yes
3599,2025-07-20,Government Interaction,Transport,Pervouralsk,Male,25-34,Speaker,No,Yes,No,Visible,No
165,2025-07-21,Meeting,Transport,Yekaterinburg,Male,25-34,Participant,No,No,No,Basic,No
342,2025-07-21,Meeting,Education,Yekaterinburg,Male,25-34,Coordinator,Yes,No,Yes,Leadership,Yes
948,2025-07-21,Public Event,Economic Policy,Yekaterinburg,Male,25-34,Participant,No,No,No,Basic,No
1229,2025-07-21,Survey,Entrepreneurship,Yekaterinburg,Male,25-34,Coordinator,Yes,Yes,Yes,Leadership,Yes
1579,2025-07-21,Community Outreach,Economic Policy,Yekaterinburg,Male,25-34,Participant,No,No,No,Basic,No
1611,2025-07-21,Campaign Activity,Housing,Yekaterinburg,Female,45-54,Participant,No,No,No,Basic,No
3240,2025-07-21,Educational Event,Entrepreneurship,Kamensk-Uralsky,Female,35-44,Analyst,Yes,No,No,Professional,No
3557,2025-07-21,Educational Event,Transport,Yekaterinburg,Male,25-34,Participant,No,No,No,Basic,No
291,2025-07-22,Meeting,Transport,Yekaterinburg,Male,35-44,Volunteer,No,No,No,Basic,No
300,2025-07-22,Meeting,Healthcare,Yekaterinburg,Male,25-34,Participant,No,No,No,Basic,No
1010,2025-07-22,Media Activity,Economic Policy,Yekaterinburg,Female,25-34,Speaker,No,Yes,Yes,Visible,No
1896,2025-07-22,Public Event,Education,Asbest,Female,35-44,Coordinator,No,No,Yes,Leadership,Yes
2059,2025-07-22,Meeting,Economic Policy,Revda,Female,25-34,Volunteer,No,No,No,Basic,No
2156,2025-07-22,Community Outreach,Transport,Yekaterinburg,Male,45-54,Organizer,Yes,Yes,Yes,Leadership,Yes
2732,2025-07-22,Media Activity,Local Government,Yekaterinburg,Female,35-44,Participant,No,No,No,Basic,No
3031,2025-07-22,Government Interaction,Gender Equality,Yekaterinburg,Male,35-44,Analyst,Yes,No,No,Professional,No
376,2025-07-23,Public Event,Healthcare,Yekaterinburg,Female,18-24,Volunteer,No,No,No,Basic,No
571,2025-07-23,Media Activity,Housing,Yekaterinburg,Female,55+,Coordinator,No,No,Yes,Leadership,Yes
591,2025-07-23,Meeting,Gender Equality,Nizhny Tagil,Male,25-34,Participant,No,No,No,Basic,No
792,2025-07-23,Survey,Entrepreneurship,Yekaterinburg,Female,45-54,Organizer,No,No,Yes,Leadership,Yes
1040,2025-07-23,Public Event,Economic Policy,Yekaterinburg,Female,18-24,Coordinator,No,No,Yes,Leadership,Yes
1424,2025-07-23,Community Outreach,Healthcare,Yekaterinburg,Female,25-34,Analyst,Yes,No,No,Professional,No
1907,2025-07-23,Meeting,Youth Policy,Nizhny Tagil,Female,45-54,Volunteer,No,No,No,Basic,No
1950,2025-07-23,Campaign Activity,Housing,Yekaterinburg,Male,18-24,Organizer,Yes,No,Yes,Leadership,Yes
133,2025-07-24,Community Outreach,Social Policy,Yekaterinburg,Male,25-34,Participant,No,No,No,Basic,No
877,2025-07-24,Community Outreach,Youth Policy,Kamensk-Uralsky,Female,25-34,Participant,No,No,No,Basic,No
1772,2025-07-24,Media Activity,Entrepreneurship,Yekaterinburg,Male,25-34,Participant,No,No,No,Basic,No
2284,2025-07-24,Media Activity,Youth Policy,Yekaterinburg,Male,18-24,Participant,No,No,No,Basic,No
2638,2025-07-24,Government Interaction,Youth Policy,Nizhny Tagil,Female,35-44,Participant,No,No,No,Basic,No
15,2025-07-25,Community Outreach,Housing,Asbest,Female,18-24,Participant,No,No,No,Basic,No
59,2025-07-25,Educational Event,Transport,Yekaterinburg,Female,55+,Organizer,No,No,Yes,Leadership,Yes
161,2025-07-25,Media Activity,Healthcare,Yekaterinburg,Female,45-54,Coordinator,No,Yes,Yes,Leadership,Yes
580,2025-07-25,Educational Event,Housing,Yekaterinburg,Female,55+,Participant,No,No,No,Basic,No
1581,2025-07-25,Government Interaction,Healthcare,Kamensk-Uralsky,Male,25-34,Participant,No,No,No,Basic,No
2262,2025-07-25,Meeting,Healthcare,Serov,Male,35-44,Participant,No,No,No,Basic,No
3380,2025-07-25,Government Interaction,Housing,Yekaterinburg,Male,55+,Organizer,Yes,Yes,Yes,Leadership,Yes
427,2025-07-26,Government Interaction,Healthcare,Yekaterinburg,Female,25-34,Analyst,Yes,No,No,Professional,No
480,2025-07-26,Campaign Activity,Social Policy,Nizhny Tagil,Female,55+,Participant,No,No,No,Basic,No
487,2025-07-26,Community Outreach,Transport,Pervouralsk,Male,25-34,Organizer,Yes,No,Yes,Leadership,Yes
542,2025-07-26,Community Outreach,Healthcare,Revda,Male,18-24,Coordinator,Yes,No,Yes,Leadership,Yes
960,2025-07-26,Government Interaction,Social Policy,Yekaterinburg,Male,35-44,Participant,No,No,No,Basic,No
1002,2025-07-26,Media Activity,Healthcare,Nizhny Tagil,Female,18-24,Analyst,No,No,No,Professional,No
1021,2025-07-26,Public Event,Housing,Yekaterinburg,Male,35-44,Organizer,Yes,No,Yes,Leadership,Yes
1503,2025-07-26,Meeting,Gender Equality,Yekaterinburg,Female,45-54,Volunteer,Yes,No,No,Basic,No
2827,2025-07-26,Meeting,Entrepreneurship,Yekaterinburg,Female,45-54,Coordinator,Yes,Yes,Yes,Leadership,Yes
3209,2025-07-26,Campaign Activity,Local Government,Yekaterinburg,Female,18-24,Speaker,No,Yes,No,Visible,No
341,2025-07-27,Meeting,Economic Policy,Yekaterinburg,Female,35-44,Participant,No,No,No,Basic,No
689,2025-07-27,Media Activity,Economic Policy,Yekaterinburg,Male,35-44,Volunteer,No,No,No,Basic,No
1299,2025-07-27,Educational Event,Housing,Pervouralsk,Male,25-34,Participant,No,No,No,Basic,No
3370,2025-07-27,Community Outreach,Economic Policy,Yekaterinburg,Female,35-44,Analyst,No,No,Yes,Professional,No
3405,2025-07-27,Educational Event,Healthcare,Revda,Male,18-24,Participant,Yes,No,No,Basic,No
55,2025-07-28,Public Event,Education,Kamensk-Uralsky,Male,25-34,Participant,Yes,No,No,Basic,No
223,2025-07-28,Community Outreach,Youth Policy,Yekaterinburg,Male,18-24,Participant,No,No,No,Basic,No
891,2025-07-28,Community Outreach,Housing,Yekaterinburg,Female,25-34,Participant,No,No,No,Basic,No
1496,2025-07-28,Community Outreach,Economic Policy,Serov,Male,25-34,Volunteer,No,No,Yes,Basic,No
1858,2025-07-28,Community Outreach,Gender Equality,Nizhny Tagil,Female,25-34,Speaker,No,Yes,No,Visible,No
2231,2025-07-28,Government Interaction,Youth Policy,Yekaterinburg,Female,25-34,Participant,No,No,No,Basic,No
825,2025-07-29,Community Outreach,Housing,Yekaterinburg,Male,25-34,Participant,No,No,No,Basic,No
1393,2025-07-29,Government Interaction,Economic Policy,Yekaterinburg,Female,35-44,Participant,No,No,No,Basic,No
2845,2025-07-29,Public Event,Healthcare,Yekaterinburg,Female,45-54,Participant,No,No,No,Basic,No
3417,2025-07-29,Campaign Activity,Entrepreneurship,Revda,Male,18-24,Speaker,No,Yes,No,Visible,No
1534,2025-07-30,Community Outreach,Youth Policy,Nizhny Tagil,Male,35-44,Coordinator,No,No,Yes,Leadership,Yes
1698,2025-07-30,Public Event,Youth Policy,Pervouralsk,Male,25-34,Participant,No,No,No,Basic,No
2238,2025-07-30,Community Outreach,Local Government,Nizhny Tagil,Female,25-34,Analyst,No,No,No,Professional,No
2305,2025-07-30,Campaign Activity,Transport,Kamensk-Uralsky,Female,25-34,Speaker,No,Yes,No,Visible,No
2916,2025-07-30,Campaign Activity,Economic Policy,Kamensk-Uralsky,Female,25-34,Participant,No,No,No,Basic,No
3475,2025-07-30,Survey,Entrepreneurship,Pervouralsk,Male,35-44,Speaker,No,Yes,No,Visible,No
553,2025-07-31,Campaign Activity,Housing,Pervouralsk,Female,25-34,Participant,No,No,No,Basic,No
956,2025-07-31,Survey,Social Policy,Yekaterinburg,Male,18-24,Coordinator,Yes,Yes,Yes,Leadership,Yes
3251,2025-07-31,Media Activity,Youth Policy,Yekaterinburg,Male,25-34,Participant,No,No,No,Basic,No
3454,2025-07-31,Campaign Activity,Transport,Nizhny Tagil,Female,35-44,Participant,No,No,No,Basic,No
98,2025-08-01,Meeting,Transport,Yekaterinburg,Female,45-54,Volunteer,No,Yes,No,Basic,No
151,2025-08-01,Meeting,Education,Yekaterinburg,Male,55+,Coordinator,Yes,Yes,Yes,Leadership,Yes
416,2025-08-01,Community Outreach,Youth Policy,Yekaterinburg,Female,18-24,Volunteer,No,No,No,Basic,No
785,2025-08-01,Educational Event,Social Policy,Yekaterinburg,Male,35-44,Participant,No,No,No,Basic,No
797,2025-08-01,Meeting,Youth Policy,Yekaterinburg,Female,18-24,Participant,No,No,No,Basic,No
1085,2025-08-01,Media Activity,Youth Policy,Pervouralsk,Male,25-34,Organizer,Yes,Yes,Yes,Leadership,Yes
2375,2025-08-01,Media Activity,Local Government,Yekaterinburg,Female,18-24,Volunteer,No,No,Yes,Basic,No
2702,2025-08-01,Community Outreach,Gender Equality,Kamensk-Uralsky,Male,25-34,Analyst,No,No,No,Professional,No
289,2025-08-02,Media Activity,Local Government,Yekaterinburg,Male,45-54,Participant,No,No,No,Basic,No
791,2025-08-02,Public Event,Social Policy,Yekaterinburg,Female,45-54,Participant,No,No,No,Basic,No
1070,2025-08-02,Public Event,Entrepreneurship,Yekaterinburg,Female,35-44,Volunteer,No,No,No,Basic,No
1669,2025-08-02,Media Activity,Economic Policy,Yekaterinburg,Female,35-44,Speaker,No,Yes,No,Visible,No
2061,2025-08-02,Campaign Activity,Healthcare,Yekaterinburg,Male,35-44,Organizer,Yes,No,Yes,Leadership,Yes
2701,2025-08-02,Public Event,Local Government,Yekaterinburg,Male,18-24,Analyst,Yes,No,No,Professional,No
3063,2025-08-02,Meeting,Housing,Nizhny Tagil,Female,45-54,Participant,No,No,No,Basic,No
3174,2025-08-02,Media Activity,Gender Equality,Yekaterinburg,Male,18-24,Organizer,Yes,Yes,Yes,Leadership,Yes
3478,2025-08-02,Media Activity,Economic Policy,Yekaterinburg,Male,25-34,Participant,No,No,No,Basic,No
119,2025-08-03,Media Activity,Local Government,Pervouralsk,Female,25-34,Participant,No,No,No,Basic,No
1145,2025-08-03,Meeting,Transport,Yekaterinburg,Female,35-44,Speaker,No,Yes,No,Visible,No
1295,2025-08-03,Government Interaction,Social Policy,Yekaterinburg,Female,18-24,Participant,No,No,No,Basic,No
1312,2025-08-03,Campaign Activity,Transport,Yekaterinburg,Male,18-24,Organizer,No,No,Yes,Leadership,Yes
1334,2025-08-03,Public Event,Housing,Yekaterinburg,Male,25-34,Participant,Yes,No,No,Basic,No
1447,2025-08-03,Public Event,Social Policy,Serov,Male,55+,Participant,No,No,No,Basic,No
1536,2025-08-03,Community Outreach,Entrepreneurship,Yekaterinburg,Male,25-34,Organizer,Yes,Yes,Yes,Leadership,Yes
1998,2025-08-03,Campaign Activity,Economic Policy,Kamensk-Uralsky,Female,25-34,Coordinator,Yes,No,Yes,Leadership,Yes
2204,2025-08-03,Community Outreach,Local Government,Yekaterinburg,Female,18-24,Organizer,No,Yes,Yes,Leadership,Yes
3134,2025-08-03,Survey,Transport,Kamensk-Uralsky,Female,35-44,Volunteer,No,No,No,Basic,No
1046,2025-08-04,Media Activity,Housing,Yekaterinburg,Female,45-54,Coordinator,Yes,No,Yes,Leadership,Yes
2946,2025-08-04,Educational Event,Social Policy,Pervouralsk,Female,25-34,Volunteer,No,No,Yes,Basic,No
3436,2025-08-04,Community Outreach,Education,Yekaterinburg,Male,45-54,Organizer,Yes,No,Yes,Leadership,Yes
3455,2025-08-04,Meeting,Transport,Yekaterinburg,Male,25-34,Analyst,No,No,No,Professional,No
3526,2025-08-04,Media Activity,Transport,Yekaterinburg,Female,45-54,Volunteer,No,No,No,Basic,No
1647,2025-08-05,Community Outreach,Healthcare,Yekaterinburg,Female,35-44,Organizer,Yes,No,Yes,Leadership,Yes
2021,2025-08-06,Campaign Activity,Transport,Yekaterinburg,Male,35-44,Organizer,Yes,No,Yes,Leadership,Yes
2196,2025-08-06,Community Outreach,Education,Pervouralsk,Male,35-44,Coordinator,No,Yes,Yes,Leadership,Yes
3553,2025-08-06,Media Activity,Housing,Pervouralsk,Female,25-34,Analyst,Yes,No,No,Professional,No
678,2025-08-07,Educational Event,Healthcare,Nizhny Tagil,Male,55+,Participant,Yes,No,No,Basic,No
872,2025-08-07,Public Event,Housing,Kamensk-Uralsky,Female,35-44,Participant,No,No,No,Basic,No
1267,2025-08-07,Public Event,Economic Policy,Yekaterinburg,Female,35-44,Analyst,No,No,No,Professional,No
2053,2025-08-07,Community Outreach,Entrepreneurship,Serov,Female,25-34,Coordinator,Yes,Yes,Yes,Leadership,Yes
2708,2025-08-07,Educational Event,Transport,Yekaterinburg,Female,45-54,Participant,No,No,No,Basic,No
3125,2025-08-07,Campaign Activity,Entrepreneurship,Asbest,Female,55+,Analyst,No,No,No,Professional,No
3260,2025-08-07,Meeting,Social Policy,Kamensk-Uralsky,Female,55+,Participant,No,No,No,Basic,No
3384,2025-08-07,Survey,Transport,Yekaterinburg,Male,18-24,Participant,Yes,No,No,Basic,No
3567,2025-08-07,Government Interaction,Social Policy,Yekaterinburg,Male,35-44,Speaker,No,Yes,No,Visible,No
1276,2025-08-08,Community Outreach,Transport,Yekaterinburg,Female,25-34,Participant,No,No,No,Basic,No
1284,2025-08-08,Campaign Activity,Education,Revda,Male,25-34,Participant,No,Yes,No,Basic,No
2054,2025-08-08,Campaign Activity,Gender Equality,Yekaterinburg,Male,35-44,Participant,No,No,No,Basic,No
2562,2025-08-08,Community Outreach,Housing,Yekaterinburg,Male,25-34,Organizer,Yes,No,Yes,Leadership,Yes
3062,2025-08-08,Educational Event,Education,Nizhny Tagil,Female,35-44,Participant,No,No,No,Basic,No
3100,2025-08-08,Community Outreach,Youth Policy,Pervouralsk,Female,18-24,Volunteer,No,No,No,Basic,No
3527,2025-08-08,Public Event,Economic Policy,Nizhny Tagil,Female,45-54,Participant,No,No,No,Basic,No
312,2025-08-09,Community Outreach,Local Government,Yekaterinburg,Female,25-34,Participant,No,No,No,Basic,No
1099,2025-08-09,Community Outreach,Youth Policy,Yekaterinburg,Male,25-34,Participant,No,No,No,Basic,No
1547,2025-08-09,Educational Event,Transport,Pervouralsk,Female,25-34,Volunteer,No,No,No,Basic,No
1718,2025-08-09,Media Activity,Transport,Kamensk-Uralsky,Male,35-44,Analyst,Yes,No,No,Professional,No
2325,2025-08-09,Community Outreach,Economic Policy,Yekaterinburg,Female,18-24,Organizer,Yes,No,Yes,Leadership,Yes
2652,2025-08-09,Public Event,Entrepreneurship,Yekaterinburg,Female,18-24,Participant,No,Yes,No,Basic,No
2766,2025-08-09,Campaign Activity,Youth Policy,Yekaterinburg,Male,45-54,Analyst,No,No,No,Professional,No
3012,2025-08-09,Public Event,Economic Policy,Yekaterinburg,Male,25-34,Analyst,No,No,Yes,Professional,No
200,2025-08-10,Public Event,Gender Equality,Yekaterinburg,Female,35-44,Participant,No,No,No,Basic,No
338,2025-08-10,Community Outreach,Social Policy,Yekaterinburg,Male,25-34,Coordinator,Yes,Yes,Yes,Leadership,Yes
687,2025-08-10,Educational Event,Education,Serov,Female,45-54,Participant,No,No,No,Basic,No
769,2025-08-10,Meeting,Economic Policy,Nizhny Tagil,Female,35-44,Speaker,Yes,Yes,No,Visible,No
2045,2025-08-10,Community Outreach,Local Government,Pervouralsk,Male,18-24,Participant,No,No,No,Basic,No
2129,2025-08-10,Educational Event,Social Policy,Yekaterinburg,Female,55+,Participant,No,No,No,Basic,No
2821,2025-08-10,Campaign Activity,Education,Kamensk-Uralsky,Female,35-44,Volunteer,No,Yes,No,Basic,No
3246,2025-08-10,Meeting,Gender Equality,Yekaterinburg,Male,25-34,Coordinator,Yes,Yes,Yes,Leadership,Yes
3284,2025-08-10,Survey,Healthcare,Yekaterinburg,Female,45-54,Participant,No,No,No,Basic,No
93,2025-08-11,Meeting,Healthcare,Yekaterinburg,Female,55+,Participant,No,No,No,Basic,No
914,2025-08-11,Meeting,Transport,Yekaterinburg,Male,25-34,Coordinator,Yes,No,Yes,Leadership,Yes
1181,2025-08-11,Public Event,Local Government,Serov,Male,25-34,Speaker,Yes,Yes,No,Visible,No
1300,2025-08-11,Survey,Transport,Asbest,Female,35-44,Organizer,No,Yes,Yes,Leadership,Yes
1691,2025-08-11,Campaign Activity,Transport,Serov,Male,45-54,Speaker,No,Yes,No,Visible,No
1750,2025-08-11,Public Event,Social Policy,Yekaterinburg,Female,45-54,Speaker,Yes,Yes,Yes,Visible,No
2015,2025-08-11,Community Outreach,Gender Equality,Asbest,Female,45-54,Participant,No,No,No,Basic,No
2449,2025-08-11,Public Event,Healthcare,Nizhny Tagil,Male,35-44,Organizer,Yes,No,Yes,Leadership,Yes
3464,2025-08-11,Meeting,Education,Yekaterinburg,Female,25-34,Organizer,No,Yes,Yes,Leadership,Yes
674,2025-08-12,Educational Event,Youth Policy,Yekaterinburg,Male,25-34,Speaker,Yes,Yes,No,Visible,No
970,2025-08-12,Community Outreach,Housing,Yekaterinburg,Female,45-54,Participant,No,No,No,Basic,No
1279,2025-08-12,Campaign Activity,Local Government,Yekaterinburg,Male,45-54,Volunteer,No,No,No,Basic,No
2031,2025-08-12,Campaign Activity,Housing,Yekaterinburg,Female,25-34,Participant,No,No,No,Basic,No
2581,2025-08-12,Meeting,Local Government,Yekaterinburg,Female,25-34,Participant,No,No,No,Basic,No
2760,2025-08-12,Community Outreach,Healthcare,Pervouralsk,Male,25-34,Participant,No,No,No,Basic,No
3110,2025-08-12,Meeting,Healthcare,Yekaterinburg,Male,18-24,Participant,No,No,No,Basic,No
349,2025-08-13,Educational Event,Education,Nizhny Tagil,Male,25-34,Participant,No,No,No,Basic,No
1123,2025-08-13,Public Event,Transport,Yekaterinburg,Male,35-44,Analyst,Yes,No,No,Professional,No
1645,2025-08-13,Campaign Activity,Education,Pervouralsk,Female,25-34,Participant,No,No,No,Basic,No
2492,2025-08-13,Meeting,Housing,Yekaterinburg,Female,35-44,Volunteer,No,No,No,Basic,No
208,2025-08-14,Community Outreach,Economic Policy,Yekaterinburg,Male,55+,Analyst,Yes,No,No,Professional,No
238,2025-08-14,Meeting,Economic Policy,Nizhny Tagil,Male,25-34,Speaker,Yes,Yes,No,Visible,No
499,2025-08-14,Government Interaction,Local Government,Asbest,Female,45-54,Organizer,Yes,No,Yes,Leadership,Yes
1715,2025-08-14,Campaign Activity,Local Government,Pervouralsk,Female,55+,Participant,No,No,No,Basic,No
1747,2025-08-14,Government Interaction,Local Government,Yekaterinburg,Male,18-24,Speaker,No,Yes,No,Visible,No
1963,2025-08-14,Meeting,Social Policy,Asbest,Male,55+,Analyst,No,No,No,Professional,No
2437,2025-08-14,Media Activity,Healthcare,Yekaterinburg,Male,45-54,Organizer,Yes,Yes,Yes,Leadership,Yes
2820,2025-08-14,Government Interaction,Healthcare,Yekaterinburg,Male,18-24,Organizer,No,Yes,Yes,Leadership,Yes
2854,2025-08-14,Public Event,Local Government,Serov,Female,18-24,Volunteer,No,No,No,Basic,No
3462,2025-08-14,Meeting,Gender Equality,Yekaterinburg,Male,25-34,Organizer,Yes,No,Yes,Leadership,Yes
789,2025-08-15,Government Interaction,Education,Yekaterinburg,Male,25-34,Analyst,Yes,No,No,Professional,No
1069,2025-08-15,Educational Event,Housing,Yekaterinburg,Female,35-44,Organizer,Yes,No,Yes,Leadership,Yes
1582,2025-08-15,Campaign Activity,Youth Policy,Yekaterinburg,Female,45-54,Participant,No,No,No,Basic,No
3452,2025-08-15,Public Event,Economic Policy,Kamensk-Uralsky,Male,25-34,Participant,No,No,No,Basic,No
3519,2025-08-15,Public Event,Gender Equality,Yekaterinburg,Male,55+,Participant,No,No,No,Basic,No
394,2025-08-16,Campaign Activity,Local Government,Yekaterinburg,Male,25-34,Analyst,Yes,Yes,No,Professional,No
441,2025-08-16,Campaign Activity,Healthcare,Yekaterinburg,Male,55+,Analyst,No,Yes,No,Professional,No
880,2025-08-16,Media Activity,Local Government,Yekaterinburg,Male,55+,Volunteer,No,Yes,No,Basic,No
1543,2025-08-16,Public Event,Education,Yekaterinburg,Female,35-44,Speaker,Yes,Yes,No,Visible,No
3317,2025-08-16,Campaign Activity,Social Policy,Serov,Male,45-54,Participant,No,No,No,Basic,No
3432,2025-08-16,Public Event,Education,Serov,Male,45-54,Organizer,Yes,Yes,Yes,Leadership,Yes
3469,2025-08-16,Campaign Activity,Gender Equality,Yekaterinburg,Female,25-34,Organizer,Yes,No,Yes,Leadership,Yes
229,2025-08-17,Media Activity,Local Government,Kamensk-Uralsky,Male,35-44,Participant,No,No,No,Basic,No
334,2025-08-17,Meeting,Healthcare,Pervouralsk,Male,35-44,Analyst,Yes,Yes,No,Professional,No
2163,2025-08-17,Survey,Housing,Yekaterinburg,Female,35-44,Participant,No,No,No,Basic,No
469,2025-08-18,Media Activity,Entrepreneurship,Yekaterinburg,Female,18-24,Coordinator,Yes,No,Yes,Leadership,Yes
1337,2025-08-18,Campaign Activity,Entrepreneurship,Pervouralsk,Female,45-54,Coordinator,Yes,Yes,Yes,Leadership,Yes
1509,2025-08-18,Community Outreach,Gender Equality,Yekaterinburg,Female,25-34,Participant,No,No,No,Basic,No
1834,2025-08-18,Campaign Activity,Youth Policy,Nizhny Tagil,Female,45-54,Participant,No,Yes,No,Basic,No
2085,2025-08-18,Campaign Activity,Healthcare,Yekaterinburg,Male,25-34,Analyst,Yes,No,No,Professional,No
2350,2025-08-18,Government Interaction,Gender Equality,Asbest,Female,25-34,Participant,No,No,No,Basic,No
2527,2025-08-18,Public Event,Local Government,Yekaterinburg,Male,45-54,Organizer,Yes,Yes,Yes,Leadership,Yes
2625,2025-08-18,Community Outreach,Transport,Kamensk-Uralsky,Male,35-44,Volunteer,No,Yes,No,Basic,No
2658,2025-08-18,Meeting,Transport,Pervouralsk,Male,25-34,Participant,No,No,No,Basic,No
313,2025-08-19,Educational Event,Entrepreneurship,Yekaterinburg,Female,25-34,Volunteer,No,No,No,Basic,No
2215,2025-08-19,Community Outreach,Economic Policy,Yekaterinburg,Male,18-24,Coordinator,Yes,No,Yes,Leadership,Yes
2964,2025-08-19,Media Activity,Gender Equality,Yekaterinburg,Male,55+,Participant,No,No,No,Basic,No
465,2025-08-20,Meeting,Transport,Asbest,Male,25-34,Coordinator,Yes,Yes,Yes,Leadership,Yes
1766,2025-08-20,Media Activity,Housing,Yekaterinburg,Female,45-54,Organizer,Yes,Yes,Yes,Leadership,Yes
3128,2025-08-20,Public Event,Gender Equality,Pervouralsk,Female,35-44,Volunteer,No,No,No,Basic,No
3144,2025-08-20,Meeting,Social Policy,Yekaterinburg,Female,35-44,Participant,No,Yes,No,Basic,No
68,2025-08-21,Meeting,Local Government,Pervouralsk,Female,35-44,Volunteer,No,Yes,No,Basic,No
192,2025-08-21,Campaign Activity,Social Policy,Yekaterinburg,Female,18-24,Participant,No,No,No,Basic,No
355,2025-08-21,Meeting,Social Policy,Nizhny Tagil,Female,55+,Participant,No,No,No,Basic,No
992,2025-08-21,Community Outreach,Youth Policy,Yekaterinburg,Male,35-44,Volunteer,No,No,No,Basic,No
1012,2025-08-21,Public Event,Youth Policy,Yekaterinburg,Male,25-34,Coordinator,Yes,Yes,Yes,Leadership,Yes
1138,2025-08-21,Meeting,Social Policy,Nizhny Tagil,Female,25-34,Coordinator,Yes,No,Yes,Leadership,Yes
3206,2025-08-21,Survey,Healthcare,Pervouralsk,Female,45-54,Volunteer,No,No,No,Basic,No
19,2025-08-22,Campaign Activity,Local Government,Nizhny Tagil,Male,25-34,Speaker,Yes,Yes,No,Visible,No
203,2025-08-22,Public Event,Transport,Yekaterinburg,Male,18-24,Participant,No,No,No,Basic,No
1569,2025-08-22,Meeting,Gender Equality,Yekaterinburg,Male,35-44,Analyst,No,No,No,Professional,No
1926,2025-08-22,Media Activity,Education,Yekaterinburg,Female,35-44,Volunteer,No,No,No,Basic,No
2476,2025-08-22,Community Outreach,Transport,Yekaterinburg,Female,35-44,Speaker,No,Yes,No,Visible,No
2966,2025-08-22,Government Interaction,Transport,Yekaterinburg,Male,45-54,Speaker,No,Yes,Yes,Visible,No
3173,2025-08-22,Campaign Activity,Education,Yekaterinburg,Male,35-44,Participant,No,No,No,Basic,No
190,2025-08-23,Government Interaction,Gender Equality,Pervouralsk,Female,25-34,Coordinator,Yes,Yes,Yes,Leadership,Yes
1198,2025-08-23,Community Outreach,Local Government,Nizhny Tagil,Male,25-34,Speaker,No,Yes,No,Visible,No
1681,2025-08-23,Media Activity,Youth Policy,Yekaterinburg,Male,25-34,Participant,Yes,No,No,Basic,No
2194,2025-08-23,Meeting,Gender Equality,Pervouralsk,Female,45-54,Volunteer,No,No,No,Basic,No
3228,2025-08-23,Educational Event,Social Policy,Yekaterinburg,Female,45-54,Participant,No,No,No,Basic,No
3400,2025-08-23,Survey,Healthcare,Pervouralsk,Male,25-34,Participant,No,No,No,Basic,No
589,2025-08-24,Meeting,Housing,Kamensk-Uralsky,Female,18-24,Participant,No,No,No,Basic,No
882,2025-08-24,Community Outreach,Housing,Yekaterinburg,Male,18-24,Speaker,No,Yes,Yes,Visible,No
1052,2025-08-24,Survey,Local Government,Yekaterinburg,Female,25-34,Participant,No,No,No,Basic,No
1186,2025-08-24,Educational Event,Healthcare,Yekaterinburg,Male,35-44,Coordinator,Yes,No,Yes,Leadership,Yes
1432,2025-08-24,Educational Event,Social Policy,Pervouralsk,Male,35-44,Organizer,Yes,No,Yes,Leadership,Yes
2263,2025-08-24,Community Outreach,Housing,Yekaterinburg,Female,25-34,Participant,No,No,No,Basic,No
3183,2025-08-24,Community Outreach,Education,Revda,Male,25-34,Coordinator,Yes,Yes,Yes,Leadership,Yes
3530,2025-08-24,Public Event,Local Government,Yekaterinburg,Male,25-34,Speaker,No,Yes,Yes,Visible,No
50,2025-08-25,Educational Event,Gender Equality,Yekaterinburg,Female,25-34,Volunteer,No,No,No,Basic,No
255,2025-08-25,Community Outreach,Local Government,Kamensk-Uralsky,Female,55+,Organizer,Yes,No,Yes,Leadership,Yes
294,2025-08-25,Community Outreach,Local Government,Yekaterinburg,Female,18-24,Participant,No,No,No,Basic,No
337,2025-08-25,Campaign Activity,Economic Policy,Yekaterinburg,Female,25-34,Participant,No,No,No,Basic,No
2040,2025-08-25,Community Outreach,Entrepreneurship,Serov,Male,45-54,Participant,No,No,No,Basic,No
2769,2025-08-25,Community Outreach,Youth Policy,Yekaterinburg,Male,25-34,Participant,No,No,No,Basic,No
2898,2025-08-25,Community Outreach,Economic Policy,Yekaterinburg,Female,25-34,Volunteer,No,No,No,Basic,No
3287,2025-08-25,Campaign Activity,Entrepreneurship,Yekaterinburg,Male,55+,Coordinator,Yes,No,Yes,Leadership,Yes
3362,2025-08-25,Meeting,Transport,Yekaterinburg,Female,35-44,Coordinator,No,Yes,Yes,Leadership,Yes
1156,2025-08-26,Community Outreach,Entrepreneurship,Yekaterinburg,Female,45-54,Organizer,Yes,Yes,Yes,Leadership,Yes
1281,2025-08-26,Meeting,Social Policy,Nizhny Tagil,Female,35-44,Participant,No,No,No,Basic,No
1347,2025-08-26,Community Outreach,Entrepreneurship,Yekaterinburg,Female,45-54,Coordinator,Yes,No,Yes,Leadership,Yes
1400,2025-08-26,Community Outreach,Local Government,Kamensk-Uralsky,Female,25-34,Participant,No,No,No,Basic,No
1481,2025-08-26,Meeting,Social Policy,Asbest,Female,25-34,Coordinator,No,No,Yes,Leadership,Yes
2623,2025-08-26,Community Outreach,Education,Yekaterinburg,Female,35-44,Volunteer,No,No,No,Basic,No
2648,2025-08-26,Media Activity,Economic Policy,Yekaterinburg,Male,25-34,Coordinator,No,No,Yes,Leadership,Yes
2757,2025-08-26,Campaign Activity,Education,Revda,Male,18-24,Organizer,Yes,Yes,Yes,Leadership,Yes
2867,2025-08-26,Public Event,Social Policy,Yekaterinburg,Female,45-54,Participant,Yes,No,No,Basic,No
36,2025-08-27,Meeting,Transport,Yekaterinburg,Female,35-44,Participant,No,No,No,Basic,No
52,2025-08-27,Public Event,Healthcare,Pervouralsk,Female,45-54,Participant,No,No,No,Basic,No
206,2025-08-27,Meeting,Entrepreneurship,Serov,Female,25-34,Participant,No,No,No,Basic,No
438,2025-08-27,Educational Event,Economic Policy,Nizhny Tagil,Male,35-44,Analyst,Yes,No,No,Professional,No
920,2025-08-27,Public Event,Youth Policy,Serov,Male,35-44,Volunteer,Yes,No,No,Basic,No
1196,2025-08-27,Meeting,Entrepreneurship,Revda,Female,35-44,Participant,No,No,No,Basic,No
1818,2025-08-27,Media Activity,Gender Equality,Nizhny Tagil,Male,35-44,Participant,No,No,No,Basic,No
2047,2025-08-27,Community Outreach,Healthcare,Serov,Female,25-34,Coordinator,No,No,Yes,Leadership,Yes
2146,2025-08-27,Meeting,Social Policy,Nizhny Tagil,Male,45-54,Coordinator,No,Yes,Yes,Leadership,Yes
2943,2025-08-27,Media Activity,Housing,Yekaterinburg,Male,25-34,Analyst,No,Yes,No,Professional,No
3508,2025-08-27,Community Outreach,Social Policy,Yekaterinburg,Male,35-44,Speaker,No,Yes,No,Visible,No
1204,2025-08-28,Campaign Activity,Entrepreneurship,Yekaterinburg,Male,35-44,Speaker,No,Yes,No,Visible,No
1414,2025-08-28,Government Interaction,Gender Equality,Yekaterinburg,Male,55+,Volunteer,No,No,Yes,Basic,No
2297,2025-08-28,Meeting,Healthcare,Nizhny Tagil,Male,18-24,Participant,No,No,No,Basic,No
2432,2025-08-28,Campaign Activity,Entrepreneurship,Yekaterinburg,Male,25-34,Organizer,Yes,Yes,Yes,Leadership,Yes
2941,2025-08-28,Educational Event,Housing,Yekaterinburg,Male,25-34,Organizer,No,No,Yes,Leadership,Yes
3019,2025-08-28,Public Event,Healthcare,Pervouralsk,Female,25-34,Participant,No,No,No,Basic,No
581,2025-08-29,Government Interaction,Healthcare,Nizhny Tagil,Male,25-34,Participant,No,No,No,Basic,No
751,2025-08-29,Meeting,Social Policy,Revda,Female,35-44,Participant,No,No,No,Basic,No
1261,2025-08-29,Community Outreach,Healthcare,Kamensk-Uralsky,Female,25-34,Volunteer,No,No,No,Basic,No
1426,2025-08-29,Community Outreach,Economic Policy,Yekaterinburg,Female,25-34,Participant,No,No,No,Basic,No
1783,2025-08-29,Survey,Transport,Yekaterinburg,Female,35-44,Participant,No,Yes,No,Basic,No
3067,2025-08-29,Survey,Transport,Yekaterinburg,Female,35-44,Participant,No,No,No,Basic,No
3256,2025-08-29,Campaign Activity,Social Policy,Revda,Male,45-54,Participant,No,No,No,Basic,No
75,2025-08-30,Survey,Youth Policy,Nizhny Tagil,Female,25-34,Participant,No,No,No,Basic,No
2344,2025-08-30,Educational Event,Youth Policy,Yekaterinburg,Female,18-24,Participant,No,No,No,Basic,No
3383,2025-08-30,Public Event,Housing,Kamensk-Uralsky,Male,35-44,Participant,No,No,No,Basic,No
2589,2025-08-31,Community Outreach,Entrepreneurship,Yekaterinburg,Female,25-34,Participant,No,No,No,Basic,No
2893,2025-08-31,Educational Event,Gender Equality,Pervouralsk,Male,45-54,Participant,No,No,No,Basic,No
610,2025-09-01,Public Event,Youth Policy,Yekaterinburg,Female,45-54,Analyst,No,No,No,Professional,No
3121,2025-09-01,Campaign Activity,Social Policy,Yekaterinburg,Female,45-54,Participant,No,No,No,Basic,No
3238,2025-09-01,Community Outreach,Transport,Yekaterinburg,Female,45-54,Participant,No,No,No,Basic,No
147,2025-09-02,Public Event,Entrepreneurship,Yekaterinburg,Female,45-54,Coordinator,No,Yes,Yes,Leadership,Yes
1527,2025-09-02,Campaign Activity,Entrepreneurship,Asbest,Female,25-34,Participant,No,No,No,Basic,No
1731,2025-09-02,Survey,Local Government,Yekaterinburg,Male,25-34,Speaker,No,Yes,No,Visible,No
2945,2025-09-02,Public Event,Gender Equality,Yekaterinburg,Female,45-54,Organizer,Yes,No,Yes,Leadership,Yes
3277,2025-09-02,Meeting,Social Policy,Revda,Male,45-54,Participant,No,No,No,Basic,No
1720,2025-09-03,Campaign Activity,Entrepreneurship,Yekaterinburg,Male,35-44,Participant,No,No,No,Basic,No
2217,2025-09-03,Public Event,Gender Equality,Serov,Female,45-54,Analyst,No,No,No,Professional,No
2972,2025-09-03,Community Outreach,Healthcare,Yekaterinburg,Male,55+,Participant,No,No,No,Basic,No
494,2025-09-04,Meeting,Gender Equality,Pervouralsk,Female,45-54,Organizer,No,Yes,Yes,Leadership,Yes
1003,2025-09-04,Media Activity,Housing,Yekaterinburg,Female,25-34,Analyst,Yes,Yes,No,Professional,No
1202,2025-09-04,Public Event,Healthcare,Kamensk-Uralsky,Male,45-54,Volunteer,No,No,No,Basic,No
1418,2025-09-04,Community Outreach,Youth Policy,Yekaterinburg,Male,25-34,Participant,No,No,No,Basic,No
2703,2025-09-04,Community Outreach,Local Government,Yekaterinburg,Female,45-54,Volunteer,No,No,No,Basic,No
2911,2025-09-04,Survey,Local Government,Serov,Male,18-24,Participant,No,No,No,Basic,No
1671,2025-09-05,Media Activity,Transport,Yekaterinburg,Female,55+,Participant,No,No,No,Basic,No
3090,2025-09-05,Community Outreach,Youth Policy,Pervouralsk,Male,55+,Volunteer,No,No,No,Basic,No
3563,2025-09-05,Community Outreach,Entrepreneurship,Nizhny Tagil,Male,35-44,Participant,No,No,No,Basic,No
1682,2025-09-06,Public Event,Healthcare,Kamensk-Uralsky,Male,25-34,Organizer,No,Yes,Yes,Leadership,Yes
1977,2025-09-06,Media Activity,Economic Policy,Yekaterinburg,Female,35-44,Speaker,No,Yes,No,Visible,No
2296,2025-09-06,Survey,Healthcare,Serov,Female,45-54,Participant,No,No,No,Basic,No
2602,2025-09-06,Community Outreach,Housing,Yekaterinburg,Male,25-34,Analyst,No,No,No,Professional,No
2731,2025-09-06,Campaign Activity,Economic Policy,Serov,Female,45-54,Coordinator,Yes,No,Yes,Leadership,Yes
758,2025-09-07,Public Event,Housing,Yekaterinburg,Male,18-24,Participant,Yes,No,No,Basic,No
1917,2025-09-07,Meeting,Transport,Yekaterinburg,Male,35-44,Participant,No,No,No,Basic,No
2208,2025-09-07,Educational Event,Economic Policy,Pervouralsk,Female,18-24,Volunteer,No,No,No,Basic,No
3061,2025-09-07,Campaign Activity,Healthcare,Yekaterinburg,Male,55+,Analyst,Yes,Yes,No,Professional,No
3276,2025-09-07,Community Outreach,Transport,Yekaterinburg,Male,35-44,Organizer,Yes,Yes,Yes,Leadership,Yes
27,2025-09-08,Educational Event,Social Policy,Kamensk-Uralsky,Female,35-44,Volunteer,No,No,No,Basic,No
977,2025-09-08,Educational Event,Gender Equality,Nizhny Tagil,Female,25-34,Participant,No,No,No,Basic,No
1819,2025-09-08,Meeting,Local Government,Yekaterinburg,Male,25-34,Coordinator,Yes,Yes,Yes,Leadership,Yes
2057,2025-09-08,Media Activity,Housing,Yekaterinburg,Male,55+,Organizer,Yes,No,Yes,Leadership,Yes
2973,2025-09-08,Community Outreach,Economic Policy,Revda,Female,25-34,Participant,No,No,No,Basic,No
3060,2025-09-08,Campaign Activity,Local Government,Yekaterinburg,Female,45-54,Participant,No,No,No,Basic,No
3159,2025-09-08,Campaign Activity,Housing,Yekaterinburg,Male,35-44,Analyst,Yes,No,No,Professional,No
3547,2025-09-08,Campaign Activity,Entrepreneurship,Serov,Male,18-24,Analyst,No,No,Yes,Professional,No
106,2025-09-09,Meeting,Entrepreneurship,Nizhny Tagil,Male,45-54,Speaker,No,Yes,No,Visible,No
370,2025-09-09,Meeting,Healthcare,Kamensk-Uralsky,Male,25-34,Participant,No,No,No,Basic,No
474,2025-09-09,Meeting,Housing,Yekaterinburg,Female,25-34,Volunteer,No,No,No,Basic,No
582,2025-09-09,Meeting,Social Policy,Yekaterinburg,Male,55+,Coordinator,Yes,No,Yes,Leadership,Yes
1026,2025-09-09,Community Outreach,Economic Policy,Yekaterinburg,Female,35-44,Volunteer,No,No,No,Basic,No
174,2025-09-10,Educational Event,Transport,Yekaterinburg,Male,18-24,Analyst,Yes,Yes,Yes,Professional,No
328,2025-09-10,Educational Event,Entrepreneurship,Yekaterinburg,Male,18-24,Volunteer,No,No,No,Basic,No
643,2025-09-10,Community Outreach,Youth Policy,Serov,Female,55+,Speaker,No,Yes,No,Visible,No
844,2025-09-10,Media Activity,Transport,Pervouralsk,Female,45-54,Participant,No,No,No,Basic,No
1118,2025-09-10,Community Outreach,Local Government,Yekaterinburg,Male,25-34,Participant,No,No,No,Basic,No
1422,2025-09-10,Educational Event,Social Policy,Yekaterinburg,Male,25-34,Organizer,Yes,Yes,Yes,Leadership,Yes
2642,2025-09-10,Meeting,Gender Equality,Yekaterinburg,Male,45-54,Analyst,No,No,No,Professional,No
2936,2025-09-10,Meeting,Gender Equality,Pervouralsk,Male,18-24,Speaker,No,Yes,No,Visible,No
3102,2025-09-10,Community Outreach,Transport,Yekaterinburg,Female,55+,Participant,No,No,No,Basic,No
3105,2025-09-10,Campaign Activity,Entrepreneurship,Pervouralsk,Male,35-44,Coordinator,Yes,No,Yes,Leadership,Yes
1,2025-09-11,Public Event,Housing,Serov,Male,35-44,Participant,No,No,No,Basic,No
89,2025-09-11,Community Outreach,Housing,Yekaterinburg,Female,18-24,Participant,No,No,No,Basic,No
933,2025-09-11,Government Interaction,Transport,Yekaterinburg,Female,25-34,Volunteer,No,No,No,Basic,No
1346,2025-09-11,Survey,Education,Kamensk-Uralsky,Male,45-54,Volunteer,No,No,No,Basic,No
1576,2025-09-11,Meeting,Social Policy,Nizhny Tagil,Female,25-34,Participant,No,No,No,Basic,No
3247,2025-09-11,Public Event,Transport,Yekaterinburg,Female,25-34,Analyst,No,No,No,Professional,No
3539,2025-09-11,Government Interaction,Transport,Serov,Female,18-24,Participant,No,No,No,Basic,No
579,2025-09-12,Government Interaction,Healthcare,Yekaterinburg,Male,25-34,Analyst,No,No,Yes,Professional,No
1016,2025-09-12,Public Event,Economic Policy,Yekaterinburg,Female,18-24,Participant,No,No,No,Basic,No
1663,2025-09-12,Meeting,Gender Equality,Asbest,Male,25-34,Volunteer,No,No,No,Basic,No
2112,2025-09-12,Community Outreach,Education,Yekaterinburg,Male,35-44,Participant,No,No,No,Basic,No
2151,2025-09-12,Meeting,Gender Equality,Yekaterinburg,Male,25-34,Volunteer,No,No,No,Basic,No
2477,2025-09-12,Community Outreach,Economic Policy,Yekaterinburg,Female,35-44,Analyst,Yes,No,No,Professional,No
3078,2025-09-12,Educational Event,Transport,Asbest,Male,18-24,Participant,Yes,No,No,Basic,No
216,2025-09-13,Campaign Activity,Transport,Nizhny Tagil,Male,25-34,Organizer,Yes,Yes,Yes,Leadership,Yes
1459,2025-09-13,Community Outreach,Education,Yekaterinburg,Male,18-24,Coordinator,Yes,No,Yes,Leadership,Yes
2473,2025-09-13,Meeting,Education,Yekaterinburg,Male,18-24,Participant,No,No,No,Basic,No
3071,2025-09-13,Campaign Activity,Housing,Nizhny Tagil,Female,45-54,Organizer,Yes,Yes,Yes,Leadership,Yes
3430,2025-09-13,Educational Event,Economic Policy,Yekaterinburg,Male,25-34,Participant,No,No,No,Basic,No
1109,2025-09-14,Meeting,Social Policy,Serov,Male,55+,Organizer,Yes,Yes,Yes,Leadership,Yes
1287,2025-09-14,Meeting,Economic Policy,Serov,Female,55+,Speaker,No,Yes,No,Visible,No
1521,2025-09-14,Community Outreach,Transport,Revda,Female,25-34,Participant,No,Yes,No,Basic,No
1616,2025-09-14,Campaign Activity,Entrepreneurship,Yekaterinburg,Female,25-34,Participant,No,No,No,Basic,No
1909,2025-09-14,Survey,Education,Kamensk-Uralsky,Male,35-44,Analyst,No,No,Yes,Professional,No
2144,2025-09-14,Educational Event,Healthcare,Yekaterinburg,Male,35-44,Organizer,No,No,Yes,Leadership,Yes
2342,2025-09-14,Community Outreach,Economic Policy,Yekaterinburg,Female,55+,Coordinator,No,Yes,Yes,Leadership,Yes
2591,2025-09-14,Educational Event,Gender Equality,Yekaterinburg,Male,18-24,Volunteer,No,No,No,Basic,No
2742,2025-09-14,Educational Event,Gender Equality,Yekaterinburg,Male,55+,Analyst,No,No,No,Professional,No
168,2025-09-15,Campaign Activity,Healthcare,Yekaterinburg,Male,25-34,Coordinator,Yes,Yes,Yes,Leadership,Yes
1491,2025-09-15,Campaign Activity,Healthcare,Yekaterinburg,Female,25-34,Participant,No,Yes,No,Basic,No
2550,2025-09-15,Survey,Education,Pervouralsk,Female,55+,Analyst,Yes,No,No,Professional,No
2709,2025-09-15,Campaign Activity,Education,Yekaterinburg,Female,35-44,Analyst,Yes,No,No,Professional,No
2875,2025-09-15,Meeting,Transport,Yekaterinburg,Female,35-44,Volunteer,No,No,No,Basic,No
2977,2025-09-15,Campaign Activity,Healthcare,Yekaterinburg,Male,55+,Participant,No,No,No,Basic,No
3302,2025-09-15,Community Outreach,Local Government,Yekaterinburg,Female,25-34,Participant,No,No,No,Basic,No
599,2025-09-16,Meeting,Economic Policy,Nizhny Tagil,Male,18-24,Participant,No,No,No,Basic,No
1425,2025-09-16,Community Outreach,Gender Equality,Pervouralsk,Female,35-44,Participant,No,Yes,No,Basic,No
1516,2025-09-16,Media Activity,Education,Yekaterinburg,Female,18-24,Participant,No,No,No,Basic,No
799,2025-09-17,Meeting,Economic Policy,Yekaterinburg,Male,35-44,Analyst,No,No,No,Professional,No
1332,2025-09-17,Community Outreach,Economic Policy,Serov,Male,35-44,Speaker,No,Yes,No,Visible,No
1349,2025-09-17,Government Interaction,Economic Policy,Yekaterinburg,Female,55+,Coordinator,Yes,No,Yes,Leadership,Yes
1369,2025-09-17,Meeting,Housing,Yekaterinburg,Female,25-34,Organizer,Yes,No,Yes,Leadership,Yes
2155,2025-09-17,Meeting,Entrepreneurship,Yekaterinburg,Male,55+,Coordinator,Yes,No,Yes,Leadership,Yes
2277,2025-09-17,Community Outreach,Housing,Yekaterinburg,Male,55+,Participant,No,No,No,Basic,No
2800,2025-09-17,Educational Event,Economic Policy,Yekaterinburg,Male,25-34,Participant,No,No,No,Basic,No
3024,2025-09-17,Campaign Activity,Healthcare,Yekaterinburg,Male,35-44,Coordinator,Yes,No,Yes,Leadership,Yes
3131,2025-09-17,Survey,Transport,Yekaterinburg,Female,25-34,Coordinator,No,Yes,Yes,Leadership,Yes
3226,2025-09-17,Community Outreach,Youth Policy,Yekaterinburg,Male,35-44,Participant,No,No,No,Basic,No
163,2025-09-18,Meeting,Housing,Nizhny Tagil,Female,25-34,Analyst,Yes,No,No,Professional,No
420,2025-09-18,Government Interaction,Education,Asbest,Male,25-34,Participant,No,No,No,Basic,No
503,2025-09-18,Community Outreach,Gender Equality,Pervouralsk,Male,25-34,Coordinator,Yes,Yes,Yes,Leadership,Yes
508,2025-09-18,Government Interaction,Gender Equality,Yekaterinburg,Male,25-34,Participant,No,No,No,Basic,No
523,2025-09-18,Educational Event,Healthcare,Yekaterinburg,Female,25-34,Organizer,Yes,No,Yes,Leadership,Yes
707,2025-09-18,Community Outreach,Gender Equality,Nizhny Tagil,Male,55+,Volunteer,No,No,No,Basic,No
1057,2025-09-18,Educational Event,Social Policy,Yekaterinburg,Male,55+,Speaker,Yes,Yes,No,Visible,No
1857,2025-09-18,Meeting,Education,Pervouralsk,Female,25-34,Speaker,Yes,Yes,No,Visible,No
1955,2025-09-18,Government Interaction,Education,Revda,Male,35-44,Coordinator,Yes,No,Yes,Leadership,Yes
2399,2025-09-18,Educational Event,Entrepreneurship,Yekaterinburg,Female,25-34,Participant,No,No,No,Basic,No
3000,2025-09-18,Campaign Activity,Healthcare,Pervouralsk,Female,35-44,Participant,No,No,No,Basic,No
434,2025-09-19,Community Outreach,Education,Yekaterinburg,Male,18-24,Speaker,Yes,Yes,No,Visible,No
556,2025-09-19,Meeting,Education,Yekaterinburg,Female,45-54,Coordinator,No,Yes,Yes,Leadership,Yes
595,2025-09-19,Public Event,Transport,Yekaterinburg,Female,25-34,Participant,No,No,No,Basic,No
700,2025-09-19,Government Interaction,Housing,Yekaterinburg,Female,35-44,Participant,No,No,No,Basic,No
1017,2025-09-19,Meeting,Youth Policy,Pervouralsk,Male,18-24,Speaker,Yes,Yes,No,Visible,No
2115,2025-09-19,Meeting,Gender Equality,Pervouralsk,Female,35-44,Speaker,No,Yes,No,Visible,No
2145,2025-09-19,Government Interaction,Local Government,Yekaterinburg,Female,55+,Participant,No,No,No,Basic,No
3115,2025-09-19,Community Outreach,Economic Policy,Pervouralsk,Female,35-44,Volunteer,No,No,No,Basic,No
3372,2025-09-19,Campaign Activity,Healthcare,Yekaterinburg,Female,35-44,Volunteer,No,No,No,Basic,No
448,2025-09-20,Public Event,Economic Policy,Yekaterinburg,Male,35-44,Participant,Yes,No,No,Basic,No
2295,2025-09-20,Meeting,Transport,Yekaterinburg,Female,25-34,Participant,No,Yes,No,Basic,No
2944,2025-09-20,Community Outreach,Local Government,Yekaterinburg,Female,35-44,Coordinator,No,No,Yes,Leadership,Yes
386,2025-09-21,Meeting,Education,Yekaterinburg,Male,35-44,Participant,No,No,No,Basic,No
650,2025-09-21,Survey,Healthcare,Yekaterinburg,Female,18-24,Participant,No,No,No,Basic,No
696,2025-09-21,Campaign Activity,Housing,Yekaterinburg,Male,25-34,Organizer,Yes,Yes,Yes,Leadership,Yes
847,2025-09-21,Campaign Activity,Gender Equality,Kamensk-Uralsky,Female,55+,Organizer,Yes,No,Yes,Leadership,Yes
1171,2025-09-21,Community Outreach,Entrepreneurship,Yekaterinburg,Female,55+,Coordinator,Yes,Yes,Yes,Leadership,Yes
1710,2025-09-21,Public Event,Social Policy,Nizhny Tagil,Female,25-34,Coordinator,No,Yes,Yes,Leadership,Yes
2301,2025-09-21,Educational Event,Transport,Yekaterinburg,Male,45-54,Analyst,No,No,No,Professional,No
2383,2025-09-21,Educational Event,Healthcare,Yekaterinburg,Female,55+,Participant,No,No,No,Basic,No
2454,2025-09-21,Public Event,Transport,Yekaterinburg,Male,35-44,Participant,No,No,No,Basic,No
3297,2025-09-21,Media Activity,Transport,Asbest,Male,18-24,Participant,No,No,No,Basic,No
3360,2025-09-21,Educational Event,Economic Policy,Asbest,Male,18-24,Participant,No,No,No,Basic,No
478,2025-09-22,Community Outreach,Education,Nizhny Tagil,Male,45-54,Volunteer,No,Yes,No,Basic,No
638,2025-09-22,Educational Event,Local Government,Kamensk-Uralsky,Male,35-44,Organizer,Yes,Yes,Yes,Leadership,Yes
1636,2025-09-22,Community Outreach,Transport,Yekaterinburg,Female,25-34,Coordinator,Yes,No,Yes,Leadership,Yes
2784,2025-09-22,Survey,Housing,Nizhny Tagil,Female,45-54,Participant,No,No,No,Basic,No
2953,2025-09-22,Educational Event,Housing,Yekaterinburg,Female,35-44,Analyst,No,No,No,Professional,No
3373,2025-09-22,Public Event,Transport,Yekaterinburg,Male,35-44,Organizer,Yes,Yes,Yes,Leadership,Yes
747,2025-09-23,Survey,Education,Pervouralsk,Female,45-54,Participant,No,No,No,Basic,No
1272,2025-09-23,Public Event,Local Government,Serov,Female,25-34,Participant,No,No,No,Basic,No
2364,2025-09-23,Public Event,Youth Policy,Yekaterinburg,Male,55+,Participant,No,No,No,Basic,No
3211,2025-09-23,Meeting,Education,Kamensk-Uralsky,Female,35-44,Speaker,No,Yes,No,Visible,No
667,2025-09-24,Campaign Activity,Gender Equality,Asbest,Male,35-44,Participant,No,No,No,Basic,No
1572,2025-09-24,Community Outreach,Education,Yekaterinburg,Male,25-34,Coordinator,No,Yes,Yes,Leadership,Yes
1619,2025-09-24,Public Event,Healthcare,Revda,Male,35-44,Participant,No,No,No,Basic,No
1774,2025-09-24,Community Outreach,Social Policy,Pervouralsk,Male,18-24,Speaker,No,Yes,No,Visible,No
2360,2025-09-24,Public Event,Economic Policy,Yekaterinburg,Female,25-34,Coordinator,Yes,No,Yes,Leadership,Yes
380,2025-09-25,Government Interaction,Education,Yekaterinburg,Male,45-54,Organizer,Yes,No,Yes,Leadership,Yes
410,2025-09-25,Community Outreach,Youth Policy,Pervouralsk,Male,25-34,Speaker,No,Yes,No,Visible,No
693,2025-09-25,Meeting,Economic Policy,Nizhny Tagil,Female,35-44,Volunteer,No,No,No,Basic,No
711,2025-09-25,Community Outreach,Entrepreneurship,Kamensk-Uralsky,Male,35-44,Volunteer,No,No,No,Basic,No
908,2025-09-25,Meeting,Housing,Kamensk-Uralsky,Female,45-54,Participant,No,No,No,Basic,No
1235,2025-09-25,Campaign Activity,Local Government,Kamensk-Uralsky,Female,35-44,Analyst,Yes,No,No,Professional,No
1599,2025-09-25,Survey,Gender Equality,Yekaterinburg,Male,55+,Volunteer,Yes,No,No,Basic,No
2395,2025-09-25,Community Outreach,Transport,Serov,Male,45-54,Analyst,Yes,No,No,Professional,No
2990,2025-09-25,Community Outreach,Transport,Pervouralsk,Male,45-54,Participant,No,No,No,Basic,No
3034,2025-09-25,Community Outreach,Healthcare,Yekaterinburg,Female,45-54,Coordinator,Yes,No,Yes,Leadership,Yes
3177,2025-09-25,Campaign Activity,Economic Policy,Yekaterinburg,Male,18-24,Participant,No,No,No,Basic,No
231,2025-09-26,Community Outreach,Youth Policy,Yekaterinburg,Female,25-34,Participant,Yes,No,No,Basic,No
433,2025-09-26,Community Outreach,Economic Policy,Pervouralsk,Male,18-24,Volunteer,No,No,No,Basic,No
1024,2025-09-26,Educational Event,Transport,Asbest,Male,55+,Volunteer,No,No,No,Basic,No
1150,2025-09-26,Meeting,Gender Equality,Nizhny Tagil,Male,35-44,Participant,No,No,No,Basic,No
1200,2025-09-26,Survey,Education,Kamensk-Uralsky,Male,35-44,Participant,No,No,No,Basic,No
2406,2025-09-26,Community Outreach,Youth Policy,Yekaterinburg,Female,18-24,Organizer,Yes,No,Yes,Leadership,Yes
2461,2025-09-26,Community Outreach,Healthcare,Yekaterinburg,Male,25-34,Coordinator,Yes,No,Yes,Leadership,Yes
2915,2025-09-26,Meeting,Gender Equality,Asbest,Female,18-24,Participant,No,No,No,Basic,No
3170,2025-09-26,Campaign Activity,Transport,Pervouralsk,Male,35-44,Volunteer,No,No,No,Basic,No
3402,2025-09-26,Educational Event,Healthcare,Kamensk-Uralsky,Male,25-34,Volunteer,No,No,No,Basic,No
304,2025-09-27,Community Outreach,Healthcare,Yekaterinburg,Male,55+,Volunteer,No,No,No,Basic,No
938,2025-09-27,Educational Event,Gender Equality,Yekaterinburg,Female,45-54,Organizer,Yes,No,Yes,Leadership,Yes
2114,2025-09-27,Government Interaction,Transport,Yekaterinburg,Male,25-34,Participant,No,No,No,Basic,No
3109,2025-09-27,Community Outreach,Local Government,Yekaterinburg,Female,25-34,Participant,Yes,No,No,Basic,No
3278,2025-09-27,Campaign Activity,Healthcare,Pervouralsk,Male,55+,Participant,No,No,No,Basic,No
3472,2025-09-27,Public Event,Social Policy,Yekaterinburg,Female,25-34,Volunteer,No,No,No,Basic,No
76,2025-09-28,Educational Event,Gender Equality,Yekaterinburg,Female,25-34,Coordinator,No,Yes,Yes,Leadership,Yes
886,2025-09-28,Public Event,Local Government,Serov,Female,45-54,Speaker,No,Yes,No,Visible,No
1068,2025-09-28,Campaign Activity,Education,Asbest,Male,55+,Coordinator,No,Yes,Yes,Leadership,Yes
1173,2025-09-28,Meeting,Economic Policy,Serov,Female,35-44,Participant,No,No,No,Basic,No
2474,2025-09-28,Meeting,Economic Policy,Yekaterinburg,Male,35-44,Analyst,No,No,No,Professional,No
2543,2025-09-28,Meeting,Education,Yekaterinburg,Female,18-24,Organizer,Yes,Yes,Yes,Leadership,Yes
3448,2025-09-28,Campaign Activity,Local Government,Pervouralsk,Male,25-34,Speaker,No,Yes,No,Visible,No
252,2025-09-29,Public Event,Local Government,Yekaterinburg,Male,55+,Participant,No,No,No,Basic,No
429,2025-09-29,Community Outreach,Gender Equality,Nizhny Tagil,Female,25-34,Volunteer,No,No,No,Basic,No
692,2025-09-29,Meeting,Local Government,Yekaterinburg,Male,35-44,Participant,No,No,No,Basic,No
1239,2025-09-29,Meeting,Gender Equality,Yekaterinburg,Female,25-34,Participant,No,No,No,Basic,No
2348,2025-09-29,Government Interaction,Economic Policy,Yekaterinburg,Male,25-34,Analyst,Yes,No,No,Professional,No
3357,2025-09-29,Public Event,Gender Equality,Revda,Male,35-44,Organizer,No,No,Yes,Leadership,Yes
3391,2025-09-29,Meeting,Youth Policy,Yekaterinburg,Female,25-34,Participant,No,No,No,Basic,No
684,2025-09-30,Meeting,Local Government,Yekaterinburg,Female,25-34,Volunteer,No,No,No,Basic,No
1112,2025-09-30,Public Event,Social Policy,Yekaterinburg,Female,35-44,Participant,No,No,No,Basic,No
1943,2025-09-30,Community Outreach,Transport,Yekaterinburg,Female,35-44,Participant,No,No,No,Basic,No
2644,2025-09-30,Survey,Local Government,Pervouralsk,Male,55+,Volunteer,No,No,No,Basic,No
2736,2025-09-30,Campaign Activity,Economic Policy,Revda,Female,18-24,Volunteer,No,Yes,No,Basic,No
3113,2025-09-30,Public Event,Education,Nizhny Tagil,Male,25-34,Participant,No,No,No,Basic,No
3404,2025-09-30,Community Outreach,Social Policy,Yekaterinburg,Male,18-24,Volunteer,No,No,No,Basic,No
29,2025-10-01,Community Outreach,Youth Policy,Yekaterinburg,Female,25-34,Volunteer,No,No,No,Basic,No
180,2025-10-01,Media Activity,Healthcare,Yekaterinburg,Male,45-54,Organizer,Yes,No,Yes,Leadership,Yes
278,2025-10-01,Media Activity,Healthcare,Yekaterinburg,Male,18-24,Coordinator,Yes,Yes,Yes,Leadership,Yes
336,2025-10-01,Public Event,Transport,Kamensk-Uralsky,Male,25-34,Volunteer,No,No,No,Basic,No
585,2025-10-01,Media Activity,Education,Kamensk-Uralsky,Male,35-44,Participant,No,No,No,Basic,No
683,2025-10-01,Community Outreach,Gender Equality,Revda,Female,55+,Participant,No,No,No,Basic,No
1749,2025-10-01,Government Interaction,Transport,Yekaterinburg,Male,55+,Participant,No,Yes,No,Basic,No
2515,2025-10-01,Campaign Activity,Education,Yekaterinburg,Female,18-24,Organizer,Yes,Yes,Yes,Leadership,Yes
2635,2025-10-01,Campaign Activity,Education,Yekaterinburg,Male,18-24,Participant,No,No,No,Basic,No
2745,2025-10-01,Public Event,Social Policy,Yekaterinburg,Female,25-34,Participant,No,No,No,Basic,No
2815,2025-10-01,Community Outreach,Housing,Yekaterinburg,Female,25-34,Volunteer,No,No,No,Basic,No
3258,2025-10-01,Campaign Activity,Healthcare,Yekaterinburg,Female,18-24,Analyst,No,No,No,Professional,No
24,2025-10-02,Educational Event,Transport,Yekaterinburg,Male,35-44,Coordinator,Yes,No,Yes,Leadership,Yes
578,2025-10-02,Media Activity,Healthcare,Nizhny Tagil,Male,25-34,Participant,No,No,No,Basic,No
1812,2025-10-02,Survey,Housing,Pervouralsk,Female,18-24,Analyst,Yes,No,No,Professional,No
2886,2025-10-02,Educational Event,Housing,Yekaterinburg,Female,45-54,Participant,Yes,No,No,Basic,No
3339,2025-10-02,Meeting,Economic Policy,Nizhny Tagil,Female,35-44,Coordinator,No,No,Yes,Leadership,Yes
3434,2025-10-02,Meeting,Youth Policy,Asbest,Female,25-34,Participant,Yes,Yes,No,Basic,No
780,2025-10-03,Meeting,Economic Policy,Kamensk-Uralsky,Male,45-54,Participant,No,No,No,Basic,No
1265,2025-10-03,Government Interaction,Local Government,Yekaterinburg,Male,18-24,Participant,No,No,No,Basic,No
1945,2025-10-03,Community Outreach,Education,Revda,Male,18-24,Participant,No,No,No,Basic,No
2032,2025-10-03,Meeting,Housing,Yekaterinburg,Male,18-24,Volunteer,No,No,No,Basic,No
2123,2025-10-03,Meeting,Housing,Nizhny Tagil,Female,35-44,Analyst,No,No,No,Professional,No
2321,2025-10-03,Campaign Activity,Entrepreneurship,Yekaterinburg,Female,25-34,Participant,No,No,No,Basic,No
3161,2025-10-03,Meeting,Education,Yekaterinburg,Male,25-34,Participant,No,No,No,Basic,No
1631,2025-10-04,Survey,Youth Policy,Yekaterinburg,Male,55+,Coordinator,Yes,Yes,Yes,Leadership,Yes
1797,2025-10-04,Public Event,Local Government,Yekaterinburg,Male,35-44,Coordinator,Yes,No,Yes,Leadership,Yes
2026,2025-10-04,Community Outreach,Gender Equality,Nizhny Tagil,Female,25-34,Participant,No,No,No,Basic,No
2230,2025-10-04,Survey,Education,Nizhny Tagil,Male,45-54,Participant,No,No,No,Basic,No
2256,2025-10-04,Educational Event,Youth Policy,Yekaterinburg,Male,35-44,Participant,No,No,No,Basic,No
3223,2025-10-04,Community Outreach,Local Government,Nizhny Tagil,Male,25-34,Participant,No,No,No,Basic,No
3522,2025-10-04,Meeting,Education,Yekaterinburg,Male,55+,Analyst,No,No,Yes,Professional,No
725,2025-10-05,Public Event,Healthcare,Pervouralsk,Female,35-44,Participant,No,No,No,Basic,No
728,2025-10-05,Survey,Economic Policy,Yekaterinburg,Female,25-34,Participant,No,No,No,Basic,No
1271,2025-10-05,Campaign Activity,Economic Policy,Nizhny Tagil,Male,25-34,Participant,No,No,No,Basic,No
1274,2025-10-05,Community Outreach,Education,Yekaterinburg,Male,45-54,Participant,No,No,No,Basic,No
1317,2025-10-05,Survey,Transport,Yekaterinburg,Male,18-24,Volunteer,No,No,No,Basic,No
1507,2025-10-05,Meeting,Housing,Pervouralsk,Male,45-54,Coordinator,Yes,Yes,Yes,Leadership,Yes
1610,2025-10-05,Meeting,Transport,Kamensk-Uralsky,Female,25-34,Participant,Yes,No,No,Basic,No
1912,2025-10-05,Community Outreach,Social Policy,Pervouralsk,Female,55+,Participant,No,No,No,Basic,No
2077,2025-10-05,Meeting,Youth Policy,Yekaterinburg,Male,35-44,Participant,No,No,No,Basic,No
2812,2025-10-05,Survey,Economic Policy,Yekaterinburg,Male,35-44,Organizer,Yes,Yes,Yes,Leadership,Yes
2960,2025-10-05,Public Event,Gender Equality,Yekaterinburg,Male,55+,Organizer,No,Yes,Yes,Leadership,Yes
3013,2025-10-05,Community Outreach,Youth Policy,Serov,Male,25-34,Organizer,Yes,Yes,Yes,Leadership,Yes
3124,2025-10-05,Meeting,Healthcare,Revda,Female,45-54,Participant,No,No,No,Basic,No
3285,2025-10-05,Media Activity,Local Government,Pervouralsk,Female,35-44,Coordinator,No,No,Yes,Leadership,Yes
575,2025-10-06,Survey,Entrepreneurship,Yekaterinburg,Male,18-24,Speaker,Yes,Yes,No,Visible,No
928,2025-10-06,Government Interaction,Social Policy,Yekaterinburg,Male,18-24,Speaker,No,Yes,No,Visible,No
978,2025-10-06,Meeting,Local Government,Serov,Female,55+,Organizer,Yes,Yes,Yes,Leadership,Yes
1403,2025-10-06,Survey,Transport,Yekaterinburg,Male,35-44,Coordinator,Yes,Yes,Yes,Leadership,Yes
1702,2025-10-06,Community Outreach,Local Government,Yekaterinburg,Male,35-44,Coordinator,Yes,Yes,Yes,Leadership,Yes
1995,2025-10-06,Community Outreach,Transport,Serov,Male,18-24,Organizer,Yes,Yes,Yes,Leadership,Yes
2590,2025-10-06,Community Outreach,Gender Equality,Yekaterinburg,Female,18-24,Participant,No,No,No,Basic,No
2923,2025-10-06,Meeting,Local Government,Nizhny Tagil,Female,25-34,Volunteer,No,No,No,Basic,No
3028,2025-10-06,Community Outreach,Transport,Yekaterinburg,Male,35-44,Volunteer,No,No,No,Basic,No
3559,2025-10-06,Meeting,Education,Pervouralsk,Male,45-54,Coordinator,No,Yes,Yes,Leadership,Yes
176,2025-10-07,Community Outreach,Healthcare,Asbest,Female,18-24,Participant,No,No,No,Basic,No
550,2025-10-07,Campaign Activity,Local Government,Yekaterinburg,Female,25-34,Speaker,No,Yes,No,Visible,No
652,2025-10-07,Meeting,Education,Kamensk-Uralsky,Male,18-24,Coordinator,Yes,No,Yes,Leadership,Yes
790,2025-10-07,Community Outreach,Gender Equality,Revda,Male,55+,Organizer,Yes,Yes,Yes,Leadership,Yes
2894,2025-10-07,Meeting,Gender Equality,Kamensk-Uralsky,Male,25-34,Organizer,Yes,No,Yes,Leadership,Yes
3192,2025-10-07,Campaign Activity,Youth Policy,Yekaterinburg,Female,45-54,Speaker,No,Yes,No,Visible,No
3359,2025-10-07,Campaign Activity,Local Government,Revda,Male,25-34,Participant,No,No,No,Basic,No
46,2025-10-08,Survey,Youth Policy,Yekaterinburg,Male,45-54,Participant,No,No,No,Basic,No
736,2025-10-08,Meeting,Gender Equality,Pervouralsk,Male,25-34,Participant,No,No,No,Basic,No
1255,2025-10-08,Meeting,Economic Policy,Nizhny Tagil,Female,25-34,Participant,No,No,No,Basic,No
1745,2025-10-08,Public Event,Social Policy,Kamensk-Uralsky,Male,25-34,Participant,No,No,No,Basic,No
1984,2025-10-08,Government Interaction,Entrepreneurship,Yekaterinburg,Female,35-44,Volunteer,No,No,No,Basic,No
2938,2025-10-08,Community Outreach,Youth Policy,Asbest,Female,18-24,Analyst,Yes,No,No,Professional,No
25,2025-10-09,Government Interaction,Social Policy,Nizhny Tagil,Male,55+,Organizer,Yes,Yes,Yes,Leadership,Yes
1104,2025-10-09,Campaign Activity,Education,Kamensk-Uralsky,Male,35-44,Speaker,No,Yes,No,Visible,No
1778,2025-10-09,Government Interaction,Economic Policy,Yekaterinburg,Female,35-44,Participant,No,No,No,Basic,No
2811,2025-10-09,Meeting,Gender Equality,Asbest,Female,55+,Volunteer,No,No,No,Basic,No
3093,2025-10-09,Educational Event,Gender Equality,Yekaterinburg,Male,25-34,Volunteer,No,No,No,Basic,No
57,2025-10-10,Meeting,Entrepreneurship,Pervouralsk,Female,25-34,Participant,No,No,No,Basic,No
117,2025-10-10,Survey,Entrepreneurship,Yekaterinburg,Male,35-44,Participant,No,No,No,Basic,No
915,2025-10-10,Meeting,Social Policy,Yekaterinburg,Male,25-34,Coordinator,Yes,Yes,Yes,Leadership,Yes
950,2025-10-10,Public Event,Economic Policy,Yekaterinburg,Female,25-34,Coordinator,No,Yes,Yes,Leadership,Yes
1031,2025-10-10,Public Event,Transport,Yekaterinburg,Male,18-24,Speaker,Yes,Yes,No,Visible,No
1158,2025-10-10,Media Activity,Education,Kamensk-Uralsky,Female,25-34,Coordinator,No,No,Yes,Leadership,Yes
1170,2025-10-10,Government Interaction,Local Government,Yekaterinburg,Female,25-34,Volunteer,No,No,No,Basic,No
2070,2025-10-10,Educational Event,Entrepreneurship,Yekaterinburg,Male,25-34,Participant,No,No,No,Basic,No
44,2025-10-11,Meeting,Healthcare,Pervouralsk,Female,25-34,Participant,No,No,No,Basic,No
214,2025-10-11,Meeting,Housing,Yekaterinburg,Male,25-34,Participant,No,No,No,Basic,No
965,2025-10-11,Meeting,Youth Policy,Yekaterinburg,Male,35-44,Volunteer,No,No,No,Basic,No
2076,2025-10-11,Educational Event,Youth Policy,Yekaterinburg,Male,18-24,Analyst,Yes,No,No,Professional,No
3266,2025-10-11,Campaign Activity,Housing,Yekaterinburg,Female,18-24,Participant,No,No,No,Basic,No
181,2025-10-12,Meeting,Healthcare,Yekaterinburg,Male,18-24,Participant,No,No,No,Basic,No
318,2025-10-12,Community Outreach,Education,Yekaterinburg,Male,45-54,Analyst,No,No,Yes,Professional,No
935,2025-10-12,Community Outreach,Economic Policy,Serov,Male,35-44,Coordinator,Yes,Yes,Yes,Leadership,Yes
1796,2025-10-12,Campaign Activity,Youth Policy,Yekaterinburg,Female,25-34,Participant,No,No,No,Basic,No
2206,2025-10-12,Government Interaction,Education,Yekaterinburg,Male,35-44,Coordinator,No,Yes,Yes,Leadership,Yes
451,2025-10-13,Media Activity,Economic Policy,Revda,Female,18-24,Participant,No,No,No,Basic,No
1659,2025-10-13,Campaign Activity,Entrepreneurship,Yekaterinburg,Female,25-34,Participant,No,No,No,Basic,No
1831,2025-10-13,Campaign Activity,Transport,Kamensk-Uralsky,Female,25-34,Volunteer,No,Yes,No,Basic,No
1843,2025-10-13,Educational Event,Social Policy,Yekaterinburg,Female,18-24,Analyst,Yes,No,No,Professional,No
2865,2025-10-13,Community Outreach,Local Government,Yekaterinburg,Female,45-54,Participant,Yes,No,No,Basic,No
1217,2025-10-14,Public Event,Education,Nizhny Tagil,Female,25-34,Organizer,No,Yes,Yes,Leadership,Yes
1953,2025-10-14,Campaign Activity,Gender Equality,Yekaterinburg,Male,25-34,Volunteer,No,Yes,No,Basic,No
1116,2025-10-15,Meeting,Housing,Yekaterinburg,Female,18-24,Participant,No,No,No,Basic,No
1639,2025-10-15,Campaign Activity,Youth Policy,Yekaterinburg,Female,35-44,Participant,No,No,No,Basic,No
1822,2025-10-15,Community Outreach,Education,Yekaterinburg,Male,35-44,Participant,No,No,No,Basic,No
111,2025-10-16,Educational Event,Gender Equality,Asbest,Female,35-44,Speaker,Yes,Yes,No,Visible,No
940,2025-10-16,Campaign Activity,Youth Policy,Nizhny Tagil,Female,45-54,Analyst,Yes,No,No,Professional,No
2180,2025-10-16,Meeting,Education,Pervouralsk,Male,18-24,Coordinator,Yes,No,Yes,Leadership,Yes
2316,2025-10-16,Community Outreach,Healthcare,Yekaterinburg,Female,25-34,Participant,No,No,No,Basic,No
2697,2025-10-16,Survey,Social Policy,Nizhny Tagil,Male,18-24,Participant,No,No,No,Basic,No
2951,2025-10-16,Educational Event,Economic Policy,Serov,Female,35-44,Analyst,Yes,No,No,Professional,No
3097,2025-10-16,Campaign Activity,Housing,Yekaterinburg,Female,55+,Analyst,No,No,No,Professional,No
3300,2025-10-16,Media Activity,Social Policy,Yekaterinburg,Female,25-34,Participant,No,No,No,Basic,No
3482,2025-10-16,Educational Event,Healthcare,Pervouralsk,Male,35-44,Coordinator,No,No,Yes,Leadership,Yes
430,2025-10-17,Educational Event,Gender Equality,Kamensk-Uralsky,Male,25-34,Volunteer,No,Yes,No,Basic,No
609,2025-10-17,Campaign Activity,Social Policy,Asbest,Male,35-44,Analyst,No,No,No,Professional,No
1034,2025-10-17,Public Event,Youth Policy,Yekaterinburg,Male,18-24,Organizer,No,Yes,Yes,Leadership,Yes
1449,2025-10-17,Meeting,Housing,Yekaterinburg,Male,25-34,Analyst,Yes,No,No,Professional,No
1468,2025-10-17,Campaign Activity,Healthcare,Yekaterinburg,Female,45-54,Analyst,Yes,No,No,Professional,No
1886,2025-10-17,Media Activity,Education,Yekaterinburg,Female,35-44,Participant,No,No,No,Basic,No
2559,2025-10-17,Meeting,Entrepreneurship,Nizhny Tagil,Female,35-44,Volunteer,Yes,No,No,Basic,No
2693,2025-10-17,Educational Event,Entrepreneurship,Yekaterinburg,Male,35-44,Participant,No,No,No,Basic,No
2752,2025-10-17,Media Activity,Youth Policy,Yekaterinburg,Male,35-44,Analyst,No,No,Yes,Professional,No
12,2025-10-18,Campaign Activity,Economic Policy,Nizhny Tagil,Male,25-34,Organizer,No,Yes,Yes,Leadership,Yes
716,2025-10-18,Community Outreach,Local Government,Yekaterinburg,Female,25-34,Organizer,Yes,Yes,Yes,Leadership,Yes
1064,2025-10-18,Meeting,Economic Policy,Yekaterinburg,Male,25-34,Analyst,No,No,No,Professional,No
1370,2025-10-18,Community Outreach,Housing,Asbest,Female,45-54,Volunteer,No,No,No,Basic,No
1406,2025-10-18,Campaign Activity,Social Policy,Yekaterinburg,Female,45-54,Coordinator,No,No,Yes,Leadership,Yes
1771,2025-10-18,Meeting,Youth Policy,Yekaterinburg,Male,35-44,Participant,No,No,No,Basic,No
1827,2025-10-18,Media Activity,Healthcare,Nizhny Tagil,Male,18-24,Analyst,No,No,No,Professional,No
3288,2025-10-18,Public Event,Youth Policy,Kamensk-Uralsky,Female,18-24,Volunteer,No,No,No,Basic,No
3363,2025-10-18,Community Outreach,Education,Yekaterinburg,Male,35-44,Coordinator,Yes,No,Yes,Leadership,Yes
311,2025-10-19,Community Outreach,Entrepreneurship,Yekaterinburg,Male,25-34,Participant,No,No,No,Basic,No
2306,2025-10-19,Educational Event,Entrepreneurship,Yekaterinburg,Female,35-44,Volunteer,No,No,No,Basic,No
2329,2025-10-19,Educational Event,Local Government,Kamensk-Uralsky,Male,25-34,Coordinator,Yes,Yes,Yes,Leadership,Yes
2429,2025-10-19,Media Activity,Education,Yekaterinburg,Male,35-44,Speaker,No,Yes,No,Visible,No
2727,2025-10-19,Educational Event,Healthcare,Yekaterinburg,Male,25-34,Participant,No,No,No,Basic,No
3145,2025-10-19,Meeting,Youth Policy,Yekaterinburg,Male,18-24,Organizer,Yes,Yes,Yes,Leadership,Yes
94,2025-10-20,Community Outreach,Entrepreneurship,Yekaterinburg,Female,25-34,Participant,No,No,No,Basic,No
282,2025-10-20,Media Activity,Youth Policy,Asbest,Female,35-44,Participant,No,No,No,Basic,No
353,2025-10-20,Media Activity,Housing,Yekaterinburg,Male,25-34,Volunteer,No,No,No,Basic,No
633,2025-10-20,Survey,Housing,Yekaterinburg,Female,35-44,Speaker,Yes,Yes,No,Visible,No
2029,2025-10-20,Meeting,Education,Yekaterinburg,Male,35-44,Coordinator,Yes,Yes,Yes,Leadership,Yes
2824,2025-10-20,Survey,Transport,Pervouralsk,Male,18-24,Speaker,Yes,Yes,No,Visible,No
3496,2025-10-20,Public Event,Transport,Revda,Male,25-34,Participant,No,No,No,Basic,No
13,2025-10-21,Community Outreach,Gender Equality,Serov,Male,18-24,Volunteer,No,No,No,Basic,No
636,2025-10-21,Meeting,Gender Equality,Yekaterinburg,Female,25-34,Coordinator,Yes,Yes,Yes,Leadership,Yes
1147,2025-10-21,Campaign Activity,Gender Equality,Yekaterinburg,Male,45-54,Coordinator,No,No,Yes,Leadership,Yes
1443,2025-10-21,Public Event,Gender Equality,Asbest,Female,35-44,Participant,No,No,No,Basic,No
1540,2025-10-21,Educational Event,Housing,Revda,Female,45-54,Volunteer,No,No,No,Basic,No
2678,2025-10-21,Government Interaction,Healthcare,Revda,Male,45-54,Speaker,Yes,Yes,No,Visible,No
3366,2025-10-21,Community Outreach,Gender Equality,Serov,Female,45-54,Coordinator,Yes,Yes,Yes,Leadership,Yes
1571,2025-10-22,Government Interaction,Transport,Yekaterinburg,Female,45-54,Analyst,Yes,No,No,Professional,No
3328,2025-10-22,Media Activity,Youth Policy,Yekaterinburg,Male,35-44,Coordinator,Yes,Yes,Yes,Leadership,Yes
417,2025-10-23,Public Event,Social Policy,Yekaterinburg,Female,35-44,Participant,No,No,No,Basic,No
505,2025-10-23,Educational Event,Education,Yekaterinburg,Male,25-34,Speaker,Yes,Yes,No,Visible,No
856,2025-10-23,Campaign Activity,Social Policy,Yekaterinburg,Female,35-44,Participant,No,No,No,Basic,No
1020,2025-10-23,Community Outreach,Gender Equality,Nizhny Tagil,Female,35-44,Participant,No,No,No,Basic,No
1304,2025-10-23,Educational Event,Entrepreneurship,Yekaterinburg,Female,25-34,Organizer,Yes,No,Yes,Leadership,Yes
1351,2025-10-23,Public Event,Social Policy,Yekaterinburg,Male,45-54,Participant,No,No,No,Basic,No
1485,2025-10-23,Media Activity,Housing,Yekaterinburg,Male,35-44,Participant,No,No,No,Basic,No
1668,2025-10-23,Educational Event,Local Government,Yekaterinburg,Female,45-54,Participant,No,No,No,Basic,No
2185,2025-10-23,Public Event,Healthcare,Yekaterinburg,Male,18-24,Participant,No,No,No,Basic,No
2698,2025-10-23,Community Outreach,Transport,Yekaterinburg,Female,25-34,Participant,No,No,No,Basic,No
3080,2025-10-23,Campaign Activity,Gender Equality,Yekaterinburg,Female,35-44,Volunteer,No,No,No,Basic,No
3098,2025-10-23,Meeting,Transport,Yekaterinburg,Female,18-24,Participant,No,No,No,Basic,No
3185,2025-10-23,Government Interaction,Healthcare,Pervouralsk,Female,25-34,Volunteer,No,Yes,No,Basic,No
1389,2025-10-24,Media Activity,Social Policy,Yekaterinburg,Male,45-54,Participant,No,No,No,Basic,No
2440,2025-10-24,Campaign Activity,Housing,Serov,Male,45-54,Participant,No,No,No,Basic,No
2667,2025-10-24,Meeting,Social Policy,Nizhny Tagil,Male,25-34,Analyst,No,No,No,Professional,No
3375,2025-10-24,Community Outreach,Education,Yekaterinburg,Male,35-44,Participant,No,No,No,Basic,No
321,2025-10-25,Public Event,Youth Policy,Nizhny Tagil,Male,35-44,Organizer,No,No,Yes,Leadership,Yes
1028,2025-10-25,Campaign Activity,Education,Yekaterinburg,Female,25-34,Participant,No,No,No,Basic,No
2056,2025-10-25,Public Event,Healthcare,Nizhny Tagil,Male,18-24,Participant,No,No,No,Basic,No
2265,2025-10-25,Government Interaction,Social Policy,Yekaterinburg,Male,18-24,Coordinator,No,No,Yes,Leadership,Yes
2382,2025-10-25,Community Outreach,Gender Equality,Yekaterinburg,Female,35-44,Speaker,No,Yes,No,Visible,No
2532,2025-10-25,Community Outreach,Youth Policy,Yekaterinburg,Male,18-24,Participant,No,No,No,Basic,No
2574,2025-10-25,Campaign Activity,Social Policy,Revda,Male,45-54,Coordinator,No,No,Yes,Leadership,Yes
2802,2025-10-25,Public Event,Youth Policy,Yekaterinburg,Male,25-34,Analyst,No,No,No,Professional,No
3014,2025-10-25,Meeting,Healthcare,Yekaterinburg,Male,18-24,Participant,Yes,No,No,Basic,No
3501,2025-10-25,Campaign Activity,Education,Nizhny Tagil,Female,35-44,Participant,No,No,No,Basic,No
49,2025-10-26,Public Event,Youth Policy,Asbest,Male,25-34,Speaker,No,Yes,No,Visible,No
398,2025-10-26,Campaign Activity,Social Policy,Serov,Female,25-34,Participant,No,No,No,Basic,No
1101,2025-10-26,Media Activity,Economic Policy,Asbest,Female,45-54,Participant,No,No,No,Basic,No
1437,2025-10-26,Educational Event,Entrepreneurship,Yekaterinburg,Female,55+,Volunteer,No,No,No,Basic,No
2007,2025-10-26,Meeting,Transport,Kamensk-Uralsky,Male,25-34,Speaker,Yes,Yes,No,Visible,No
2252,2025-10-26,Educational Event,Education,Kamensk-Uralsky,Male,35-44,Analyst,Yes,No,No,Professional,No
3250,2025-10-26,Media Activity,Entrepreneurship,Yekaterinburg,Male,55+,Coordinator,Yes,No,Yes,Leadership,Yes
3407,2025-10-26,Educational Event,Gender Equality,Yekaterinburg,Male,45-54,Volunteer,No,No,No,Basic,No
82,2025-10-27,Meeting,Youth Policy,Yekaterinburg,Female,25-34,Volunteer,No,No,No,Basic,No
586,2025-10-27,Survey,Transport,Serov,Male,25-34,Participant,No,No,No,Basic,No
618,2025-10-27,Meeting,Gender Equality,Yekaterinburg,Female,35-44,Volunteer,Yes,No,No,Basic,No
1051,2025-10-27,Educational Event,Social Policy,Yekaterinburg,Male,45-54,Participant,No,No,No,Basic,No
1752,2025-10-27,Survey,Economic Policy,Yekaterinburg,Female,45-54,Speaker,No,Yes,No,Visible,No
1914,2025-10-27,Campaign Activity,Entrepreneurship,Pervouralsk,Male,35-44,Organizer,Yes,No,Yes,Leadership,Yes
1941,2025-10-27,Media Activity,Entrepreneurship,Pervouralsk,Female,45-54,Analyst,Yes,Yes,No,Professional,No
1972,2025-10-27,Meeting,Social Policy,Serov,Male,25-34,Organizer,No,Yes,Yes,Leadership,Yes
2304,2025-10-27,Survey,Entrepreneurship,Serov,Male,25-34,Analyst,No,Yes,No,Professional,No
3051,2025-10-27,Government Interaction,Economic Policy,Yekaterinburg,Male,35-44,Volunteer,No,No,No,Basic,No
3207,2025-10-27,Community Outreach,Social Policy,Yekaterinburg,Female,45-54,Participant,No,No,No,Basic,No
3564,2025-10-27,Survey,Youth Policy,Revda,Female,18-24,Participant,No,No,No,Basic,No
577,2025-10-28,Community Outreach,Economic Policy,Yekaterinburg,Male,25-34,Speaker,No,Yes,No,Visible,No
629,2025-10-28,Community Outreach,Economic Policy,Revda,Male,18-24,Participant,Yes,No,No,Basic,No
1423,2025-10-28,Educational Event,Healthcare,Yekaterinburg,Female,35-44,Organizer,No,No,Yes,Leadership,Yes
1970,2025-10-28,Educational Event,Local Government,Yekaterinburg,Male,55+,Participant,Yes,No,No,Basic,No
3140,2025-10-28,Campaign Activity,Housing,Kamensk-Uralsky,Female,25-34,Analyst,Yes,No,No,Professional,No
3536,2025-10-28,Government Interaction,Local Government,Revda,Male,35-44,Participant,No,No,No,Basic,No
97,2025-10-29,Public Event,Entrepreneurship,Yekaterinburg,Female,35-44,Participant,No,No,No,Basic,No
1252,2025-10-29,Survey,Education,Asbest,Female,25-34,Participant,Yes,No,No,Basic,No
2533,2025-10-29,Government Interaction,Housing,Yekaterinburg,Male,45-54,Participant,No,No,No,Basic,No
2777,2025-10-29,Public Event,Youth Policy,Yekaterinburg,Male,55+,Volunteer,No,No,No,Basic,No
2333,2025-10-30,Public Event,Entrepreneurship,Yekaterinburg,Male,45-54,Participant,Yes,No,No,Basic,No
2835,2025-10-30,Community Outreach,Local Government,Yekaterinburg,Male,25-34,Participant,No,No,No,Basic,No
3095,2025-10-30,Campaign Activity,Transport,Yekaterinburg,Female,45-54,Volunteer,No,No,No,Basic,No
3295,2025-10-30,Meeting,Education,Pervouralsk,Male,45-54,Speaker,No,Yes,Yes,Visible,No
1019,2025-10-31,Campaign Activity,Local Government,Yekaterinburg,Female,18-24,Participant,No,No,No,Basic,No
1100,2025-10-31,Survey,Entrepreneurship,Yekaterinburg,Female,18-24,Participant,No,No,No,Basic,No
2862,2025-10-31,Survey,Youth Policy,Asbest,Male,35-44,Coordinator,Yes,Yes,Yes,Leadership,Yes
4,2025-11-01,Public Event,Local Government,Yekaterinburg,Male,18-24,Participant,No,No,No,Basic,No
189,2025-11-01,Campaign Activity,Youth Policy,Nizhny Tagil,Male,45-54,Volunteer,No,No,No,Basic,No
408,2025-11-01,Meeting,Youth Policy,Yekaterinburg,Male,25-34,Volunteer,Yes,No,No,Basic,No
731,2025-11-01,Meeting,Social Policy,Yekaterinburg,Female,25-34,Organizer,Yes,No,Yes,Leadership,Yes
745,2025-11-01,Survey,Gender Equality,Kamensk-Uralsky,Male,18-24,Volunteer,No,No,No,Basic,No
1194,2025-11-01,Media Activity,Education,Yekaterinburg,Male,35-44,Organizer,Yes,No,Yes,Leadership,Yes
1713,2025-11-01,Campaign Activity,Housing,Yekaterinburg,Male,45-54,Speaker,No,Yes,No,Visible,No
2025,2025-11-01,Meeting,Transport,Yekaterinburg,Female,55+,Coordinator,No,No,Yes,Leadership,Yes
2788,2025-11-01,Meeting,Economic Policy,Yekaterinburg,Male,25-34,Participant,No,No,No,Basic,No
2905,2025-11-01,Survey,Entrepreneurship,Yekaterinburg,Female,18-24,Participant,No,No,No,Basic,No
3487,2025-11-01,Survey,Education,Yekaterinburg,Male,25-34,Coordinator,Yes,No,Yes,Leadership,Yes
85,2025-11-02,Meeting,Economic Policy,Yekaterinburg,Female,18-24,Analyst,No,No,No,Professional,No
870,2025-11-02,Public Event,Healthcare,Revda,Female,25-34,Participant,No,No,No,Basic,No
1184,2025-11-02,Community Outreach,Youth Policy,Yekaterinburg,Female,18-24,Participant,No,No,No,Basic,No
1779,2025-11-02,Public Event,Education,Nizhny Tagil,Female,45-54,Participant,No,No,No,Basic,No
2132,2025-11-02,Educational Event,Social Policy,Yekaterinburg,Male,25-34,Coordinator,Yes,No,Yes,Leadership,Yes
2558,2025-11-02,Meeting,Education,Asbest,Female,25-34,Speaker,Yes,Yes,No,Visible,No
2561,2025-11-02,Government Interaction,Healthcare,Serov,Male,18-24,Analyst,No,No,No,Professional,No
2988,2025-11-02,Media Activity,Housing,Yekaterinburg,Male,25-34,Participant,No,No,No,Basic,No
3087,2025-11-02,Media Activity,Transport,Pervouralsk,Female,55+,Volunteer,No,No,No,Basic,No
1113,2025-11-03,Community Outreach,Youth Policy,Yekaterinburg,Male,55+,Speaker,No,Yes,No,Visible,No
1172,2025-11-03,Campaign Activity,Social Policy,Yekaterinburg,Male,25-34,Coordinator,Yes,No,Yes,Leadership,Yes
1666,2025-11-03,Meeting,Youth Policy,Pervouralsk,Male,35-44,Participant,Yes,No,No,Basic,No
2174,2025-11-03,Community Outreach,Economic Policy,Revda,Female,25-34,Participant,No,No,No,Basic,No
2269,2025-11-03,Meeting,Healthcare,Yekaterinburg,Male,35-44,Participant,No,No,No,Basic,No
2578,2025-11-03,Campaign Activity,Transport,Yekaterinburg,Male,18-24,Coordinator,Yes,Yes,Yes,Leadership,Yes
3245,2025-11-03,Community Outreach,Transport,Serov,Female,55+,Volunteer,No,No,No,Basic,No
3279,2025-11-03,Government Interaction,Youth Policy,Yekaterinburg,Female,35-44,Volunteer,No,No,No,Basic,No
701,2025-11-04,Community Outreach,Local Government,Yekaterinburg,Female,35-44,Volunteer,No,No,No,Basic,No
1407,2025-11-04,Survey,Local Government,Kamensk-Uralsky,Male,45-54,Organizer,Yes,Yes,Yes,Leadership,Yes
2442,2025-11-04,Meeting,Education,Yekaterinburg,Female,45-54,Coordinator,No,No,Yes,Leadership,Yes
2509,2025-11-04,Campaign Activity,Youth Policy,Serov,Male,25-34,Organizer,No,Yes,Yes,Leadership,Yes
3036,2025-11-04,Public Event,Housing,Serov,Male,55+,Participant,No,No,No,Basic,No
3075,2025-11-04,Government Interaction,Transport,Yekaterinburg,Male,18-24,Participant,Yes,No,No,Basic,No
1600,2025-11-05,Community Outreach,Social Policy,Serov,Female,35-44,Participant,No,No,No,Basic,No
2386,2025-11-05,Campaign Activity,Economic Policy,Yekaterinburg,Male,45-54,Analyst,Yes,No,No,Professional,No
2778,2025-11-05,Educational Event,Economic Policy,Yekaterinburg,Male,18-24,Coordinator,Yes,Yes,Yes,Leadership,Yes
2781,2025-11-05,Government Interaction,Housing,Yekaterinburg,Female,25-34,Volunteer,No,No,No,Basic,No
2975,2025-11-05,Campaign Activity,Transport,Yekaterinburg,Male,25-34,Analyst,Yes,No,No,Professional,No
3273,2025-11-05,Campaign Activity,Youth Policy,Yekaterinburg,Male,18-24,Organizer,Yes,No,Yes,Leadership,Yes
566,2025-11-06,Public Event,Youth Policy,Yekaterinburg,Male,35-44,Speaker,No,Yes,No,Visible,No
641,2025-11-06,Survey,Entrepreneurship,Nizhny Tagil,Male,18-24,Participant,No,No,No,Basic,No
1103,2025-11-06,Campaign Activity,Transport,Revda,Male,18-24,Speaker,Yes,Yes,Yes,Visible,No
1127,2025-11-06,Survey,Gender Equality,Yekaterinburg,Male,25-34,Participant,No,Yes,No,Basic,No
1578,2025-11-06,Meeting,Gender Equality,Yekaterinburg,Male,45-54,Speaker,Yes,Yes,No,Visible,No
1728,2025-11-06,Media Activity,Transport,Pervouralsk,Male,18-24,Participant,No,No,No,Basic,No
2425,2025-11-06,Educational Event,Local Government,Yekaterinburg,Male,45-54,Organizer,Yes,No,Yes,Leadership,Yes
3,2025-11-07,Community Outreach,Local Government,Yekaterinburg,Male,55+,Analyst,Yes,No,No,Professional,No
10,2025-11-07,Public Event,Gender Equality,Yekaterinburg,Female,45-54,Participant,No,No,No,Basic,No
129,2025-11-07,Government Interaction,Transport,Yekaterinburg,Female,25-34,Analyst,No,No,No,Professional,No
400,2025-11-07,Meeting,Transport,Pervouralsk,Female,35-44,Participant,No,No,No,Basic,No
1193,2025-11-07,Public Event,Housing,Yekaterinburg,Male,25-34,Participant,No,Yes,No,Basic,No
1228,2025-11-07,Campaign Activity,Education,Yekaterinburg,Male,35-44,Participant,No,No,No,Basic,No
1859,2025-11-07,Meeting,Social Policy,Nizhny Tagil,Female,35-44,Organizer,Yes,No,Yes,Leadership,Yes
1994,2025-11-07,Meeting,Gender Equality,Yekaterinburg,Female,55+,Participant,No,No,No,Basic,No
2282,2025-11-07,Public Event,Healthcare,Pervouralsk,Female,45-54,Volunteer,No,No,No,Basic,No
2498,2025-11-07,Community Outreach,Healthcare,Asbest,Female,35-44,Speaker,Yes,Yes,Yes,Visible,No
2608,2025-11-07,Public Event,Youth Policy,Yekaterinburg,Female,45-54,Participant,No,No,No,Basic,No
2634,2025-11-07,Public Event,Social Policy,Yekaterinburg,Male,25-34,Organizer,Yes,Yes,Yes,Leadership,Yes
40,2025-11-08,Community Outreach,Healthcare,Yekaterinburg,Male,25-34,Volunteer,No,No,No,Basic,No
2159,2025-11-08,Public Event,Transport,Yekaterinburg,Female,18-24,Participant,No,No,No,Basic,No
39,2025-11-09,Survey,Healthcare,Yekaterinburg,Female,35-44,Organizer,No,No,Yes,Leadership,Yes
371,2025-11-09,Media Activity,Education,Serov,Male,18-24,Coordinator,Yes,Yes,Yes,Leadership,Yes
1139,2025-11-09,Meeting,Social Policy,Yekaterinburg,Female,55+,Participant,No,No,No,Basic,No
1192,2025-11-09,Meeting,Transport,Yekaterinburg,Female,45-54,Volunteer,No,No,No,Basic,No
1476,2025-11-09,Public Event,Education,Yekaterinburg,Male,25-34,Organizer,Yes,No,Yes,Leadership,Yes
1537,2025-11-09,Meeting,Entrepreneurship,Nizhny Tagil,Male,35-44,Coordinator,No,No,Yes,Leadership,Yes
662,2025-11-10,Educational Event,Healthcare,Nizhny Tagil,Male,18-24,Participant,No,Yes,No,Basic,No
739,2025-11-10,Community Outreach,Economic Policy,Pervouralsk,Female,35-44,Participant,No,No,No,Basic,No
1336,2025-11-10,Meeting,Healthcare,Revda,Male,25-34,Participant,No,No,No,Basic,No
1471,2025-11-10,Public Event,Housing,Yekaterinburg,Male,35-44,Participant,No,No,No,Basic,No
2391,2025-11-10,Meeting,Housing,Yekaterinburg,Male,55+,Volunteer,No,No,No,Basic,No
215,2025-11-11,Campaign Activity,Entrepreneurship,Yekaterinburg,Male,25-34,Organizer,No,No,Yes,Leadership,Yes
3275,2025-11-11,Public Event,Education,Nizhny Tagil,Male,55+,Participant,No,Yes,No,Basic,No
1253,2025-11-12,Survey,Social Policy,Revda,Female,25-34,Volunteer,No,No,Yes,Basic,No
2128,2025-11-12,Campaign Activity,Social Policy,Yekaterinburg,Female,18-24,Volunteer,No,Yes,No,Basic,No
2516,2025-11-12,Survey,Entrepreneurship,Yekaterinburg,Male,35-44,Participant,No,No,No,Basic,No
7,2025-11-13,Meeting,Youth Policy,Yekaterinburg,Male,35-44,Analyst,Yes,No,No,Professional,No
479,2025-11-13,Meeting,Economic Policy,Yekaterinburg,Male,35-44,Coordinator,Yes,No,Yes,Leadership,Yes
2390,2025-11-13,Community Outreach,Housing,Yekaterinburg,Female,45-54,Volunteer,No,No,No,Basic,No
2519,2025-11-13,Educational Event,Transport,Yekaterinburg,Male,25-34,Analyst,Yes,No,No,Professional,No
2677,2025-11-13,Public Event,Transport,Yekaterinburg,Male,25-34,Analyst,Yes,No,No,Professional,No
2787,2025-11-13,Public Event,Local Government,Pervouralsk,Male,25-34,Participant,No,No,No,Basic,No
3154,2025-11-13,Educational Event,Economic Policy,Yekaterinburg,Female,35-44,Participant,No,No,No,Basic,No
3202,2025-11-13,Government Interaction,Healthcare,Nizhny Tagil,Male,35-44,Participant,No,Yes,No,Basic,No
3203,2025-11-13,Community Outreach,Social Policy,Pervouralsk,Male,25-34,Coordinator,Yes,Yes,Yes,Leadership,Yes
3232,2025-11-13,Community Outreach,Local Government,Revda,Female,25-34,Participant,No,No,No,Basic,No
3419,2025-11-13,Meeting,Transport,Pervouralsk,Female,35-44,Participant,No,No,No,Basic,No
851,2025-11-14,Educational Event,Local Government,Yekaterinburg,Female,25-34,Participant,No,No,No,Basic,No
1570,2025-11-14,Campaign Activity,Transport,Revda,Male,45-54,Organizer,Yes,Yes,Yes,Leadership,Yes
1658,2025-11-14,Campaign Activity,Social Policy,Nizhny Tagil,Male,25-34,Participant,No,Yes,No,Basic,No
1969,2025-11-14,Meeting,Youth Policy,Pervouralsk,Male,25-34,Coordinator,Yes,No,Yes,Leadership,Yes
2458,2025-11-14,Community Outreach,Social Policy,Yekaterinburg,Female,45-54,Coordinator,Yes,Yes,Yes,Leadership,Yes
254,2025-11-15,Campaign Activity,Social Policy,Kamensk-Uralsky,Female,25-34,Participant,No,No,No,Basic,No
396,2025-11-15,Meeting,Local Government,Pervouralsk,Female,25-34,Coordinator,Yes,Yes,Yes,Leadership,Yes
986,2025-11-15,Survey,Economic Policy,Revda,Male,55+,Volunteer,No,No,No,Basic,No
1092,2025-11-15,Public Event,Youth Policy,Yekaterinburg,Male,35-44,Volunteer,No,No,No,Basic,No
1815,2025-11-15,Government Interaction,Social Policy,Yekaterinburg,Male,18-24,Coordinator,No,Yes,Yes,Leadership,Yes
1820,2025-11-15,Campaign Activity,Gender Equality,Yekaterinburg,Male,25-34,Analyst,No,No,No,Professional,No
1833,2025-11-15,Government Interaction,Education,Yekaterinburg,Female,45-54,Volunteer,No,No,No,Basic,No
1920,2025-11-15,Community Outreach,Local Government,Yekaterinburg,Male,35-44,Analyst,Yes,No,No,Professional,No
2288,2025-11-15,Meeting,Local Government,Revda,Male,45-54,Coordinator,Yes,Yes,Yes,Leadership,Yes
3136,2025-11-15,Media Activity,Social Policy,Yekaterinburg,Male,45-54,Volunteer,No,No,No,Basic,No
634,2025-11-16,Survey,Entrepreneurship,Yekaterinburg,Female,35-44,Participant,No,No,No,Basic,No
1221,2025-11-16,Government Interaction,Transport,Kamensk-Uralsky,Female,55+,Participant,No,No,No,Basic,No
2153,2025-11-16,Survey,Entrepreneurship,Yekaterinburg,Male,25-34,Organizer,No,No,Yes,Leadership,Yes
2171,2025-11-16,Survey,Gender Equality,Yekaterinburg,Female,25-34,Speaker,No,Yes,Yes,Visible,No
2314,2025-11-16,Public Event,Gender Equality,Yekaterinburg,Female,25-34,Participant,No,No,No,Basic,No
67,2025-11-17,Public Event,Gender Equality,Yekaterinburg,Male,18-24,Participant,No,No,No,Basic,No
225,2025-11-17,Government Interaction,Healthcare,Yekaterinburg,Female,35-44,Participant,No,No,No,Basic,No
993,2025-11-17,Government Interaction,Local Government,Yekaterinburg,Male,35-44,Speaker,No,Yes,No,Visible,No
1215,2025-11-17,Campaign Activity,Gender Equality,Nizhny Tagil,Female,25-34,Volunteer,No,No,No,Basic,No
1453,2025-11-17,Community Outreach,Education,Kamensk-Uralsky,Male,55+,Coordinator,Yes,No,Yes,Leadership,Yes
2415,2025-11-17,Meeting,Education,Revda,Male,25-34,Participant,No,No,No,Basic,No
2956,2025-11-17,Campaign Activity,Gender Equality,Pervouralsk,Female,35-44,Organizer,No,Yes,Yes,Leadership,Yes
3129,2025-11-17,Survey,Entrepreneurship,Yekaterinburg,Male,55+,Participant,No,Yes,No,Basic,No
3187,2025-11-17,Campaign Activity,Youth Policy,Yekaterinburg,Male,55+,Coordinator,Yes,No,Yes,Leadership,Yes
413,2025-11-18,Media Activity,Housing,Yekaterinburg,Female,55+,Analyst,No,No,No,Professional,No
815,2025-11-18,Public Event,Healthcare,Asbest,Female,25-34,Volunteer,No,No,No,Basic,No
1687,2025-11-18,Survey,Entrepreneurship,Kamensk-Uralsky,Male,35-44,Volunteer,No,No,No,Basic,No
1846,2025-11-18,Public Event,Transport,Revda,Male,25-34,Participant,No,No,No,Basic,No
1939,2025-11-18,Campaign Activity,Healthcare,Yekaterinburg,Female,55+,Participant,No,No,No,Basic,No
1993,2025-11-18,Community Outreach,Transport,Yekaterinburg,Female,45-54,Volunteer,No,No,No,Basic,No
2626,2025-11-18,Meeting,Youth Policy,Yekaterinburg,Female,25-34,Participant,No,No,No,Basic,No
2746,2025-11-18,Community Outreach,Entrepreneurship,Revda,Male,55+,Analyst,No,No,No,Professional,No
2750,2025-11-18,Government Interaction,Social Policy,Nizhny Tagil,Female,25-34,Speaker,Yes,Yes,No,Visible,No
2942,2025-11-18,Public Event,Housing,Yekaterinburg,Female,25-34,Volunteer,No,No,No,Basic,No
1188,2025-11-19,Survey,Economic Policy,Yekaterinburg,Male,25-34,Coordinator,Yes,No,Yes,Leadership,Yes
1373,2025-11-19,Public Event,Transport,Yekaterinburg,Female,18-24,Speaker,Yes,Yes,No,Visible,No
1484,2025-11-19,Meeting,Local Government,Pervouralsk,Female,25-34,Coordinator,Yes,No,Yes,Leadership,Yes
2925,2025-11-19,Campaign Activity,Social Policy,Yekaterinburg,Female,35-44,Volunteer,No,No,No,Basic,No
236,2025-11-20,Campaign Activity,Social Policy,Yekaterinburg,Male,18-24,Coordinator,No,Yes,Yes,Leadership,Yes
875,2025-11-20,Community Outreach,Transport,Yekaterinburg,Male,25-34,Participant,No,No,No,Basic,No
995,2025-11-20,Public Event,Gender Equality,Yekaterinburg,Male,45-54,Participant,No,No,No,Basic,No
1799,2025-11-20,Government Interaction,Education,Revda,Male,25-34,Speaker,No,Yes,No,Visible,No
1878,2025-11-20,Campaign Activity,Transport,Yekaterinburg,Female,45-54,Volunteer,No,No,No,Basic,No
2914,2025-11-20,Survey,Healthcare,Yekaterinburg,Male,25-34,Coordinator,Yes,Yes,Yes,Leadership,Yes
3361,2025-11-20,Campaign Activity,Healthcare,Yekaterinburg,Female,45-54,Participant,No,No,No,Basic,No
1183,2025-11-21,Media Activity,Housing,Yekaterinburg,Female,35-44,Participant,No,No,No,Basic,No
1577,2025-11-21,Meeting,Entrepreneurship,Kamensk-Uralsky,Male,35-44,Coordinator,Yes,Yes,Yes,Leadership,Yes
1602,2025-11-21,Meeting,Youth Policy,Kamensk-Uralsky,Female,55+,Analyst,Yes,No,No,Professional,No
3438,2025-11-21,Survey,Entrepreneurship,Yekaterinburg,Female,25-34,Participant,No,No,No,Basic,No
3596,2025-11-21,Media Activity,Economic Policy,Nizhny Tagil,Male,35-44,Participant,No,No,No,Basic,No
1143,2025-11-22,Survey,Education,Yekaterinburg,Male,35-44,Participant,No,No,No,Basic,No
1472,2025-11-22,Campaign Activity,Local Government,Yekaterinburg,Female,35-44,Coordinator,Yes,No,Yes,Leadership,Yes
1489,2025-11-22,Media Activity,Youth Policy,Asbest,Male,25-34,Participant,No,No,No,Basic,No
1905,2025-11-22,Educational Event,Gender Equality,Yekaterinburg,Male,35-44,Volunteer,No,No,No,Basic,No
1933,2025-11-22,Community Outreach,Transport,Nizhny Tagil,Male,35-44,Participant,No,No,No,Basic,No
3225,2025-11-22,Community Outreach,Local Government,Yekaterinburg,Female,25-34,Coordinator,Yes,Yes,Yes,Leadership,Yes
297,2025-11-23,Public Event,Youth Policy,Yekaterinburg,Male,25-34,Participant,No,No,No,Basic,No
619,2025-11-23,Media Activity,Housing,Pervouralsk,Female,35-44,Volunteer,No,No,No,Basic,No
623,2025-11-23,Campaign Activity,Transport,Revda,Male,35-44,Participant,No,No,No,Basic,No
743,2025-11-23,Community Outreach,Healthcare,Yekaterinburg,Male,18-24,Volunteer,No,Yes,No,Basic,No
821,2025-11-23,Public Event,Economic Policy,Kamensk-Uralsky,Female,25-34,Participant,No,Yes,No,Basic,No
1530,2025-11-23,Media Activity,Healthcare,Yekaterinburg,Female,25-34,Volunteer,No,No,No,Basic,No
3332,2025-11-23,Government Interaction,Economic Policy,Pervouralsk,Female,25-34,Participant,No,No,No,Basic,No
545,2025-11-24,Community Outreach,Local Government,Pervouralsk,Female,25-34,Coordinator,No,No,Yes,Leadership,Yes
793,2025-11-24,Community Outreach,Gender Equality,Yekaterinburg,Female,45-54,Volunteer,No,No,No,Basic,No
1027,2025-11-24,Educational Event,Education,Revda,Male,35-44,Participant,No,No,No,Basic,No
1269,2025-11-24,Campaign Activity,Local Government,Kamensk-Uralsky,Male,18-24,Speaker,Yes,Yes,No,Visible,No
37,2025-11-25,Educational Event,Social Policy,Revda,Female,18-24,Volunteer,No,No,No,Basic,No
1839,2025-11-25,Media Activity,Local Government,Yekaterinburg,Male,25-34,Volunteer,No,No,No,Basic,No
2071,2025-11-25,Community Outreach,Housing,Asbest,Male,25-34,Participant,No,No,No,Basic,No
2338,2025-11-25,Campaign Activity,Local Government,Yekaterinburg,Female,18-24,Participant,No,No,No,Basic,No
2378,2025-11-25,Campaign Activity,Economic Policy,Yekaterinburg,Male,35-44,Coordinator,Yes,Yes,Yes,Leadership,Yes
2647,2025-11-25,Media Activity,Economic Policy,Pervouralsk,Male,45-54,Organizer,Yes,No,Yes,Leadership,Yes
2991,2025-11-25,Public Event,Youth Policy,Revda,Male,35-44,Participant,No,No,No,Basic,No
3554,2025-11-25,Community Outreach,Housing,Yekaterinburg,Male,25-34,Participant,No,No,No,Basic,No
71,2025-11-26,Campaign Activity,Youth Policy,Yekaterinburg,Female,25-34,Speaker,No,Yes,No,Visible,No
1597,2025-11-26,Campaign Activity,Healthcare,Yekaterinburg,Female,25-34,Participant,No,No,No,Basic,No
2535,2025-11-26,Campaign Activity,Housing,Yekaterinburg,Male,35-44,Volunteer,No,No,No,Basic,No
3127,2025-11-26,Meeting,Healthcare,Yekaterinburg,Male,25-34,Coordinator,Yes,Yes,Yes,Leadership,Yes
3348,2025-11-26,Government Interaction,Transport,Yekaterinburg,Male,25-34,Analyst,No,Yes,No,Professional,No
1110,2025-11-27,Campaign Activity,Economic Policy,Yekaterinburg,Female,18-24,Participant,No,No,No,Basic,No
2084,2025-11-27,Community Outreach,Social Policy,Nizhny Tagil,Female,35-44,Participant,No,No,No,Basic,No
2828,2025-11-27,Campaign Activity,Housing,Yekaterinburg,Female,35-44,Coordinator,No,Yes,Yes,Leadership,Yes
2970,2025-11-27,Educational Event,Education,Yekaterinburg,Female,18-24,Participant,No,No,No,Basic,No
3261,2025-11-27,Public Event,Housing,Yekaterinburg,Female,25-34,Volunteer,Yes,Yes,No,Basic,No
264,2025-11-28,Campaign Activity,Entrepreneurship,Serov,Female,18-24,Participant,No,No,No,Basic,No
827,2025-11-28,Meeting,Local Government,Revda,Male,55+,Speaker,No,Yes,No,Visible,No
1954,2025-11-28,Meeting,Gender Equality,Nizhny Tagil,Male,45-54,Analyst,Yes,No,No,Professional,No
2560,2025-11-28,Media Activity,Entrepreneurship,Pervouralsk,Female,18-24,Participant,No,No,No,Basic,No
2568,2025-11-28,Campaign Activity,Youth Policy,Nizhny Tagil,Female,35-44,Volunteer,No,No,No,Basic,No
3229,2025-11-28,Community Outreach,Youth Policy,Serov,Male,35-44,Participant,No,No,No,Basic,No
3241,2025-11-28,Government Interaction,Housing,Nizhny Tagil,Male,35-44,Participant,No,No,No,Basic,No
446,2025-11-29,Public Event,Education,Yekaterinburg,Male,45-54,Participant,No,Yes,No,Basic,No
1157,2025-11-29,Campaign Activity,Gender Equality,Yekaterinburg,Female,55+,Volunteer,No,No,No,Basic,No
2630,2025-11-29,Campaign Activity,Local Government,Nizhny Tagil,Female,45-54,Analyst,No,Yes,No,Professional,No
2999,2025-11-29,Meeting,Education,Kamensk-Uralsky,Male,35-44,Organizer,Yes,No,Yes,Leadership,Yes
3520,2025-11-29,Government Interaction,Gender Equality,Yekaterinburg,Male,45-54,Organizer,Yes,Yes,Yes,Leadership,Yes
248,2025-11-30,Government Interaction,Social Policy,Yekaterinburg,Female,45-54,Volunteer,No,No,No,Basic,No
893,2025-11-30,Media Activity,Economic Policy,Yekaterinburg,Female,45-54,Coordinator,Yes,No,Yes,Leadership,Yes
964,2025-11-30,Educational Event,Gender Equality,Asbest,Female,25-34,Participant,No,No,No,Basic,No
1162,2025-11-30,Community Outreach,Transport,Yekaterinburg,Male,25-34,Coordinator,Yes,No,Yes,Leadership,Yes
1241,2025-11-30,Educational Event,Transport,Yekaterinburg,Male,18-24,Coordinator,Yes,Yes,Yes,Leadership,Yes
1339,2025-11-30,Community Outreach,Gender Equality,Yekaterinburg,Male,35-44,Organizer,Yes,No,Yes,Leadership,Yes
1765,2025-11-30,Educational Event,Local Government,Pervouralsk,Female,25-34,Participant,No,No,No,Basic,No
2547,2025-11-30,Survey,Transport,Pervouralsk,Male,55+,Speaker,Yes,Yes,No,Visible,No
379,2025-12-01,Community Outreach,Economic Policy,Yekaterinburg,Female,18-24,Organizer,Yes,No,Yes,Leadership,Yes
632,2025-12-01,Meeting,Youth Policy,Asbest,Male,35-44,Coordinator,Yes,Yes,Yes,Leadership,Yes
1063,2025-12-01,Campaign Activity,Entrepreneurship,Kamensk-Uralsky,Female,55+,Participant,No,No,No,Basic,No
1088,2025-12-01,Campaign Activity,Social Policy,Kamensk-Uralsky,Male,25-34,Volunteer,No,No,No,Basic,No
1470,2025-12-01,Community Outreach,Gender Equality,Yekaterinburg,Female,35-44,Participant,No,No,No,Basic,No
2412,2025-12-01,Government Interaction,Entrepreneurship,Yekaterinburg,Male,25-34,Participant,No,No,No,Basic,No
2730,2025-12-01,Public Event,Economic Policy,Yekaterinburg,Male,25-34,Volunteer,No,No,No,Basic,No
2847,2025-12-01,Government Interaction,Gender Equality,Kamensk-Uralsky,Female,25-34,Volunteer,No,No,No,Basic,No
3479,2025-12-01,Meeting,Local Government,Asbest,Male,18-24,Analyst,No,No,No,Professional,No
375,2025-12-02,Meeting,Transport,Yekaterinburg,Female,18-24,Participant,No,No,No,Basic,No
529,2025-12-02,Survey,Youth Policy,Kamensk-Uralsky,Male,35-44,Speaker,No,Yes,No,Visible,No
1071,2025-12-02,Meeting,Youth Policy,Yekaterinburg,Male,45-54,Volunteer,No,No,No,Basic,No
1989,2025-12-02,Community Outreach,Entrepreneurship,Yekaterinburg,Male,35-44,Speaker,No,Yes,No,Visible,No
2310,2025-12-02,Meeting,Youth Policy,Yekaterinburg,Male,35-44,Participant,No,No,No,Basic,No
1360,2025-12-03,Government Interaction,Social Policy,Nizhny Tagil,Female,18-24,Volunteer,No,Yes,No,Basic,No
2728,2025-12-03,Community Outreach,Education,Nizhny Tagil,Female,18-24,Participant,No,No,No,Basic,No
2758,2025-12-03,Media Activity,Gender Equality,Yekaterinburg,Male,25-34,Volunteer,No,No,No,Basic,No
5,2025-12-04,Media Activity,Entrepreneurship,Yekaterinburg,Female,25-34,Organizer,Yes,Yes,Yes,Leadership,Yes
1303,2025-12-04,Meeting,Gender Equality,Pervouralsk,Male,35-44,Organizer,No,No,Yes,Leadership,Yes
1366,2025-12-04,Meeting,Local Government,Yekaterinburg,Male,55+,Organizer,Yes,No,Yes,Leadership,Yes
2121,2025-12-04,Survey,Youth Policy,Revda,Female,45-54,Coordinator,Yes,No,Yes,Leadership,Yes
2351,2025-12-04,Campaign Activity,Youth Policy,Yekaterinburg,Female,45-54,Coordinator,No,Yes,Yes,Leadership,Yes
2548,2025-12-04,Campaign Activity,Housing,Yekaterinburg,Female,55+,Participant,No,No,No,Basic,No
2556,2025-12-04,Meeting,Economic Policy,Yekaterinburg,Male,45-54,Speaker,No,Yes,No,Visible,No
2609,2025-12-04,Meeting,Economic Policy,Yekaterinburg,Male,25-34,Participant,No,No,No,Basic,No
3509,2025-12-04,Campaign Activity,Gender Equality,Serov,Male,45-54,Coordinator,Yes,Yes,Yes,Leadership,Yes
114,2025-12-05,Survey,Economic Policy,Yekaterinburg,Male,25-34,Participant,No,No,No,Basic,No
401,2025-12-05,Government Interaction,Social Policy,Pervouralsk,Female,25-34,Speaker,No,Yes,No,Visible,No
574,2025-12-05,Public Event,Education,Nizhny Tagil,Male,25-34,Coordinator,Yes,No,Yes,Leadership,Yes
1493,2025-12-05,Campaign Activity,Transport,Revda,Male,55+,Participant,No,No,No,Basic,No
1642,2025-12-05,Public Event,Healthcare,Kamensk-Uralsky,Female,18-24,Participant,No,No,No,Basic,No
2122,2025-12-05,Meeting,Local Government,Yekaterinburg,Female,25-34,Participant,No,No,No,Basic,No
2427,2025-12-05,Meeting,Gender Equality,Kamensk-Uralsky,Female,25-34,Coordinator,No,No,Yes,Leadership,Yes
2819,2025-12-05,Educational Event,Entrepreneurship,Yekaterinburg,Female,25-34,Volunteer,No,No,No,Basic,No
3205,2025-12-05,Educational Event,Transport,Yekaterinburg,Male,35-44,Analyst,Yes,No,Yes,Professional,No
290,2025-12-06,Public Event,Local Government,Yekaterinburg,Female,25-34,Organizer,Yes,Yes,Yes,Leadership,Yes
704,2025-12-06,Campaign Activity,Gender Equality,Yekaterinburg,Male,45-54,Participant,No,Yes,No,Basic,No
838,2025-12-06,Public Event,Transport,Yekaterinburg,Male,25-34,Volunteer,No,No,No,Basic,No
968,2025-12-06,Meeting,Entrepreneurship,Pervouralsk,Female,18-24,Volunteer,No,No,No,Basic,No
2152,2025-12-06,Campaign Activity,Local Government,Yekaterinburg,Female,25-34,Participant,No,No,No,Basic,No
2318,2025-12-06,Survey,Entrepreneurship,Yekaterinburg,Male,25-34,Speaker,Yes,Yes,No,Visible,No
2486,2025-12-06,Survey,Local Government,Yekaterinburg,Female,45-54,Analyst,No,No,No,Professional,No
2646,2025-12-06,Meeting,Social Policy,Yekaterinburg,Male,55+,Participant,No,No,No,Basic,No
3030,2025-12-06,Government Interaction,Housing,Yekaterinburg,Female,25-34,Speaker,No,Yes,No,Visible,No
3234,2025-12-06,Media Activity,Entrepreneurship,Yekaterinburg,Female,35-44,Participant,No,No,No,Basic,No
3355,2025-12-06,Government Interaction,Housing,Yekaterinburg,Male,25-34,Participant,No,No,No,Basic,No
3544,2025-12-06,Meeting,Local Government,Yekaterinburg,Female,55+,Participant,No,No,No,Basic,No
331,2025-12-07,Community Outreach,Healthcare,Pervouralsk,Male,35-44,Participant,No,No,No,Basic,No
719,2025-12-07,Educational Event,Education,Serov,Male,45-54,Participant,No,No,No,Basic,No
1628,2025-12-07,Meeting,Local Government,Yekaterinburg,Female,25-34,Analyst,Yes,No,No,Professional,No
1709,2025-12-07,Meeting,Transport,Pervouralsk,Male,25-34,Participant,No,No,No,Basic,No
3477,2025-12-07,Public Event,Youth Policy,Pervouralsk,Male,18-24,Coordinator,No,No,Yes,Leadership,Yes
235,2025-12-08,Public Event,Housing,Yekaterinburg,Male,25-34,Speaker,No,Yes,No,Visible,No
741,2025-12-08,Meeting,Healthcare,Yekaterinburg,Female,18-24,Coordinator,No,Yes,Yes,Leadership,Yes
810,2025-12-08,Meeting,Entrepreneurship,Kamensk-Uralsky,Male,25-34,Speaker,No,Yes,No,Visible,No
1214,2025-12-08,Media Activity,Transport,Yekaterinburg,Female,35-44,Participant,No,No,No,Basic,No
1308,2025-12-08,Meeting,Economic Policy,Yekaterinburg,Male,25-34,Participant,No,No,No,Basic,No
2278,2025-12-08,Meeting,Economic Policy,Yekaterinburg,Female,25-34,Participant,No,No,No,Basic,No
2530,2025-12-08,Meeting,Gender Equality,Pervouralsk,Male,25-34,Analyst,Yes,No,No,Professional,No
2687,2025-12-08,Community Outreach,Social Policy,Yekaterinburg,Female,55+,Analyst,Yes,Yes,No,Professional,No
2690,2025-12-08,Educational Event,Local Government,Pervouralsk,Male,25-34,Volunteer,No,Yes,Yes,Basic,No
3347,2025-12-08,Government Interaction,Housing,Yekaterinburg,Male,18-24,Speaker,No,Yes,No,Visible,No
918,2025-12-09,Public Event,Healthcare,Yekaterinburg,Female,18-24,Speaker,No,Yes,Yes,Visible,No
1325,2025-12-09,Community Outreach,Gender Equality,Yekaterinburg,Female,35-44,Analyst,Yes,No,No,Professional,No
2182,2025-12-09,Media Activity,Transport,Yekaterinburg,Male,35-44,Coordinator,Yes,No,Yes,Leadership,Yes
2207,2025-12-09,Government Interaction,Youth Policy,Yekaterinburg,Male,25-34,Analyst,Yes,No,No,Professional,No
2546,2025-12-09,Government Interaction,Economic Policy,Nizhny Tagil,Female,18-24,Participant,No,No,No,Basic,No
157,2025-12-10,Public Event,Youth Policy,Yekaterinburg,Female,25-34,Speaker,No,Yes,No,Visible,No
867,2025-12-10,Meeting,Gender Equality,Yekaterinburg,Male,25-34,Participant,No,No,No,Basic,No
1038,2025-12-10,Government Interaction,Transport,Pervouralsk,Female,25-34,Participant,No,No,No,Basic,No
1906,2025-12-10,Campaign Activity,Youth Policy,Yekaterinburg,Female,35-44,Analyst,Yes,No,No,Professional,No
3122,2025-12-10,Campaign Activity,Youth Policy,Nizhny Tagil,Female,18-24,Participant,No,Yes,No,Basic,No
3270,2025-12-10,Community Outreach,Local Government,Yekaterinburg,Female,55+,Participant,No,Yes,No,Basic,No
3414,2025-12-10,Government Interaction,Economic Policy,Revda,Female,25-34,Volunteer,No,No,No,Basic,No
3551,2025-12-10,Community Outreach,Transport,Yekaterinburg,Male,25-34,Participant,No,No,No,Basic,No
283,2025-12-11,Government Interaction,Economic Policy,Yekaterinburg,Female,25-34,Analyst,No,Yes,No,Professional,No
834,2025-12-11,Campaign Activity,Education,Nizhny Tagil,Male,35-44,Volunteer,No,No,No,Basic,No
2276,2025-12-11,Community Outreach,Healthcare,Yekaterinburg,Female,35-44,Participant,No,No,No,Basic,No
2627,2025-12-11,Community Outreach,Education,Yekaterinburg,Male,25-34,Participant,No,Yes,No,Basic,No
3047,2025-12-11,Meeting,Education,Pervouralsk,Female,25-34,Participant,No,No,No,Basic,No
3057,2025-12-11,Community Outreach,Healthcare,Yekaterinburg,Male,25-34,Organizer,Yes,Yes,Yes,Leadership,Yes
3333,2025-12-11,Community Outreach,Local Government,Nizhny Tagil,Female,18-24,Analyst,Yes,No,No,Professional,No
3569,2025-12-11,Community Outreach,Economic Policy,Asbest,Male,25-34,Speaker,No,Yes,No,Visible,No
1059,2025-12-12,Community Outreach,Local Government,Nizhny Tagil,Male,35-44,Participant,No,No,No,Basic,No
1165,2025-12-12,Campaign Activity,Economic Policy,Yekaterinburg,Female,35-44,Speaker,No,Yes,No,Visible,No
1510,2025-12-12,Educational Event,Entrepreneurship,Kamensk-Uralsky,Male,35-44,Speaker,No,Yes,Yes,Visible,No
1685,2025-12-12,Meeting,Youth Policy,Nizhny Tagil,Female,35-44,Participant,No,No,No,Basic,No
1825,2025-12-12,Media Activity,Social Policy,Yekaterinburg,Male,25-34,Participant,No,No,No,Basic,No
3458,2025-12-12,Meeting,Local Government,Yekaterinburg,Male,35-44,Analyst,No,No,No,Professional,No
18,2025-12-13,Meeting,Healthcare,Yekaterinburg,Female,25-34,Participant,No,No,No,Basic,No
431,2025-12-13,Community Outreach,Local Government,Yekaterinburg,Male,18-24,Speaker,No,Yes,No,Visible,No
1087,2025-12-13,Public Event,Gender Equality,Nizhny Tagil,Male,25-34,Speaker,Yes,Yes,No,Visible,No
1924,2025-12-13,Government Interaction,Youth Policy,Yekaterinburg,Female,45-54,Volunteer,No,No,No,Basic,No
2102,2025-12-13,Meeting,Local Government,Yekaterinburg,Female,35-44,Analyst,No,No,No,Professional,No
2175,2025-12-13,Public Event,Local Government,Pervouralsk,Female,45-54,Volunteer,No,No,Yes,Basic,No
2958,2025-12-13,Meeting,Transport,Yekaterinburg,Female,25-34,Participant,No,No,No,Basic,No
3092,2025-12-13,Meeting,Economic Policy,Yekaterinburg,Male,18-24,Analyst,No,No,No,Professional,No
3409,2025-12-13,Meeting,Local Government,Pervouralsk,Male,35-44,Participant,No,No,No,Basic,No
256,2025-12-14,Public Event,Economic Policy,Yekaterinburg,Male,35-44,Participant,No,No,No,Basic,No
1767,2025-12-14,Campaign Activity,Gender Equality,Yekaterinburg,Male,45-54,Participant,Yes,No,No,Basic,No
2444,2025-12-14,Media Activity,Entrepreneurship,Yekaterinburg,Male,25-34,Volunteer,No,No,No,Basic,No
3227,2025-12-14,Meeting,Housing,Yekaterinburg,Male,25-34,Volunteer,Yes,No,No,Basic,No
742,2025-12-15,Meeting,Gender Equality,Yekaterinburg,Female,18-24,Participant,No,No,No,Basic,No
1083,2025-12-15,Survey,Transport,Yekaterinburg,Male,18-24,Coordinator,Yes,No,Yes,Leadership,Yes
1618,2025-12-15,Meeting,Entrepreneurship,Nizhny Tagil,Male,35-44,Participant,No,No,No,Basic,No
2569,2025-12-15,Campaign Activity,Local Government,Yekaterinburg,Male,18-24,Speaker,No,Yes,No,Visible,No
3135,2025-12-15,Meeting,Social Policy,Serov,Male,45-54,Coordinator,Yes,No,Yes,Leadership,Yes
3304,2025-12-15,Public Event,Healthcare,Yekaterinburg,Male,55+,Analyst,No,No,No,Professional,No
3594,2025-12-15,Community Outreach,Entrepreneurship,Yekaterinburg,Female,45-54,Volunteer,No,No,No,Basic,No
38,2025-12-16,Public Event,Education,Yekaterinburg,Male,45-54,Speaker,No,Yes,No,Visible,No
489,2025-12-16,Meeting,Transport,Revda,Male,45-54,Volunteer,No,No,No,Basic,No
890,2025-12-16,Community Outreach,Gender Equality,Revda,Male,55+,Coordinator,Yes,Yes,Yes,Leadership,Yes
1323,2025-12-16,Public Event,Entrepreneurship,Yekaterinburg,Female,25-34,Volunteer,No,No,No,Basic,No
2385,2025-12-16,Government Interaction,Local Government,Yekaterinburg,Female,45-54,Participant,No,No,No,Basic,No
2633,2025-12-16,Educational Event,Gender Equality,Yekaterinburg,Male,25-34,Participant,No,No,No,Basic,No
2853,2025-12-16,Community Outreach,Entrepreneurship,Yekaterinburg,Male,45-54,Coordinator,Yes,No,Yes,Leadership,Yes
2873,2025-12-16,Media Activity,Gender Equality,Nizhny Tagil,Female,35-44,Participant,No,No,No,Basic,No
3316,2025-12-16,Educational Event,Social Policy,Yekaterinburg,Female,18-24,Speaker,No,Yes,No,Visible,No
141,2025-12-17,Public Event,Education,Yekaterinburg,Male,45-54,Speaker,Yes,Yes,No,Visible,No
344,2025-12-17,Community Outreach,Entrepreneurship,Yekaterinburg,Male,45-54,Speaker,Yes,Yes,No,Visible,No
1551,2025-12-17,Government Interaction,Gender Equality,Revda,Female,25-34,Speaker,Yes,Yes,No,Visible,No
2303,2025-12-17,Meeting,Economic Policy,Revda,Male,18-24,Volunteer,No,Yes,No,Basic,No
2720,2025-12-17,Community Outreach,Entrepreneurship,Asbest,Male,18-24,Participant,No,No,No,Basic,No
3085,2025-12-17,Public Event,Gender Equality,Serov,Male,18-24,Speaker,No,Yes,No,Visible,No
209,2025-12-18,Media Activity,Local Government,Yekaterinburg,Female,55+,Participant,No,No,No,Basic,No
492,2025-12-18,Survey,Gender Equality,Revda,Male,35-44,Organizer,Yes,Yes,Yes,Leadership,Yes
1018,2025-12-18,Community Outreach,Local Government,Kamensk-Uralsky,Male,55+,Participant,No,No,No,Basic,No
1182,2025-12-18,Media Activity,Transport,Pervouralsk,Female,55+,Volunteer,Yes,No,No,Basic,No
1340,2025-12-18,Meeting,Gender Equality,Nizhny Tagil,Female,45-54,Speaker,No,Yes,No,Visible,No
1479,2025-12-18,Campaign Activity,Housing,Yekaterinburg,Male,25-34,Participant,No,No,No,Basic,No
1982,2025-12-18,Campaign Activity,Gender Equality,Yekaterinburg,Female,25-34,Volunteer,No,Yes,No,Basic,No
45,2025-12-19,Meeting,Healthcare,Yekaterinburg,Male,25-34,Organizer,Yes,Yes,Yes,Leadership,Yes
350,2025-12-19,Public Event,Youth Policy,Yekaterinburg,Female,45-54,Participant,No,No,No,Basic,No
675,2025-12-19,Public Event,Local Government,Yekaterinburg,Male,35-44,Analyst,Yes,Yes,No,Professional,No
1084,2025-12-19,Survey,Economic Policy,Revda,Male,35-44,Participant,No,No,No,Basic,No
1847,2025-12-19,Educational Event,Entrepreneurship,Nizhny Tagil,Female,35-44,Coordinator,Yes,No,Yes,Leadership,Yes
2612,2025-12-19,Survey,Education,Yekaterinburg,Male,25-34,Organizer,Yes,Yes,Yes,Leadership,Yes
3191,2025-12-19,Campaign Activity,Local Government,Pervouralsk,Female,35-44,Organizer,Yes,No,Yes,Leadership,Yes
3585,2025-12-19,Meeting,Entrepreneurship,Pervouralsk,Male,18-24,Participant,No,No,No,Basic,No
65,2025-12-20,Public Event,Transport,Yekaterinburg,Male,25-34,Coordinator,Yes,No,Yes,Leadership,Yes
185,2025-12-20,Community Outreach,Healthcare,Nizhny Tagil,Male,35-44,Speaker,Yes,Yes,No,Visible,No
801,2025-12-20,Survey,Housing,Yekaterinburg,Male,25-34,Participant,No,Yes,No,Basic,No
936,2025-12-20,Meeting,Local Government,Yekaterinburg,Female,25-34,Speaker,Yes,Yes,No,Visible,No
1098,2025-12-20,Community Outreach,Education,Asbest,Male,25-34,Volunteer,Yes,No,No,Basic,No
1277,2025-12-20,Public Event,Local Government,Nizhny Tagil,Female,18-24,Participant,No,No,No,Basic,No
1327,2025-12-20,Public Event,Entrepreneurship,Yekaterinburg,Female,25-34,Organizer,Yes,Yes,Yes,Leadership,Yes
1741,2025-12-20,Campaign Activity,Housing,Revda,Female,35-44,Participant,No,No,No,Basic,No
2219,2025-12-20,Campaign Activity,Healthcare,Yekaterinburg,Male,35-44,Organizer,Yes,Yes,Yes,Leadership,Yes
2491,2025-12-20,Meeting,Transport,Yekaterinburg,Male,25-34,Participant,No,No,No,Basic,No
2969,2025-12-20,Community Outreach,Economic Policy,Yekaterinburg,Male,25-34,Participant,No,No,No,Basic,No
3377,2025-12-20,Educational Event,Entrepreneurship,Yekaterinburg,Female,25-34,Analyst,No,Yes,No,Professional,No
3476,2025-12-20,Campaign Activity,Housing,Nizhny Tagil,Female,25-34,Participant,No,No,No,Basic,No
3570,2025-12-20,Meeting,Youth Policy,Yekaterinburg,Female,55+,Organizer,No,Yes,Yes,Leadership,Yes
123,2025-12-21,Educational Event,Economic Policy,Serov,Female,18-24,Volunteer,No,No,No,Basic,No
188,2025-12-21,Meeting,Healthcare,Pervouralsk,Female,45-54,Volunteer,Yes,Yes,No,Basic,No
348,2025-12-21,Meeting,Entrepreneurship,Kamensk-Uralsky,Female,25-34,Speaker,Yes,Yes,No,Visible,No
1053,2025-12-21,Meeting,Social Policy,Nizhny Tagil,Female,18-24,Volunteer,No,Yes,No,Basic,No
1232,2025-12-21,Public Event,Local Government,Kamensk-Uralsky,Male,18-24,Coordinator,No,No,Yes,Leadership,Yes
2614,2025-12-21,Community Outreach,Youth Policy,Kamensk-Uralsky,Male,35-44,Participant,No,No,No,Basic,No
3345,2025-12-21,Campaign Activity,Education,Kamensk-Uralsky,Male,25-34,Organizer,No,Yes,Yes,Leadership,Yes
378,2025-12-22,Meeting,Housing,Yekaterinburg,Female,25-34,Participant,Yes,No,No,Basic,No
967,2025-12-22,Survey,Youth Policy,Yekaterinburg,Male,25-34,Coordinator,Yes,Yes,Yes,Leadership,Yes
1260,2025-12-22,Public Event,Healthcare,Revda,Male,45-54,Participant,No,No,No,Basic,No
1804,2025-12-22,Meeting,Healthcare,Yekaterinburg,Male,35-44,Coordinator,Yes,No,Yes,Leadership,Yes
2417,2025-12-22,Meeting,Entrepreneurship,Kamensk-Uralsky,Female,25-34,Coordinator,No,Yes,Yes,Leadership,Yes
3146,2025-12-22,Meeting,Gender Equality,Yekaterinburg,Male,18-24,Participant,No,No,No,Basic,No
3351,2025-12-22,Community Outreach,Entrepreneurship,Serov,Female,35-44,Participant,No,Yes,No,Basic,No
1066,2025-12-23,Campaign Activity,Local Government,Revda,Male,25-34,Coordinator,Yes,No,Yes,Leadership,Yes
2011,2025-12-23,Meeting,Social Policy,Yekaterinburg,Female,18-24,Participant,No,No,No,Basic,No
2148,2025-12-23,Media Activity,Transport,Yekaterinburg,Male,25-34,Volunteer,No,No,No,Basic,No
2311,2025-12-23,Media Activity,Gender Equality,Yekaterinburg,Male,25-34,Participant,No,No,No,Basic,No
3305,2025-12-23,Community Outreach,Education,Pervouralsk,Male,45-54,Speaker,No,Yes,No,Visible,No
3416,2025-12-23,Media Activity,Entrepreneurship,Asbest,Female,25-34,Volunteer,Yes,Yes,No,Basic,No
233,2025-12-24,Campaign Activity,Entrepreneurship,Pervouralsk,Male,18-24,Coordinator,Yes,No,Yes,Leadership,Yes
244,2025-12-24,Community Outreach,Housing,Yekaterinburg,Male,25-34,Volunteer,No,No,No,Basic,No
432,2025-12-24,Campaign Activity,Entrepreneurship,Yekaterinburg,Male,25-34,Speaker,No,Yes,No,Visible,No
1008,2025-12-24,Public Event,Gender Equality,Asbest,Female,55+,Volunteer,No,No,No,Basic,No
2006,2025-12-24,Community Outreach,Education,Yekaterinburg,Male,45-54,Participant,No,No,No,Basic,No
2088,2025-12-24,Meeting,Local Government,Pervouralsk,Female,35-44,Participant,No,No,No,Basic,No
2485,2025-12-24,Meeting,Housing,Yekaterinburg,Male,25-34,Organizer,Yes,Yes,Yes,Leadership,Yes
2552,2025-12-24,Government Interaction,Education,Serov,Male,55+,Volunteer,No,No,No,Basic,No
2803,2025-12-24,Meeting,Transport,Nizhny Tagil,Female,18-24,Organizer,Yes,No,Yes,Leadership,Yes
3007,2025-12-24,Educational Event,Gender Equality,Yekaterinburg,Male,25-34,Participant,No,No,No,Basic,No
3561,2025-12-24,Community Outreach,Transport,Yekaterinburg,Male,25-34,Participant,No,No,No,Basic,No
1044,2025-12-25,Meeting,Entrepreneurship,Pervouralsk,Male,18-24,Volunteer,No,No,No,Basic,No
1288,2025-12-25,Government Interaction,Youth Policy,Serov,Female,45-54,Participant,No,No,No,Basic,No
1419,2025-12-25,Community Outreach,Healthcare,Yekaterinburg,Male,25-34,Participant,No,No,No,Basic,No
2294,2025-12-25,Educational Event,Gender Equality,Yekaterinburg,Female,45-54,Participant,No,No,No,Basic,No
148,2025-12-26,Educational Event,Education,Yekaterinburg,Male,25-34,Organizer,Yes,No,Yes,Leadership,Yes
309,2025-12-26,Community Outreach,Healthcare,Yekaterinburg,Female,25-34,Participant,No,No,No,Basic,No
1218,2025-12-26,Community Outreach,Social Policy,Yekaterinburg,Male,45-54,Coordinator,Yes,No,Yes,Leadership,Yes
1874,2025-12-26,Public Event,Youth Policy,Yekaterinburg,Male,18-24,Participant,No,No,No,Basic,No
2430,2025-12-26,Meeting,Housing,Serov,Male,35-44,Participant,No,No,No,Basic,No
305,2025-12-27,Campaign Activity,Youth Policy,Yekaterinburg,Male,18-24,Coordinator,Yes,No,Yes,Leadership,Yes
828,2025-12-27,Meeting,Economic Policy,Yekaterinburg,Female,25-34,Participant,No,No,No,Basic,No
2518,2025-12-27,Meeting,Gender Equality,Yekaterinburg,Female,55+,Analyst,No,No,No,Professional,No
32,2025-12-28,Media Activity,Housing,Revda,Male,35-44,Analyst,Yes,No,Yes,Professional,No
447,2025-12-28,Public Event,Gender Equality,Yekaterinburg,Male,35-44,Volunteer,No,No,No,Basic,No
1240,2025-12-28,Meeting,Economic Policy,Yekaterinburg,Female,25-34,Volunteer,No,No,Yes,Basic,No
2771,2025-12-28,Educational Event,Youth Policy,Yekaterinburg,Female,45-54,Participant,No,No,No,Basic,No
2891,2025-12-28,Public Event,Social Policy,Yekaterinburg,Female,35-44,Volunteer,No,No,No,Basic,No
134,2025-12-29,Community Outreach,Local Government,Pervouralsk,Female,45-54,Participant,No,No,No,Basic,No
426,2025-12-29,Media Activity,Housing,Kamensk-Uralsky,Male,18-24,Participant,No,No,No,Basic,No
640,2025-12-29,Government Interaction,Housing,Yekaterinburg,Male,18-24,Analyst,No,No,No,Professional,No
848,2025-12-29,Community Outreach,Healthcare,Yekaterinburg,Male,18-24,Organizer,Yes,No,Yes,Leadership,Yes
853,2025-12-29,Government Interaction,Healthcare,Yekaterinburg,Male,25-34,Speaker,No,Yes,No,Visible,No
1169,2025-12-29,Public Event,Education,Serov,Male,25-34,Organizer,Yes,Yes,Yes,Leadership,Yes
1567,2025-12-29,Campaign Activity,Local Government,Yekaterinburg,Female,35-44,Analyst,No,No,No,Professional,No
2467,2025-12-29,Community Outreach,Economic Policy,Yekaterinburg,Male,45-54,Coordinator,Yes,No,Yes,Leadership,Yes
2940,2025-12-29,Survey,Entrepreneurship,Nizhny Tagil,Female,55+,Participant,No,No,No,Basic,No
34,2025-12-30,Campaign Activity,Gender Equality,Serov,Female,25-34,Organizer,No,Yes,Yes,Leadership,Yes
588,2025-12-30,Meeting,Healthcare,Yekaterinburg,Female,18-24,Participant,No,No,No,Basic,No
1586,2025-12-30,Educational Event,Housing,Nizhny Tagil,Male,18-24,Speaker,No,Yes,No,Visible,No
1638,2025-12-30,Meeting,Local Government,Serov,Male,35-44,Organizer,No,Yes,Yes,Leadership,Yes
1903,2025-12-30,Meeting,Education,Yekaterinburg,Male,25-34,Analyst,No,No,No,Professional,No
2067,2025-12-30,Public Event,Local Government,Serov,Male,18-24,Volunteer,No,No,No,Basic,No
2832,2025-12-30,Campaign Activity,Gender Equality,Yekaterinburg,Female,35-44,Participant,No,Yes,No,Basic,No
2872,2025-12-30,Community Outreach,Economic Policy,Pervouralsk,Female,25-34,Participant,No,No,No,Basic,No
3242,2025-12-30,Media Activity,Local Government,Yekaterinburg,Male,35-44,Speaker,No,Yes,No,Visible,No
930,2025-12-31,Community Outreach,Healthcare,Yekaterinburg,Male,35-44,Participant,No,No,No,Basic,No
1341,2025-12-31,Educational Event,Entrepreneurship,Kamensk-Uralsky,Female,45-54,Volunteer,No,Yes,Yes,Basic,No
1717,2025-12-31,Meeting,Entrepreneurship,Yekaterinburg,Female,35-44,Coordinator,Yes,Yes,Yes,Leadership,Yes
2651,2025-12-31,Educational Event,Housing,Yekaterinburg,Male,45-54,Participant,No,No,No,Basic,No
3555,2025-12-31,Survey,Healthcare,Revda,Female,25-34,Participant,No,No,No,Basic,No
335,2026-01-01,Community Outreach,Entrepreneurship,Pervouralsk,Female,55+,Participant,No,No,No,Basic,No
888,2026-01-01,Meeting,Transport,Kamensk-Uralsky,Female,18-24,Participant,No,No,No,Basic,No
1354,2026-01-01,Media Activity,Gender Equality,Nizhny Tagil,Female,45-54,Participant,No,No,No,Basic,No
1293,2026-01-02,Campaign Activity,Healthcare,Serov,Male,45-54,Speaker,No,Yes,No,Visible,No
1387,2026-01-02,Community Outreach,Gender Equality,Pervouralsk,Male,18-24,Speaker,No,Yes,No,Visible,No
2579,2026-01-02,Campaign Activity,Healthcare,Pervouralsk,Female,35-44,Participant,No,No,No,Basic,No
3514,2026-01-02,Community Outreach,Gender Equality,Nizhny Tagil,Male,55+,Participant,No,Yes,No,Basic,No
437,2026-01-03,Public Event,Transport,Yekaterinburg,Female,55+,Participant,No,No,No,Basic,No
1535,2026-01-03,Educational Event,Youth Policy,Yekaterinburg,Female,35-44,Analyst,No,No,No,Professional,No
2740,2026-01-03,Government Interaction,Transport,Nizhny Tagil,Male,35-44,Participant,No,No,No,Basic,No
3586,2026-01-03,Campaign Activity,Healthcare,Yekaterinburg,Male,18-24,Participant,No,No,No,Basic,No
284,2026-01-04,Campaign Activity,Education,Yekaterinburg,Female,45-54,Participant,No,No,No,Basic,No
1108,2026-01-04,Campaign Activity,Entrepreneurship,Revda,Female,25-34,Volunteer,No,Yes,No,Basic,No
1154,2026-01-04,Community Outreach,Education,Yekaterinburg,Female,18-24,Volunteer,No,No,No,Basic,No
1344,2026-01-04,Media Activity,Housing,Revda,Male,25-34,Organizer,No,No,Yes,Leadership,Yes
1737,2026-01-04,Government Interaction,Entrepreneurship,Yekaterinburg,Male,25-34,Speaker,Yes,Yes,No,Visible,No
2393,2026-01-04,Media Activity,Gender Equality,Nizhny Tagil,Female,25-34,Participant,No,No,No,Basic,No
3032,2026-01-04,Meeting,Housing,Pervouralsk,Female,35-44,Coordinator,Yes,No,Yes,Leadership,Yes
3577,2026-01-04,Meeting,Housing,Yekaterinburg,Male,35-44,Volunteer,No,No,No,Basic,No
172,2026-01-05,Media Activity,Social Policy,Nizhny Tagil,Male,25-34,Coordinator,Yes,Yes,Yes,Leadership,Yes
649,2026-01-05,Meeting,Education,Yekaterinburg,Male,45-54,Participant,No,No,No,Basic,No
983,2026-01-05,Educational Event,Housing,Asbest,Male,35-44,Participant,Yes,No,No,Basic,No
1049,2026-01-05,Public Event,Transport,Asbest,Male,18-24,Participant,No,No,No,Basic,No
1677,2026-01-05,Community Outreach,Social Policy,Yekaterinburg,Male,35-44,Speaker,Yes,Yes,No,Visible,No
1841,2026-01-05,Meeting,Local Government,Kamensk-Uralsky,Female,25-34,Participant,No,No,No,Basic,No
2033,2026-01-05,Campaign Activity,Transport,Asbest,Female,45-54,Speaker,No,Yes,No,Visible,No
2120,2026-01-05,Meeting,Youth Policy,Pervouralsk,Female,25-34,Participant,No,No,No,Basic,No
2662,2026-01-05,Meeting,Gender Equality,Yekaterinburg,Female,55+,Participant,No,No,No,Basic,No
2711,2026-01-05,Meeting,Entrepreneurship,Pervouralsk,Male,35-44,Organizer,Yes,No,Yes,Leadership,Yes
2848,2026-01-05,Campaign Activity,Gender Equality,Yekaterinburg,Female,25-34,Volunteer,No,No,No,Basic,No
2881,2026-01-05,Survey,Healthcare,Pervouralsk,Female,18-24,Participant,No,No,No,Basic,No
732,2026-01-06,Media Activity,Entrepreneurship,Yekaterinburg,Female,25-34,Participant,No,No,No,Basic,No
1559,2026-01-06,Campaign Activity,Local Government,Kamensk-Uralsky,Male,35-44,Organizer,Yes,Yes,Yes,Leadership,Yes
2176,2026-01-06,Meeting,Social Policy,Yekaterinburg,Male,18-24,Analyst,Yes,No,No,Professional,No
2927,2026-01-06,Public Event,Local Government,Yekaterinburg,Male,25-34,Volunteer,No,No,No,Basic,No
3369,2026-01-06,Community Outreach,Healthcare,Yekaterinburg,Female,18-24,Participant,No,No,No,Basic,No
83,2026-01-07,Campaign Activity,Healthcare,Yekaterinburg,Male,18-24,Analyst,Yes,No,No,Professional,No
436,2026-01-07,Campaign Activity,Entrepreneurship,Yekaterinburg,Female,35-44,Volunteer,No,No,No,Basic,No
1921,2026-01-07,Campaign Activity,Gender Equality,Yekaterinburg,Male,25-34,Participant,No,No,No,Basic,No
3169,2026-01-07,Educational Event,Economic Policy,Yekaterinburg,Female,25-34,Speaker,No,Yes,No,Visible,No
1751,2026-01-08,Media Activity,Housing,Yekaterinburg,Male,18-24,Participant,No,No,No,Basic,No
1780,2026-01-08,Educational Event,Healthcare,Yekaterinburg,Female,25-34,Participant,No,No,No,Basic,No
2507,2026-01-08,Media Activity,Education,Yekaterinburg,Male,25-34,Participant,No,No,No,Basic,No
2675,2026-01-08,Meeting,Education,Yekaterinburg,Male,35-44,Volunteer,No,No,No,Basic,No
3076,2026-01-08,Meeting,Local Government,Asbest,Male,18-24,Participant,No,No,No,Basic,No
3447,2026-01-08,Campaign Activity,Housing,Pervouralsk,Male,25-34,Participant,No,No,No,Basic,No
158,2026-01-09,Public Event,Gender Equality,Yekaterinburg,Male,25-34,Coordinator,Yes,Yes,Yes,Leadership,Yes
911,2026-01-09,Community Outreach,Education,Yekaterinburg,Male,25-34,Participant,No,No,No,Basic,No
927,2026-01-09,Government Interaction,Gender Equality,Pervouralsk,Female,35-44,Analyst,No,No,No,Professional,No
1524,2026-01-09,Community Outreach,Education,Yekaterinburg,Male,35-44,Volunteer,Yes,No,No,Basic,No
1588,2026-01-09,Community Outreach,Entrepreneurship,Asbest,Male,25-34,Participant,No,No,No,Basic,No
2551,2026-01-09,Survey,Local Government,Yekaterinburg,Male,18-24,Participant,No,No,No,Basic,No
2723,2026-01-09,Educational Event,Economic Policy,Pervouralsk,Female,25-34,Participant,No,No,No,Basic,No
2799,2026-01-09,Community Outreach,Housing,Yekaterinburg,Male,55+,Volunteer,No,No,No,Basic,No
3041,2026-01-09,Meeting,Economic Policy,Yekaterinburg,Female,18-24,Volunteer,No,No,No,Basic,No
3262,2026-01-09,Educational Event,Housing,Yekaterinburg,Male,45-54,Participant,No,No,No,Basic,No
3338,2026-01-09,Community Outreach,Economic Policy,Yekaterinburg,Male,35-44,Volunteer,Yes,No,No,Basic,No
113,2026-01-10,Media Activity,Local Government,Yekaterinburg,Female,35-44,Volunteer,No,No,No,Basic,No
1136,2026-01-10,Survey,Local Government,Yekaterinburg,Female,45-54,Coordinator,Yes,No,Yes,Leadership,Yes
1374,2026-01-10,Educational Event,Education,Yekaterinburg,Male,25-34,Coordinator,Yes,Yes,Yes,Leadership,Yes
2376,2026-01-10,Public Event,Youth Policy,Yekaterinburg,Female,35-44,Participant,No,No,No,Basic,No
3190,2026-01-10,Educational Event,Youth Policy,Yekaterinburg,Female,45-54,Speaker,No,Yes,No,Visible,No
3578,2026-01-10,Media Activity,Housing,Asbest,Female,35-44,Speaker,Yes,Yes,No,Visible,No
1246,2026-01-11,Public Event,Local Government,Kamensk-Uralsky,Female,18-24,Participant,No,No,No,Basic,No
1350,2026-01-11,Government Interaction,Youth Policy,Kamensk-Uralsky,Female,25-34,Coordinator,Yes,Yes,Yes,Leadership,Yes
663,2026-01-12,Public Event,Transport,Yekaterinburg,Female,25-34,Volunteer,No,No,No,Basic,No
846,2026-01-12,Campaign Activity,Healthcare,Yekaterinburg,Male,25-34,Volunteer,No,No,No,Basic,No
1177,2026-01-12,Campaign Activity,Gender Equality,Yekaterinburg,Female,25-34,Speaker,Yes,Yes,No,Visible,No
1264,2026-01-12,Survey,Gender Equality,Yekaterinburg,Male,25-34,Participant,No,No,No,Basic,No
1444,2026-01-12,Campaign Activity,Local Government,Pervouralsk,Female,45-54,Volunteer,No,Yes,No,Basic,No
1837,2026-01-12,Educational Event,Education,Yekaterinburg,Female,18-24,Analyst,No,No,No,Professional,No
1141,2026-01-13,Public Event,Economic Policy,Yekaterinburg,Female,35-44,Speaker,No,Yes,No,Visible,No
1649,2026-01-13,Meeting,Economic Policy,Yekaterinburg,Male,18-24,Participant,No,No,No,Basic,No
1942,2026-01-13,Community Outreach,Social Policy,Revda,Female,55+,Speaker,No,Yes,No,Visible,No
2183,2026-01-13,Campaign Activity,Social Policy,Pervouralsk,Male,35-44,Organizer,Yes,No,Yes,Leadership,Yes
3219,2026-01-13,Meeting,Social Policy,Asbest,Female,18-24,Coordinator,Yes,Yes,Yes,Leadership,Yes
3291,2026-01-13,Community Outreach,Housing,Nizhny Tagil,Female,25-34,Organizer,Yes,Yes,Yes,Leadership,Yes
3309,2026-01-13,Media Activity,Local Government,Pervouralsk,Male,25-34,Analyst,No,No,No,Professional,No
807,2026-01-14,Media Activity,Economic Policy,Nizhny Tagil,Male,18-24,Organizer,Yes,Yes,Yes,Leadership,Yes
1097,2026-01-14,Campaign Activity,Housing,Yekaterinburg,Female,18-24,Participant,No,No,No,Basic,No
1259,2026-01-14,Meeting,Youth Policy,Yekaterinburg,Male,25-34,Analyst,Yes,Yes,No,Professional,No
1706,2026-01-14,Community Outreach,Social Policy,Yekaterinburg,Male,25-34,Speaker,No,Yes,No,Visible,No
3052,2026-01-14,Media Activity,Social Policy,Yekaterinburg,Female,45-54,Participant,No,No,No,Basic,No
201,2026-01-15,Meeting,Education,Yekaterinburg,Male,55+,Organizer,No,No,Yes,Leadership,Yes
534,2026-01-15,Community Outreach,Education,Yekaterinburg,Male,25-34,Organizer,Yes,No,Yes,Leadership,Yes
903,2026-01-15,Community Outreach,Entrepreneurship,Nizhny Tagil,Female,35-44,Participant,No,No,No,Basic,No
1190,2026-01-15,Government Interaction,Gender Equality,Yekaterinburg,Male,35-44,Volunteer,No,No,No,Basic,No
1890,2026-01-15,Survey,Gender Equality,Yekaterinburg,Female,18-24,Participant,No,Yes,No,Basic,No
2110,2026-01-15,Community Outreach,Gender Equality,Yekaterinburg,Female,35-44,Participant,No,No,No,Basic,No
2603,2026-01-15,Community Outreach,Entrepreneurship,Yekaterinburg,Female,35-44,Participant,No,No,No,Basic,No
842,2026-01-16,Public Event,Local Government,Yekaterinburg,Male,18-24,Participant,No,No,No,Basic,No
2649,2026-01-16,Community Outreach,Local Government,Yekaterinburg,Male,35-44,Volunteer,No,No,Yes,Basic,No
852,2026-01-17,Media Activity,Housing,Nizhny Tagil,Female,35-44,Participant,No,No,No,Basic,No
1585,2026-01-17,Meeting,Education,Yekaterinburg,Male,55+,Participant,No,No,No,Basic,No
1690,2026-01-17,Community Outreach,Social Policy,Asbest,Female,25-34,Participant,No,No,No,Basic,No
2073,2026-01-17,Campaign Activity,Social Policy,Serov,Female,35-44,Participant,No,No,No,Basic,No
2717,2026-01-17,Community Outreach,Economic Policy,Yekaterinburg,Male,35-44,Participant,No,No,No,Basic,No
3171,2026-01-17,Campaign Activity,Healthcare,Yekaterinburg,Male,55+,Volunteer,No,No,No,Basic,No
104,2026-01-18,Government Interaction,Youth Policy,Nizhny Tagil,Male,35-44,Participant,No,No,No,Basic,No
1074,2026-01-18,Public Event,Transport,Kamensk-Uralsky,Male,25-34,Analyst,No,No,No,Professional,No
1455,2026-01-18,Educational Event,Transport,Yekaterinburg,Female,25-34,Volunteer,No,No,No,Basic,No
1932,2026-01-18,Educational Event,Gender Equality,Kamensk-Uralsky,Male,18-24,Volunteer,No,No,No,Basic,No
2339,2026-01-18,Government Interaction,Local Government,Yekaterinburg,Male,45-54,Speaker,Yes,Yes,No,Visible,No
2818,2026-01-18,Public Event,Education,Yekaterinburg,Male,45-54,Analyst,Yes,No,No,Professional,No
3046,2026-01-18,Meeting,Transport,Nizhny Tagil,Male,18-24,Coordinator,Yes,Yes,Yes,Leadership,Yes
3139,2026-01-18,Survey,Gender Equality,Kamensk-Uralsky,Male,18-24,Participant,Yes,No,No,Basic,No
3376,2026-01-18,Meeting,Youth Policy,Yekaterinburg,Female,35-44,Volunteer,No,No,No,Basic,No
204,2026-01-19,Meeting,Gender Equality,Yekaterinburg,Female,18-24,Participant,No,No,No,Basic,No
234,2026-01-19,Community Outreach,Entrepreneurship,Revda,Male,18-24,Coordinator,No,Yes,Yes,Leadership,Yes
907,2026-01-19,Campaign Activity,Social Policy,Yekaterinburg,Male,18-24,Participant,No,No,No,Basic,No
2488,2026-01-19,Public Event,Economic Policy,Serov,Male,45-54,Participant,No,No,No,Basic,No
2721,2026-01-19,Public Event,Entrepreneurship,Yekaterinburg,Male,35-44,Participant,No,No,No,Basic,No
3042,2026-01-19,Educational Event,Entrepreneurship,Kamensk-Uralsky,Male,25-34,Participant,No,No,No,Basic,No
21,2026-01-20,Community Outreach,Youth Policy,Yekaterinburg,Male,35-44,Organizer,No,Yes,Yes,Leadership,Yes
222,2026-01-20,Community Outreach,Local Government,Yekaterinburg,Male,25-34,Coordinator,No,Yes,Yes,Leadership,Yes
746,2026-01-20,Media Activity,Housing,Kamensk-Uralsky,Male,45-54,Analyst,No,No,No,Professional,No
800,2026-01-20,Survey,Youth Policy,Yekaterinburg,Male,25-34,Participant,No,Yes,No,Basic,No
894,2026-01-20,Meeting,Housing,Serov,Female,25-34,Participant,No,No,No,Basic,No
1343,2026-01-20,Community Outreach,Social Policy,Yekaterinburg,Male,35-44,Participant,No,No,No,Basic,No
1856,2026-01-20,Community Outreach,Gender Equality,Yekaterinburg,Male,25-34,Participant,No,No,No,Basic,No
2093,2026-01-20,Community Outreach,Economic Policy,Nizhny Tagil,Male,35-44,Volunteer,No,No,No,Basic,No
2889,2026-01-20,Meeting,Education,Kamensk-Uralsky,Female,25-34,Participant,No,No,No,Basic,No
3579,2026-01-20,Media Activity,Healthcare,Yekaterinburg,Male,25-34,Speaker,Yes,Yes,No,Visible,No
30,2026-01-21,Meeting,Entrepreneurship,Yekaterinburg,Male,35-44,Speaker,No,Yes,No,Visible,No
105,2026-01-21,Meeting,Education,Nizhny Tagil,Male,25-34,Participant,No,No,No,Basic,No
467,2026-01-21,Public Event,Gender Equality,Yekaterinburg,Male,45-54,Participant,No,No,No,Basic,No
713,2026-01-21,Public Event,Housing,Serov,Male,18-24,Participant,No,No,No,Basic,No
981,2026-01-21,Government Interaction,Housing,Yekaterinburg,Male,25-34,Participant,No,No,No,Basic,No
1719,2026-01-21,Campaign Activity,Youth Policy,Yekaterinburg,Male,35-44,Analyst,Yes,No,No,Professional,No
2222,2026-01-21,Educational Event,Entrepreneurship,Pervouralsk,Female,35-44,Coordinator,Yes,Yes,Yes,Leadership,Yes
2631,2026-01-21,Educational Event,Housing,Nizhny Tagil,Female,35-44,Participant,No,No,No,Basic,No
784,2026-01-22,Community Outreach,Social Policy,Yekaterinburg,Male,18-24,Participant,No,No,No,Basic,No
3143,2026-01-22,Meeting,Education,Serov,Male,45-54,Analyst,Yes,No,No,Professional,No
472,2026-01-23,Community Outreach,Economic Policy,Yekaterinburg,Male,18-24,Coordinator,Yes,Yes,Yes,Leadership,Yes
603,2026-01-23,Meeting,Youth Policy,Nizhny Tagil,Male,35-44,Participant,No,No,No,Basic,No
2023,2026-01-23,Community Outreach,Healthcare,Asbest,Female,55+,Participant,No,No,No,Basic,No
2357,2026-01-23,Community Outreach,Economic Policy,Yekaterinburg,Male,18-24,Participant,No,No,No,Basic,No
2501,2026-01-23,Community Outreach,Social Policy,Yekaterinburg,Female,35-44,Analyst,No,Yes,No,Professional,No
2852,2026-01-23,Public Event,Housing,Yekaterinburg,Female,35-44,Coordinator,Yes,No,Yes,Leadership,Yes
2950,2026-01-23,Public Event,Healthcare,Yekaterinburg,Male,35-44,Participant,Yes,No,No,Basic,No
3323,2026-01-23,Campaign Activity,Transport,Yekaterinburg,Male,18-24,Speaker,No,Yes,No,Visible,No
227,2026-01-24,Public Event,Transport,Asbest,Female,45-54,Participant,No,No,No,Basic,No
310,2026-01-24,Educational Event,Economic Policy,Pervouralsk,Female,18-24,Participant,Yes,Yes,No,Basic,No
439,2026-01-24,Campaign Activity,Education,Yekaterinburg,Male,18-24,Participant,No,No,No,Basic,No
450,2026-01-24,Government Interaction,Transport,Yekaterinburg,Male,18-24,Participant,No,No,No,Basic,No
1525,2026-01-24,Community Outreach,Education,Serov,Male,35-44,Organizer,Yes,No,Yes,Leadership,Yes
2074,2026-01-24,Community Outreach,Social Policy,Yekaterinburg,Male,25-34,Participant,No,Yes,No,Basic,No
3320,2026-01-24,Community Outreach,Education,Serov,Female,45-54,Analyst,No,No,No,Professional,No
561,2026-01-25,Community Outreach,Youth Policy,Nizhny Tagil,Female,18-24,Participant,No,No,No,Basic,No
939,2026-01-25,Meeting,Gender Equality,Kamensk-Uralsky,Male,25-34,Participant,No,No,No,Basic,No
1254,2026-01-25,Meeting,Transport,Yekaterinburg,Male,25-34,Participant,No,No,No,Basic,No
1757,2026-01-25,Community Outreach,Youth Policy,Kamensk-Uralsky,Female,18-24,Participant,No,No,No,Basic,No
2050,2026-01-25,Meeting,Education,Yekaterinburg,Female,35-44,Volunteer,No,No,No,Basic,No
512,2026-01-26,Educational Event,Youth Policy,Yekaterinburg,Male,18-24,Volunteer,Yes,No,No,Basic,No
2101,2026-01-26,Educational Event,Youth Policy,Serov,Male,55+,Participant,No,No,No,Basic,No
2244,2026-01-26,Community Outreach,Youth Policy,Pervouralsk,Female,35-44,Volunteer,No,No,No,Basic,No
2674,2026-01-26,Meeting,Healthcare,Kamensk-Uralsky,Male,35-44,Participant,No,No,No,Basic,No
2782,2026-01-26,Educational Event,Youth Policy,Yekaterinburg,Female,25-34,Volunteer,No,Yes,No,Basic,No
3381,2026-01-26,Media Activity,Education,Kamensk-Uralsky,Female,18-24,Speaker,No,Yes,Yes,Visible,No
855,2026-01-27,Community Outreach,Youth Policy,Yekaterinburg,Female,25-34,Coordinator,Yes,Yes,Yes,Leadership,Yes
861,2026-01-27,Campaign Activity,Economic Policy,Yekaterinburg,Male,18-24,Coordinator,Yes,Yes,Yes,Leadership,Yes
1651,2026-01-27,Community Outreach,Transport,Nizhny Tagil,Female,35-44,Participant,No,No,No,Basic,No
1930,2026-01-27,Educational Event,Local Government,Yekaterinburg,Female,18-24,Analyst,No,No,No,Professional,No
1951,2026-01-27,Public Event,Social Policy,Yekaterinburg,Male,25-34,Organizer,Yes,Yes,Yes,Leadership,Yes
3307,2026-01-27,Survey,Transport,Yekaterinburg,Female,35-44,Coordinator,No,No,Yes,Leadership,Yes
1786,2026-01-28,Survey,Education,Serov,Male,35-44,Participant,No,No,No,Basic,No
1899,2026-01-28,Meeting,Entrepreneurship,Yekaterinburg,Female,25-34,Participant,No,No,No,Basic,No
1944,2026-01-28,Community Outreach,Gender Equality,Yekaterinburg,Female,45-54,Participant,No,No,No,Basic,No
3343,2026-01-28,Community Outreach,Healthcare,Yekaterinburg,Female,25-34,Organizer,Yes,No,Yes,Leadership,Yes
9,2026-01-29,Meeting,Entrepreneurship,Nizhny Tagil,Female,25-34,Participant,No,No,No,Basic,No
241,2026-01-29,Government Interaction,Education,Yekaterinburg,Male,35-44,Volunteer,No,No,No,Basic,No
444,2026-01-29,Media Activity,Healthcare,Yekaterinburg,Female,35-44,Volunteer,No,No,No,Basic,No
594,2026-01-29,Educational Event,Local Government,Pervouralsk,Male,25-34,Participant,No,No,No,Basic,No
657,2026-01-29,Meeting,Transport,Yekaterinburg,Male,25-34,Organizer,Yes,Yes,Yes,Leadership,Yes
744,2026-01-29,Public Event,Social Policy,Pervouralsk,Female,18-24,Analyst,Yes,No,No,Professional,No
1515,2026-01-29,Meeting,Economic Policy,Revda,Male,25-34,Participant,No,No,No,Basic,No
2189,2026-01-29,Educational Event,Economic Policy,Yekaterinburg,Female,25-34,Speaker,No,Yes,No,Visible,No
2234,2026-01-29,Government Interaction,Social Policy,Kamensk-Uralsky,Male,25-34,Speaker,Yes,Yes,No,Visible,No
2247,2026-01-29,Media Activity,Transport,Yekaterinburg,Female,25-34,Participant,No,No,No,Basic,No
2904,2026-01-29,Educational Event,Social Policy,Yekaterinburg,Male,55+,Coordinator,Yes,Yes,Yes,Leadership,Yes
3020,2026-01-29,Public Event,Local Government,Yekaterinburg,Female,25-34,Participant,No,No,No,Basic,No
3175,2026-01-29,Community Outreach,Housing,Revda,Male,25-34,Participant,No,No,No,Basic,No
3280,2026-01-29,Meeting,Gender Equality,Pervouralsk,Female,45-54,Coordinator,Yes,Yes,Yes,Leadership,Yes
3571,2026-01-29,Community Outreach,Social Policy,Nizhny Tagil,Male,45-54,Volunteer,No,No,No,Basic,No
537,2026-01-30,Community Outreach,Social Policy,Serov,Male,18-24,Participant,No,Yes,No,Basic,No
1420,2026-01-30,Campaign Activity,Local Government,Nizhny Tagil,Male,45-54,Organizer,No,Yes,Yes,Leadership,Yes
1450,2026-01-30,Media Activity,Entrepreneurship,Yekaterinburg,Female,18-24,Analyst,No,No,No,Professional,No
1580,2026-01-30,Community Outreach,Entrepreneurship,Yekaterinburg,Male,18-24,Participant,No,No,No,Basic,No
2459,2026-01-30,Survey,Youth Policy,Serov,Female,45-54,Coordinator,Yes,No,Yes,Leadership,Yes
2998,2026-01-30,Public Event,Healthcare,Yekaterinburg,Female,25-34,Coordinator,Yes,Yes,Yes,Leadership,Yes
774,2026-01-31,Meeting,Healthcare,Yekaterinburg,Male,35-44,Volunteer,No,Yes,No,Basic,No
945,2026-01-31,Campaign Activity,Transport,Yekaterinburg,Female,18-24,Participant,No,No,No,Basic,No
980,2026-01-31,Meeting,Local Government,Yekaterinburg,Female,25-34,Speaker,Yes,Yes,No,Visible,No
1208,2026-01-31,Community Outreach,Economic Policy,Yekaterinburg,Male,25-34,Organizer,Yes,Yes,Yes,Leadership,Yes
2584,2026-01-31,Government Interaction,Social Policy,Yekaterinburg,Female,35-44,Participant,No,Yes,No,Basic,No
3084,2026-01-31,Educational Event,Gender Equality,Nizhny Tagil,Male,45-54,Organizer,Yes,Yes,Yes,Leadership,Yes
3490,2026-01-31,Campaign Activity,Transport,Yekaterinburg,Male,25-34,Analyst,Yes,No,No,Professional,No
170,2026-02-01,Community Outreach,Social Policy,Yekaterinburg,Male,18-24,Coordinator,Yes,No,Yes,Leadership,Yes
171,2026-02-01,Media Activity,Healthcare,Yekaterinburg,Female,35-44,Speaker,No,Yes,Yes,Visible,No
183,2026-02-01,Media Activity,Education,Yekaterinburg,Male,35-44,Volunteer,No,No,No,Basic,No
1082,2026-02-01,Meeting,Youth Policy,Yekaterinburg,Male,18-24,Participant,No,No,No,Basic,No
1962,2026-02-01,Campaign Activity,Education,Yekaterinburg,Female,55+,Participant,No,No,No,Basic,No
1975,2026-02-01,Campaign Activity,Gender Equality,Pervouralsk,Female,25-34,Participant,No,No,No,Basic,No
2107,2026-02-01,Educational Event,Gender Equality,Kamensk-Uralsky,Male,25-34,Volunteer,No,No,No,Basic,No
2020,2026-02-02,Meeting,Social Policy,Nizhny Tagil,Female,18-24,Volunteer,No,No,No,Basic,No
3314,2026-02-02,Survey,Entrepreneurship,Yekaterinburg,Male,35-44,Participant,No,No,No,Basic,No
8,2026-02-03,Public Event,Social Policy,Yekaterinburg,Male,45-54,Participant,Yes,No,No,Basic,No
504,2026-02-03,Public Event,Local Government,Yekaterinburg,Male,35-44,Participant,No,No,No,Basic,No
608,2026-02-03,Meeting,Economic Policy,Yekaterinburg,Female,45-54,Speaker,No,Yes,No,Visible,No
1529,2026-02-03,Media Activity,Economic Policy,Yekaterinburg,Female,45-54,Volunteer,No,No,No,Basic,No
2352,2026-02-03,Campaign Activity,Youth Policy,Yekaterinburg,Male,35-44,Volunteer,No,No,No,Basic,No
2420,2026-02-03,Media Activity,Gender Equality,Revda,Male,25-34,Analyst,No,No,No,Professional,No
2463,2026-02-03,Meeting,Education,Pervouralsk,Female,35-44,Speaker,No,Yes,No,Visible,No
169,2026-02-04,Government Interaction,Healthcare,Yekaterinburg,Female,35-44,Coordinator,Yes,No,Yes,Leadership,Yes
1938,2026-02-04,Community Outreach,Education,Pervouralsk,Male,55+,Participant,No,Yes,No,Basic,No
2149,2026-02-04,Media Activity,Entrepreneurship,Yekaterinburg,Male,55+,Participant,No,No,No,Basic,No
2483,2026-02-04,Community Outreach,Gender Equality,Yekaterinburg,Female,25-34,Participant,No,No,No,Basic,No
3424,2026-02-04,Community Outreach,Youth Policy,Yekaterinburg,Female,35-44,Coordinator,Yes,Yes,Yes,Leadership,Yes
3425,2026-02-04,Meeting,Education,Yekaterinburg,Female,55+,Participant,No,No,No,Basic,No
443,2026-02-05,Meeting,Youth Policy,Nizhny Tagil,Male,18-24,Participant,Yes,No,No,Basic,No
783,2026-02-05,Public Event,Gender Equality,Pervouralsk,Female,25-34,Participant,No,Yes,No,Basic,No
1532,2026-02-05,Meeting,Entrepreneurship,Yekaterinburg,Female,55+,Coordinator,Yes,No,Yes,Leadership,Yes
1824,2026-02-05,Meeting,Education,Yekaterinburg,Male,55+,Organizer,Yes,Yes,Yes,Leadership,Yes
2661,2026-02-05,Educational Event,Youth Policy,Kamensk-Uralsky,Male,25-34,Participant,No,Yes,No,Basic,No
2747,2026-02-05,Media Activity,Youth Policy,Yekaterinburg,Female,25-34,Participant,No,No,No,Basic,No
3221,2026-02-05,Government Interaction,Social Policy,Nizhny Tagil,Female,45-54,Participant,No,No,No,Basic,No
1680,2026-02-06,Survey,Entrepreneurship,Yekaterinburg,Male,25-34,Participant,No,No,No,Basic,No
1813,2026-02-06,Campaign Activity,Transport,Yekaterinburg,Male,18-24,Speaker,No,Yes,No,Visible,No
2225,2026-02-06,Campaign Activity,Local Government,Yekaterinburg,Male,25-34,Organizer,Yes,Yes,Yes,Leadership,Yes
2422,2026-02-06,Educational Event,Gender Equality,Yekaterinburg,Female,45-54,Volunteer,Yes,No,No,Basic,No
2514,2026-02-06,Media Activity,Social Policy,Yekaterinburg,Female,55+,Participant,No,No,No,Basic,No
2582,2026-02-06,Community Outreach,Education,Kamensk-Uralsky,Male,45-54,Volunteer,No,No,No,Basic,No
2619,2026-02-06,Meeting,Youth Policy,Yekaterinburg,Male,18-24,Organizer,Yes,Yes,Yes,Leadership,Yes
2912,2026-02-06,Meeting,Education,Serov,Female,35-44,Speaker,Yes,Yes,No,Visible,No
2979,2026-02-06,Media Activity,Housing,Yekaterinburg,Male,35-44,Volunteer,No,No,No,Basic,No
3499,2026-02-06,Public Event,Economic Policy,Yekaterinburg,Female,25-34,Speaker,Yes,Yes,No,Visible,No
22,2026-02-07,Public Event,Youth Policy,Asbest,Female,45-54,Coordinator,Yes,No,Yes,Leadership,Yes
835,2026-02-07,Community Outreach,Youth Policy,Serov,Male,45-54,Participant,No,No,No,Basic,No
1395,2026-02-07,Community Outreach,Healthcare,Pervouralsk,Male,25-34,Participant,Yes,No,No,Basic,No
1448,2026-02-07,Educational Event,Youth Policy,Yekaterinburg,Male,55+,Participant,No,No,No,Basic,No
2358,2026-02-07,Meeting,Economic Policy,Revda,Male,25-34,Analyst,No,No,No,Professional,No
3096,2026-02-07,Public Event,Entrepreneurship,Yekaterinburg,Female,45-54,Participant,No,No,No,Basic,No
934,2026-02-08,Community Outreach,Transport,Yekaterinburg,Male,45-54,Coordinator,Yes,No,Yes,Leadership,Yes
1203,2026-02-08,Meeting,Gender Equality,Yekaterinburg,Male,18-24,Participant,No,No,No,Basic,No
1643,2026-02-08,Public Event,Youth Policy,Kamensk-Uralsky,Female,45-54,Participant,No,No,No,Basic,No
2130,2026-02-08,Public Event,Gender Equality,Kamensk-Uralsky,Female,25-34,Participant,No,No,No,Basic,No
2843,2026-02-08,Educational Event,Healthcare,Pervouralsk,Female,35-44,Participant,No,No,No,Basic,No
2928,2026-02-08,Meeting,Social Policy,Nizhny Tagil,Male,45-54,Volunteer,No,No,No,Basic,No
3208,2026-02-08,Media Activity,Education,Yekaterinburg,Female,18-24,Speaker,No,Yes,No,Visible,No
558,2026-02-09,Meeting,Economic Policy,Pervouralsk,Male,25-34,Participant,No,No,No,Basic,No
1231,2026-02-09,Community Outreach,Youth Policy,Yekaterinburg,Female,25-34,Speaker,No,Yes,Yes,Visible,No
2374,2026-02-09,Media Activity,Social Policy,Asbest,Female,45-54,Participant,No,No,No,Basic,No
515,2026-02-10,Survey,Gender Equality,Yekaterinburg,Female,18-24,Participant,No,No,No,Basic,No
989,2026-02-10,Community Outreach,Local Government,Yekaterinburg,Female,35-44,Volunteer,No,No,No,Basic,No
1089,2026-02-10,Educational Event,Education,Yekaterinburg,Male,25-34,Participant,No,No,No,Basic,No
2140,2026-02-10,Campaign Activity,Local Government,Yekaterinburg,Male,45-54,Volunteer,No,No,No,Basic,No
2249,2026-02-10,Meeting,Economic Policy,Yekaterinburg,Female,25-34,Participant,No,No,No,Basic,No
2554,2026-02-10,Public Event,Transport,Yekaterinburg,Male,25-34,Volunteer,No,No,No,Basic,No
3415,2026-02-10,Public Event,Housing,Pervouralsk,Female,35-44,Organizer,No,No,Yes,Leadership,Yes
483,2026-02-11,Government Interaction,Transport,Asbest,Male,25-34,Volunteer,No,No,No,Basic,No
803,2026-02-11,Meeting,Healthcare,Nizhny Tagil,Male,25-34,Participant,No,No,No,Basic,No
1121,2026-02-11,Campaign Activity,Entrepreneurship,Yekaterinburg,Male,35-44,Participant,No,No,No,Basic,No
1178,2026-02-11,Meeting,Youth Policy,Nizhny Tagil,Female,45-54,Participant,No,No,No,Basic,No
1792,2026-02-11,Campaign Activity,Entrepreneurship,Kamensk-Uralsky,Female,25-34,Volunteer,No,No,No,Basic,No
1956,2026-02-11,Educational Event,Youth Policy,Asbest,Male,35-44,Analyst,No,No,No,Professional,No
2068,2026-02-11,Educational Event,Gender Equality,Yekaterinburg,Male,45-54,Coordinator,Yes,Yes,Yes,Leadership,Yes
2379,2026-02-11,Meeting,Youth Policy,Pervouralsk,Female,45-54,Volunteer,Yes,No,No,Basic,No
2737,2026-02-11,Campaign Activity,Entrepreneurship,Kamensk-Uralsky,Female,35-44,Speaker,No,Yes,No,Visible,No
2921,2026-02-11,Media Activity,Local Government,Nizhny Tagil,Male,18-24,Speaker,No,Yes,No,Visible,No
270,2026-02-12,Campaign Activity,Local Government,Serov,Female,18-24,Volunteer,No,No,No,Basic,No
923,2026-02-12,Survey,Healthcare,Pervouralsk,Male,35-44,Organizer,Yes,No,Yes,Leadership,Yes
1662,2026-02-12,Community Outreach,Youth Policy,Nizhny Tagil,Male,35-44,Organizer,Yes,No,Yes,Leadership,Yes
2439,2026-02-12,Public Event,Housing,Nizhny Tagil,Female,25-34,Participant,No,No,No,Basic,No
2447,2026-02-12,Campaign Activity,Gender Equality,Kamensk-Uralsky,Female,18-24,Participant,No,No,No,Basic,No
1243,2026-02-13,Public Event,Gender Equality,Yekaterinburg,Female,35-44,Speaker,No,Yes,No,Visible,No
1309,2026-02-13,Government Interaction,Housing,Nizhny Tagil,Female,25-34,Volunteer,No,No,No,Basic,No
1523,2026-02-13,Campaign Activity,Education,Yekaterinburg,Male,25-34,Participant,Yes,No,No,Basic,No
1556,2026-02-13,Meeting,Social Policy,Revda,Male,45-54,Participant,No,No,No,Basic,No
1811,2026-02-13,Public Event,Economic Policy,Yekaterinburg,Female,25-34,Participant,No,No,No,Basic,No
2346,2026-02-13,Public Event,Education,Yekaterinburg,Female,25-34,Organizer,Yes,Yes,Yes,Leadership,Yes
2713,2026-02-13,Media Activity,Local Government,Yekaterinburg,Female,25-34,Participant,No,No,No,Basic,No
2882,2026-02-13,Campaign Activity,Education,Kamensk-Uralsky,Female,25-34,Participant,No,No,No,Basic,No
3517,2026-02-13,Campaign Activity,Youth Policy,Yekaterinburg,Male,25-34,Coordinator,No,No,Yes,Leadership,Yes
17,2026-02-14,Campaign Activity,Entrepreneurship,Pervouralsk,Male,35-44,Analyst,Yes,No,No,Professional,No
805,2026-02-14,Campaign Activity,Housing,Yekaterinburg,Female,18-24,Participant,No,Yes,No,Basic,No
2580,2026-02-14,Campaign Activity,Transport,Yekaterinburg,Male,25-34,Participant,No,No,No,Basic,No
2789,2026-02-14,Media Activity,Education,Kamensk-Uralsky,Male,35-44,Analyst,No,No,No,Professional,No
3290,2026-02-14,Community Outreach,Transport,Yekaterinburg,Female,18-24,Volunteer,No,No,No,Basic,No
3310,2026-02-14,Campaign Activity,Youth Policy,Yekaterinburg,Female,25-34,Participant,No,No,No,Basic,No
985,2026-02-15,Government Interaction,Youth Policy,Pervouralsk,Female,35-44,Coordinator,No,No,Yes,Leadership,Yes
1187,2026-02-15,Public Event,Entrepreneurship,Yekaterinburg,Female,35-44,Analyst,Yes,No,Yes,Professional,No
1365,2026-02-15,Public Event,Healthcare,Yekaterinburg,Female,45-54,Participant,No,No,No,Basic,No
1615,2026-02-15,Campaign Activity,Education,Pervouralsk,Male,25-34,Participant,No,No,No,Basic,No
2069,2026-02-15,Government Interaction,Social Policy,Yekaterinburg,Female,18-24,Participant,No,No,No,Basic,No
587,2026-02-16,Meeting,Housing,Yekaterinburg,Female,25-34,Participant,No,No,No,Basic,No
1430,2026-02-16,Meeting,Social Policy,Pervouralsk,Female,45-54,Analyst,Yes,No,No,Professional,No
1672,2026-02-16,Educational Event,Entrepreneurship,Kamensk-Uralsky,Male,45-54,Participant,No,No,No,Basic,No
3418,2026-02-16,Meeting,Economic Policy,Yekaterinburg,Male,35-44,Coordinator,Yes,No,Yes,Leadership,Yes
3422,2026-02-16,Media Activity,Local Government,Yekaterinburg,Female,35-44,Volunteer,No,No,No,Basic,No
3504,2026-02-16,Meeting,Youth Policy,Serov,Male,25-34,Coordinator,Yes,Yes,Yes,Leadership,Yes
91,2026-02-17,Meeting,Transport,Pervouralsk,Female,25-34,Speaker,No,Yes,No,Visible,No
191,2026-02-17,Public Event,Gender Equality,Yekaterinburg,Male,35-44,Analyst,No,No,No,Professional,No
462,2026-02-17,Government Interaction,Entrepreneurship,Yekaterinburg,Female,55+,Participant,No,No,No,Basic,No
722,2026-02-17,Community Outreach,Social Policy,Asbest,Female,18-24,Coordinator,No,Yes,Yes,Leadership,Yes
1596,2026-02-17,Media Activity,Economic Policy,Yekaterinburg,Male,45-54,Organizer,Yes,Yes,Yes,Leadership,Yes
2664,2026-02-17,Government Interaction,Housing,Yekaterinburg,Female,25-34,Participant,No,No,No,Basic,No
1045,2026-02-18,Public Event,Education,Yekaterinburg,Female,25-34,Participant,No,No,No,Basic,No
1721,2026-02-18,Meeting,Housing,Yekaterinburg,Female,35-44,Participant,No,No,No,Basic,No
2091,2026-02-18,Community Outreach,Local Government,Yekaterinburg,Female,55+,Speaker,No,Yes,No,Visible,No
2903,2026-02-18,Community Outreach,Gender Equality,Yekaterinburg,Female,25-34,Participant,No,No,No,Basic,No
3503,2026-02-18,Community Outreach,Housing,Yekaterinburg,Female,25-34,Speaker,No,Yes,Yes,Visible,No
3532,2026-02-18,Government Interaction,Healthcare,Yekaterinburg,Female,45-54,Participant,No,No,No,Basic,No
103,2026-02-19,Community Outreach,Youth Policy,Yekaterinburg,Female,35-44,Participant,Yes,No,No,Basic,No
212,2026-02-19,Meeting,Economic Policy,Yekaterinburg,Male,35-44,Coordinator,Yes,No,Yes,Leadership,Yes
424,2026-02-19,Educational Event,Transport,Yekaterinburg,Female,18-24,Participant,No,No,No,Basic,No
706,2026-02-19,Meeting,Education,Yekaterinburg,Male,25-34,Participant,No,No,No,Basic,No
1124,2026-02-19,Community Outreach,Social Policy,Yekaterinburg,Female,35-44,Participant,No,No,No,Basic,No
1961,2026-02-19,Media Activity,Entrepreneurship,Yekaterinburg,Male,25-34,Coordinator,No,Yes,Yes,Leadership,Yes
2837,2026-02-19,Community Outreach,Entrepreneurship,Yekaterinburg,Male,25-34,Coordinator,Yes,No,Yes,Leadership,Yes
224,2026-02-20,Meeting,Education,Nizhny Tagil,Male,35-44,Organizer,No,Yes,Yes,Leadership,Yes
267,2026-02-20,Community Outreach,Education,Yekaterinburg,Female,25-34,Participant,No,Yes,No,Basic,No
531,2026-02-20,Survey,Local Government,Yekaterinburg,Male,35-44,Analyst,Yes,No,Yes,Professional,No
532,2026-02-20,Community Outreach,Housing,Pervouralsk,Male,45-54,Organizer,Yes,No,Yes,Leadership,Yes
1081,2026-02-20,Media Activity,Youth Policy,Yekaterinburg,Female,18-24,Volunteer,No,No,No,Basic,No
1542,2026-02-20,Community Outreach,Gender Equality,Yekaterinburg,Female,18-24,Speaker,No,Yes,No,Visible,No
2041,2026-02-20,Campaign Activity,Social Policy,Asbest,Female,35-44,Organizer,Yes,No,Yes,Leadership,Yes
2199,2026-02-20,Government Interaction,Healthcare,Yekaterinburg,Female,45-54,Volunteer,No,No,No,Basic,No
2672,2026-02-20,Public Event,Education,Pervouralsk,Female,45-54,Participant,No,No,No,Basic,No
3200,2026-02-20,Meeting,Economic Policy,Nizhny Tagil,Male,55+,Speaker,No,Yes,No,Visible,No
3568,2026-02-20,Meeting,Entrepreneurship,Yekaterinburg,Male,45-54,Coordinator,Yes,No,Yes,Leadership,Yes
314,2026-02-21,Campaign Activity,Transport,Yekaterinburg,Female,55+,Participant,No,No,No,Basic,No
418,2026-02-21,Campaign Activity,Youth Policy,Nizhny Tagil,Male,25-34,Coordinator,Yes,No,Yes,Leadership,Yes
519,2026-02-21,Public Event,Local Government,Yekaterinburg,Female,35-44,Volunteer,No,No,No,Basic,No
583,2026-02-21,Government Interaction,Economic Policy,Yekaterinburg,Female,18-24,Participant,No,No,No,Basic,No
627,2026-02-21,Community Outreach,Gender Equality,Yekaterinburg,Male,35-44,Volunteer,No,No,Yes,Basic,No
1135,2026-02-21,Educational Event,Healthcare,Yekaterinburg,Male,45-54,Participant,No,No,No,Basic,No
1258,2026-02-21,Community Outreach,Entrepreneurship,Yekaterinburg,Male,25-34,Volunteer,Yes,No,No,Basic,No
2404,2026-02-21,Meeting,Healthcare,Yekaterinburg,Male,45-54,Participant,No,No,No,Basic,No
2749,2026-02-21,Community Outreach,Economic Policy,Yekaterinburg,Male,25-34,Coordinator,Yes,Yes,Yes,Leadership,Yes
3460,2026-02-21,Campaign Activity,Local Government,Yekaterinburg,Male,25-34,Participant,No,No,No,Basic,No
535,2026-02-22,Community Outreach,Housing,Revda,Female,18-24,Participant,No,No,No,Basic,No
628,2026-02-22,Meeting,Gender Equality,Yekaterinburg,Female,35-44,Participant,No,No,No,Basic,No
677,2026-02-22,Campaign Activity,Healthcare,Pervouralsk,Male,35-44,Speaker,Yes,Yes,No,Visible,No
1129,2026-02-22,Community Outreach,Economic Policy,Yekaterinburg,Male,18-24,Participant,No,No,No,Basic,No
1159,2026-02-22,Meeting,Youth Policy,Yekaterinburg,Female,25-34,Participant,No,No,No,Basic,No
1316,2026-02-22,Educational Event,Education,Serov,Male,35-44,Participant,No,No,No,Basic,No
1634,2026-02-22,Campaign Activity,Transport,Pervouralsk,Male,25-34,Participant,No,No,No,Basic,No
1935,2026-02-22,Educational Event,Youth Policy,Yekaterinburg,Male,55+,Coordinator,Yes,Yes,Yes,Leadership,Yes
2505,2026-02-22,Campaign Activity,Social Policy,Serov,Female,25-34,Coordinator,Yes,Yes,Yes,Leadership,Yes
2680,2026-02-22,Meeting,Education,Yekaterinburg,Female,55+,Participant,No,No,No,Basic,No
2957,2026-02-22,Educational Event,Entrepreneurship,Nizhny Tagil,Female,45-54,Participant,No,No,No,Basic,No
502,2026-02-23,Government Interaction,Education,Pervouralsk,Male,18-24,Coordinator,Yes,Yes,Yes,Leadership,Yes
1285,2026-02-23,Educational Event,Transport,Yekaterinburg,Male,25-34,Participant,No,No,No,Basic,No
1929,2026-02-23,Media Activity,Social Policy,Serov,Female,25-34,Volunteer,No,No,No,Basic,No
2239,2026-02-23,Community Outreach,Transport,Nizhny Tagil,Female,35-44,Organizer,No,No,Yes,Leadership,Yes
3545,2026-02-23,Educational Event,Social Policy,Yekaterinburg,Female,35-44,Participant,No,No,No,Basic,No
1107,2026-02-24,Meeting,Youth Policy,Yekaterinburg,Female,18-24,Volunteer,No,No,No,Basic,No
1392,2026-02-24,Educational Event,Gender Equality,Revda,Male,18-24,Participant,No,No,No,Basic,No
1428,2026-02-24,Campaign Activity,Entrepreneurship,Kamensk-Uralsky,Female,35-44,Volunteer,No,No,No,Basic,No
1518,2026-02-24,Survey,Healthcare,Pervouralsk,Male,18-24,Participant,No,No,No,Basic,No
2549,2026-02-24,Media Activity,Healthcare,Yekaterinburg,Female,25-34,Speaker,No,Yes,No,Visible,No
3459,2026-02-24,Community Outreach,Transport,Kamensk-Uralsky,Female,45-54,Speaker,No,Yes,No,Visible,No
3480,2026-02-24,Media Activity,Social Policy,Yekaterinburg,Male,18-24,Participant,Yes,No,No,Basic,No
881,2026-02-25,Campaign Activity,Housing,Yekaterinburg,Female,25-34,Participant,No,No,No,Basic,No
3398,2026-02-25,Campaign Activity,Local Government,Yekaterinburg,Female,25-34,Participant,No,No,No,Basic,No
1633,2026-02-26,Campaign Activity,Youth Policy,Asbest,Male,45-54,Volunteer,No,No,No,Basic,No
1705,2026-02-26,Meeting,Social Policy,Yekaterinburg,Male,55+,Participant,No,No,No,Basic,No
1807,2026-02-26,Campaign Activity,Housing,Yekaterinburg,Female,25-34,Participant,No,No,No,Basic,No
2330,2026-02-26,Meeting,Youth Policy,Asbest,Male,25-34,Organizer,No,No,Yes,Leadership,Yes
3340,2026-02-26,Public Event,Gender Equality,Pervouralsk,Male,18-24,Participant,Yes,No,No,Basic,No
3445,2026-02-26,Media Activity,Education,Yekaterinburg,Male,45-54,Coordinator,No,Yes,Yes,Leadership,Yes
1297,2026-02-27,Public Event,Economic Policy,Nizhny Tagil,Female,25-34,Participant,No,No,No,Basic,No
2042,2026-02-27,Survey,Local Government,Yekaterinburg,Male,35-44,Participant,No,No,No,Basic,No
2989,2026-02-27,Educational Event,Healthcare,Revda,Female,18-24,Volunteer,Yes,No,No,Basic,No
3002,2026-02-27,Meeting,Education,Yekaterinburg,Male,25-34,Coordinator,Yes,Yes,Yes,Leadership,Yes
3389,2026-02-27,Meeting,Healthcare,Nizhny Tagil,Female,18-24,Coordinator,Yes,No,Yes,Leadership,Yes
3410,2026-02-27,Community Outreach,Social Policy,Pervouralsk,Female,35-44,Participant,No,No,No,Basic,No
3518,2026-02-27,Government Interaction,Housing,Yekaterinburg,Female,55+,Coordinator,Yes,No,Yes,Leadership,Yes
1302,2026-02-28,Public Event,Youth Policy,Yekaterinburg,Male,35-44,Analyst,Yes,No,No,Professional,No
2022,2026-02-28,Public Event,Economic Policy,Revda,Female,35-44,Coordinator,No,No,Yes,Leadership,Yes
481,2026-03-01,Campaign Activity,Local Government,Asbest,Female,25-34,Volunteer,No,No,No,Basic,No
1319,2026-03-01,Media Activity,Housing,Asbest,Male,25-34,Speaker,No,Yes,No,Visible,No
1679,2026-03-01,Meeting,Education,Yekaterinburg,Male,35-44,Speaker,Yes,Yes,Yes,Visible,No
3066,2026-03-01,Government Interaction,Local Government,Yekaterinburg,Female,45-54,Speaker,Yes,Yes,No,Visible,No
3112,2026-03-01,Educational Event,Education,Yekaterinburg,Female,25-34,Volunteer,No,No,No,Basic,No
35,2026-03-02,Community Outreach,Entrepreneurship,Yekaterinburg,Female,18-24,Participant,No,No,No,Basic,No
268,2026-03-02,Public Event,Gender Equality,Serov,Female,35-44,Participant,No,No,No,Basic,No
762,2026-03-02,Community Outreach,Education,Yekaterinburg,Female,18-24,Participant,No,No,No,Basic,No
840,2026-03-02,Public Event,Entrepreneurship,Asbest,Male,18-24,Volunteer,No,No,No,Basic,No
2138,2026-03-02,Government Interaction,Transport,Revda,Male,25-34,Participant,No,No,No,Basic,No
2586,2026-03-02,Government Interaction,Economic Policy,Asbest,Female,25-34,Participant,No,No,No,Basic,No
2931,2026-03-02,Public Event,Economic Policy,Kamensk-Uralsky,Male,55+,Coordinator,Yes,Yes,Yes,Leadership,Yes
41,2026-03-03,Public Event,Education,Yekaterinburg,Female,35-44,Participant,No,No,No,Basic,No
1840,2026-03-03,Meeting,Transport,Nizhny Tagil,Male,35-44,Participant,No,No,No,Basic,No
1853,2026-03-03,Survey,Economic Policy,Pervouralsk,Male,18-24,Participant,No,No,No,Basic,No
2436,2026-03-03,Educational Event,Entrepreneurship,Yekaterinburg,Male,18-24,Volunteer,No,No,No,Basic,No
2538,2026-03-03,Meeting,Youth Policy,Yekaterinburg,Female,25-34,Participant,No,No,No,Basic,No
2696,2026-03-03,Survey,Youth Policy,Serov,Female,25-34,Volunteer,No,No,No,Basic,No
2733,2026-03-03,Community Outreach,Gender Equality,Asbest,Male,18-24,Organizer,Yes,No,Yes,Leadership,Yes
544,2026-03-04,Campaign Activity,Entrepreneurship,Yekaterinburg,Male,45-54,Volunteer,No,No,No,Basic,No
552,2026-03-04,Community Outreach,Youth Policy,Yekaterinburg,Female,45-54,Participant,No,Yes,No,Basic,No
2596,2026-03-04,Campaign Activity,Social Policy,Yekaterinburg,Male,45-54,Speaker,No,Yes,No,Visible,No
3220,2026-03-04,Media Activity,Entrepreneurship,Nizhny Tagil,Female,35-44,Participant,No,No,No,Basic,No
904,2026-03-05,Campaign Activity,Education,Yekaterinburg,Male,25-34,Organizer,Yes,No,Yes,Leadership,Yes
998,2026-03-05,Meeting,Healthcare,Yekaterinburg,Female,45-54,Participant,No,No,No,Basic,No
1461,2026-03-05,Meeting,Transport,Asbest,Male,18-24,Participant,No,No,No,Basic,No
1828,2026-03-05,Educational Event,Transport,Yekaterinburg,Male,18-24,Participant,No,No,No,Basic,No
3286,2026-03-05,Media Activity,Healthcare,Yekaterinburg,Male,35-44,Participant,No,No,No,Basic,No
3301,2026-03-05,Campaign Activity,Education,Yekaterinburg,Male,18-24,Participant,No,No,No,Basic,No
31,2026-03-06,Meeting,Entrepreneurship,Yekaterinburg,Male,25-34,Participant,No,No,No,Basic,No
717,2026-03-06,Media Activity,Gender Equality,Yekaterinburg,Male,25-34,Volunteer,No,No,No,Basic,No
912,2026-03-06,Community Outreach,Transport,Pervouralsk,Male,25-34,Participant,Yes,No,No,Basic,No
979,2026-03-06,Community Outreach,Economic Policy,Yekaterinburg,Male,45-54,Participant,Yes,No,No,Basic,No
1315,2026-03-06,Campaign Activity,Education,Nizhny Tagil,Female,55+,Participant,No,No,No,Basic,No
1380,2026-03-06,Media Activity,Gender Equality,Yekaterinburg,Female,45-54,Coordinator,Yes,Yes,Yes,Leadership,Yes
1474,2026-03-06,Community Outreach,Education,Kamensk-Uralsky,Male,35-44,Participant,No,No,No,Basic,No
2051,2026-03-06,Educational Event,Economic Policy,Yekaterinburg,Male,35-44,Participant,No,No,No,Basic,No
2349,2026-03-06,Campaign Activity,Education,Yekaterinburg,Female,45-54,Participant,No,No,No,Basic,No
2618,2026-03-06,Government Interaction,Social Policy,Yekaterinburg,Male,45-54,Analyst,Yes,No,No,Professional,No
3329,2026-03-06,Public Event,Housing,Yekaterinburg,Male,25-34,Volunteer,No,No,No,Basic,No
771,2026-03-07,Public Event,Social Policy,Yekaterinburg,Female,18-24,Participant,No,No,No,Basic,No
1723,2026-03-07,Educational Event,Healthcare,Yekaterinburg,Male,45-54,Participant,No,No,No,Basic,No
1743,2026-03-07,Educational Event,Healthcare,Yekaterinburg,Female,25-34,Participant,Yes,No,No,Basic,No
901,2026-03-08,Meeting,Gender Equality,Yekaterinburg,Female,45-54,Speaker,No,Yes,No,Visible,No
1756,2026-03-08,Media Activity,Education,Yekaterinburg,Male,45-54,Speaker,No,Yes,No,Visible,No
3239,2026-03-08,Media Activity,Transport,Asbest,Female,55+,Participant,No,No,No,Basic,No
2024,2026-03-09,Community Outreach,Social Policy,Kamensk-Uralsky,Female,35-44,Participant,No,No,No,Basic,No
2315,2026-03-09,Public Event,Entrepreneurship,Yekaterinburg,Female,18-24,Analyst,No,No,No,Professional,No
2645,2026-03-09,Meeting,Transport,Pervouralsk,Female,45-54,Coordinator,No,No,Yes,Leadership,Yes
2860,2026-03-09,Government Interaction,Entrepreneurship,Yekaterinburg,Female,25-34,Participant,No,No,No,Basic,No
514,2026-03-10,Community Outreach,Transport,Kamensk-Uralsky,Female,18-24,Participant,No,No,No,Basic,No
596,2026-03-10,Community Outreach,Youth Policy,Yekaterinburg,Female,25-34,Participant,No,No,No,Basic,No
612,2026-03-10,Campaign Activity,Transport,Nizhny Tagil,Male,25-34,Coordinator,Yes,Yes,Yes,Leadership,Yes
1394,2026-03-10,Campaign Activity,Youth Policy,Yekaterinburg,Female,25-34,Participant,No,No,No,Basic,No
2060,2026-03-10,Survey,Gender Equality,Yekaterinburg,Female,25-34,Analyst,No,No,No,Professional,No
2356,2026-03-10,Community Outreach,Entrepreneurship,Yekaterinburg,Male,25-34,Participant,No,No,No,Basic,No
555,2026-03-11,Community Outreach,Economic Policy,Yekaterinburg,Female,45-54,Coordinator,No,Yes,Yes,Leadership,Yes
972,2026-03-11,Educational Event,Entrepreneurship,Yekaterinburg,Female,18-24,Participant,No,No,No,Basic,No
984,2026-03-11,Media Activity,Economic Policy,Pervouralsk,Female,35-44,Participant,No,No,No,Basic,No
997,2026-03-11,Campaign Activity,Education,Yekaterinburg,Male,25-34,Volunteer,No,No,Yes,Basic,No
1001,2026-03-11,Community Outreach,Social Policy,Nizhny Tagil,Female,35-44,Participant,Yes,No,No,Basic,No
1310,2026-03-11,Public Event,Education,Yekaterinburg,Male,25-34,Coordinator,Yes,No,Yes,Leadership,Yes
1684,2026-03-11,Campaign Activity,Economic Policy,Serov,Female,35-44,Participant,No,No,No,Basic,No
1922,2026-03-11,Public Event,Local Government,Pervouralsk,Female,25-34,Organizer,Yes,No,Yes,Leadership,Yes
2553,2026-03-11,Campaign Activity,Youth Policy,Yekaterinburg,Male,45-54,Volunteer,Yes,No,No,Basic,No
2655,2026-03-11,Media Activity,Education,Yekaterinburg,Female,18-24,Volunteer,No,No,No,Basic,No
2748,2026-03-11,Government Interaction,Economic Policy,Yekaterinburg,Female,25-34,Participant,No,No,No,Basic,No
2996,2026-03-11,Campaign Activity,Local Government,Kamensk-Uralsky,Male,18-24,Speaker,No,Yes,No,Visible,No
778,2026-03-12,Meeting,Gender Equality,Pervouralsk,Female,35-44,Participant,No,No,No,Basic,No
1614,2026-03-12,Media Activity,Youth Policy,Yekaterinburg,Female,25-34,Participant,No,No,No,Basic,No
1762,2026-03-12,Meeting,Education,Nizhny Tagil,Female,18-24,Volunteer,Yes,No,No,Basic,No
1793,2026-03-12,Media Activity,Economic Policy,Yekaterinburg,Female,25-34,Analyst,Yes,No,No,Professional,No
2279,2026-03-12,Government Interaction,Economic Policy,Yekaterinburg,Male,18-24,Participant,No,No,No,Basic,No
2529,2026-03-12,Community Outreach,Education,Kamensk-Uralsky,Male,18-24,Participant,No,No,No,Basic,No
2900,2026-03-12,Community Outreach,Gender Equality,Revda,Female,18-24,Participant,No,No,No,Basic,No
3471,2026-03-12,Government Interaction,Economic Policy,Nizhny Tagil,Female,18-24,Participant,No,No,No,Basic,No
1311,2026-03-13,Meeting,Transport,Yekaterinburg,Female,35-44,Participant,No,No,No,Basic,No
1648,2026-03-13,Public Event,Economic Policy,Kamensk-Uralsky,Male,25-34,Participant,No,No,No,Basic,No
263,2026-03-14,Government Interaction,Housing,Nizhny Tagil,Female,25-34,Volunteer,No,No,No,Basic,No
549,2026-03-14,Campaign Activity,Local Government,Yekaterinburg,Male,25-34,Participant,No,No,No,Basic,No
1589,2026-03-14,Educational Event,Youth Policy,Yekaterinburg,Female,35-44,Participant,No,No,No,Basic,No
2223,2026-03-14,Government Interaction,Education,Yekaterinburg,Female,25-34,Participant,No,No,No,Basic,No
2398,2026-03-14,Educational Event,Social Policy,Nizhny Tagil,Female,18-24,Analyst,Yes,No,Yes,Professional,No
2490,2026-03-14,Government Interaction,Entrepreneurship,Nizhny Tagil,Male,35-44,Speaker,No,Yes,No,Visible,No
2978,2026-03-14,Survey,Housing,Yekaterinburg,Male,18-24,Speaker,No,Yes,No,Visible,No
3150,2026-03-14,Government Interaction,Gender Equality,Yekaterinburg,Female,25-34,Participant,No,No,No,Basic,No
193,2026-03-15,Meeting,Gender Equality,Yekaterinburg,Female,25-34,Participant,No,No,No,Basic,No
781,2026-03-15,Community Outreach,Housing,Yekaterinburg,Female,25-34,Volunteer,Yes,No,No,Basic,No
869,2026-03-15,Media Activity,Local Government,Yekaterinburg,Female,18-24,Participant,No,No,No,Basic,No
1477,2026-03-15,Community Outreach,Housing,Yekaterinburg,Female,25-34,Speaker,No,Yes,No,Visible,No
1583,2026-03-15,Meeting,Entrepreneurship,Yekaterinburg,Female,35-44,Participant,No,No,No,Basic,No
1609,2026-03-15,Meeting,Entrepreneurship,Revda,Female,18-24,Participant,No,No,No,Basic,No
2368,2026-03-15,Public Event,Local Government,Kamensk-Uralsky,Female,25-34,Participant,Yes,No,No,Basic,No
3374,2026-03-15,Media Activity,Housing,Yekaterinburg,Female,25-34,Participant,No,No,No,Basic,No
33,2026-03-16,Community Outreach,Social Policy,Yekaterinburg,Female,55+,Participant,No,No,No,Basic,No
242,2026-03-16,Community Outreach,Housing,Yekaterinburg,Male,25-34,Participant,No,No,No,Basic,No
541,2026-03-16,Campaign Activity,Local Government,Asbest,Male,35-44,Coordinator,No,Yes,Yes,Leadership,Yes
661,2026-03-16,Media Activity,Gender Equality,Yekaterinburg,Female,25-34,Volunteer,No,No,No,Basic,No
1322,2026-03-16,Meeting,Gender Equality,Yekaterinburg,Female,25-34,Participant,No,No,No,Basic,No
2131,2026-03-16,Public Event,Youth Policy,Yekaterinburg,Female,35-44,Participant,No,No,No,Basic,No
2949,2026-03-16,Government Interaction,Local Government,Yekaterinburg,Male,35-44,Participant,No,No,No,Basic,No
3165,2026-03-16,Public Event,Youth Policy,Yekaterinburg,Male,25-34,Participant,No,No,No,Basic,No
3189,2026-03-16,Survey,Youth Policy,Yekaterinburg,Female,25-34,Participant,No,No,No,Basic,No
3385,2026-03-16,Public Event,Transport,Yekaterinburg,Female,25-34,Participant,No,No,No,Basic,No
120,2026-03-17,Community Outreach,Housing,Serov,Male,25-34,Coordinator,Yes,Yes,Yes,Leadership,Yes
453,2026-03-17,Community Outreach,Gender Equality,Kamensk-Uralsky,Male,18-24,Speaker,No,Yes,No,Visible,No
617,2026-03-17,Government Interaction,Transport,Yekaterinburg,Male,55+,Participant,Yes,No,No,Basic,No
1189,2026-03-17,Meeting,Entrepreneurship,Yekaterinburg,Female,18-24,Volunteer,No,No,No,Basic,No
3147,2026-03-17,Community Outreach,Economic Policy,Yekaterinburg,Male,35-44,Participant,No,No,No,Basic,No
164,2026-03-18,Public Event,Housing,Yekaterinburg,Female,35-44,Coordinator,Yes,Yes,Yes,Leadership,Yes
173,2026-03-18,Government Interaction,Local Government,Yekaterinburg,Female,35-44,Organizer,Yes,No,Yes,Leadership,Yes
666,2026-03-18,Community Outreach,Local Government,Nizhny Tagil,Male,25-34,Volunteer,No,No,No,Basic,No
876,2026-03-18,Government Interaction,Social Policy,Yekaterinburg,Male,35-44,Volunteer,No,No,No,Basic,No
1050,2026-03-18,Campaign Activity,Entrepreneurship,Nizhny Tagil,Female,25-34,Volunteer,No,No,No,Basic,No
1381,2026-03-18,Media Activity,Housing,Nizhny Tagil,Female,35-44,Participant,No,No,No,Basic,No
1726,2026-03-18,Meeting,Youth Policy,Asbest,Female,35-44,Volunteer,No,No,No,Basic,No
1901,2026-03-18,Meeting,Youth Policy,Yekaterinburg,Male,18-24,Participant,No,No,No,Basic,No
1949,2026-03-18,Government Interaction,Healthcare,Yekaterinburg,Female,18-24,Participant,No,No,No,Basic,No
2019,2026-03-18,Community Outreach,Education,Yekaterinburg,Male,25-34,Coordinator,No,Yes,Yes,Leadership,Yes
2111,2026-03-18,Survey,Transport,Yekaterinburg,Male,18-24,Organizer,Yes,Yes,Yes,Leadership,Yes
2251,2026-03-18,Media Activity,Transport,Yekaterinburg,Male,35-44,Volunteer,No,No,No,Basic,No
2522,2026-03-18,Campaign Activity,Social Policy,Yekaterinburg,Male,35-44,Participant,No,No,No,Basic,No
3027,2026-03-18,Community Outreach,Housing,Revda,Female,25-34,Speaker,No,Yes,No,Visible,No
3542,2026-03-18,Government Interaction,Entrepreneurship,Yekaterinburg,Male,25-34,Participant,No,No,No,Basic,No
562,2026-03-19,Public Event,Youth Policy,Yekaterinburg,Female,25-34,Speaker,No,Yes,No,Visible,No
768,2026-03-19,Community Outreach,Transport,Pervouralsk,Female,25-34,Organizer,No,No,Yes,Leadership,Yes
1511,2026-03-19,Meeting,Entrepreneurship,Yekaterinburg,Female,55+,Participant,No,No,No,Basic,No
2724,2026-03-19,Meeting,Education,Yekaterinburg,Female,18-24,Participant,No,No,No,Basic,No
167,2026-03-20,Community Outreach,Transport,Pervouralsk,Male,18-24,Analyst,No,No,No,Professional,No
897,2026-03-20,Community Outreach,Social Policy,Pervouralsk,Female,25-34,Speaker,No,Yes,No,Visible,No
1625,2026-03-20,Community Outreach,Housing,Yekaterinburg,Female,25-34,Participant,No,No,No,Basic,No
1889,2026-03-20,Campaign Activity,Transport,Yekaterinburg,Male,25-34,Participant,No,No,No,Basic,No
1973,2026-03-20,Community Outreach,Social Policy,Revda,Male,25-34,Organizer,Yes,No,Yes,Leadership,Yes
2257,2026-03-20,Community Outreach,Gender Equality,Yekaterinburg,Male,35-44,Coordinator,Yes,No,Yes,Leadership,Yes
100,2026-03-21,Campaign Activity,Gender Equality,Asbest,Male,35-44,Participant,No,No,No,Basic,No
646,2026-03-21,Public Event,Economic Policy,Yekaterinburg,Male,55+,Participant,No,No,No,Basic,No
906,2026-03-21,Campaign Activity,Youth Policy,Nizhny Tagil,Male,35-44,Organizer,No,No,Yes,Leadership,Yes
1290,2026-03-21,Media Activity,Healthcare,Yekaterinburg,Male,18-24,Participant,No,No,No,Basic,No
1505,2026-03-21,Educational Event,Education,Kamensk-Uralsky,Male,45-54,Analyst,Yes,No,No,Professional,No
2100,2026-03-21,Meeting,Housing,Yekaterinburg,Female,35-44,Participant,No,No,No,Basic,No
2565,2026-03-21,Educational Event,Youth Policy,Yekaterinburg,Male,25-34,Organizer,Yes,No,Yes,Leadership,Yes
2846,2026-03-21,Meeting,Healthcare,Yekaterinburg,Male,25-34,Coordinator,Yes,No,Yes,Leadership,Yes
954,2026-03-22,Government Interaction,Education,Yekaterinburg,Female,55+,Participant,No,No,No,Basic,No
1060,2026-03-22,Meeting,Healthcare,Asbest,Male,18-24,Participant,No,No,No,Basic,No
1225,2026-03-22,Campaign Activity,Gender Equality,Nizhny Tagil,Female,18-24,Participant,No,No,No,Basic,No
1320,2026-03-22,Campaign Activity,Transport,Yekaterinburg,Male,55+,Participant,No,No,No,Basic,No
2707,2026-03-22,Government Interaction,Youth Policy,Yekaterinburg,Male,25-34,Speaker,Yes,Yes,No,Visible,No
3324,2026-03-22,Community Outreach,Local Government,Yekaterinburg,Male,35-44,Participant,No,No,No,Basic,No
138,2026-03-23,Government Interaction,Social Policy,Pervouralsk,Male,55+,Analyst,No,No,No,Professional,No
352,2026-03-23,Media Activity,Healthcare,Yekaterinburg,Female,18-24,Coordinator,Yes,No,Yes,Leadership,Yes
406,2026-03-23,Meeting,Local Government,Pervouralsk,Male,35-44,Coordinator,Yes,Yes,Yes,Leadership,Yes
1080,2026-03-23,Educational Event,Economic Policy,Nizhny Tagil,Female,18-24,Participant,No,No,No,Basic,No
1446,2026-03-23,Media Activity,Entrepreneurship,Yekaterinburg,Male,25-34,Volunteer,No,No,No,Basic,No
1867,2026-03-23,Survey,Healthcare,Yekaterinburg,Male,18-24,Organizer,Yes,No,Yes,Leadership,Yes
2622,2026-03-23,Public Event,Education,Yekaterinburg,Male,35-44,Speaker,No,Yes,No,Visible,No
3089,2026-03-23,Community Outreach,Entrepreneurship,Yekaterinburg,Male,25-34,Analyst,Yes,No,No,Professional,No
3401,2026-03-23,Survey,Housing,Nizhny Tagil,Female,35-44,Volunteer,No,Yes,No,Basic,No
195,2026-03-24,Community Outreach,Housing,Yekaterinburg,Female,25-34,Participant,No,No,No,Basic,No
1463,2026-03-24,Public Event,Housing,Yekaterinburg,Female,45-54,Participant,No,No,No,Basic,No
2090,2026-03-24,Educational Event,Social Policy,Pervouralsk,Female,45-54,Participant,No,No,No,Basic,No
2753,2026-03-24,Survey,Gender Equality,Pervouralsk,Male,45-54,Participant,No,No,No,Basic,No
2861,2026-03-25,Public Event,Education,Revda,Female,35-44,Participant,No,No,No,Basic,No
3010,2026-03-25,Meeting,Economic Policy,Yekaterinburg,Male,35-44,Coordinator,Yes,Yes,Yes,Leadership,Yes
3181,2026-03-25,Campaign Activity,Entrepreneurship,Yekaterinburg,Male,18-24,Speaker,Yes,Yes,No,Visible,No
3433,2026-03-25,Public Event,Transport,Yekaterinburg,Male,18-24,Participant,No,No,No,Basic,No
48,2026-03-26,Campaign Activity,Healthcare,Yekaterinburg,Female,25-34,Volunteer,No,No,No,Basic,No
118,2026-03-26,Survey,Transport,Yekaterinburg,Male,35-44,Participant,No,No,No,Basic,No
564,2026-03-26,Campaign Activity,Social Policy,Pervouralsk,Male,18-24,Participant,No,No,No,Basic,No
832,2026-03-26,Educational Event,Entrepreneurship,Yekaterinburg,Male,25-34,Coordinator,Yes,Yes,Yes,Leadership,Yes
1268,2026-03-26,Public Event,Gender Equality,Yekaterinburg,Male,45-54,Volunteer,No,No,No,Basic,No
2036,2026-03-26,Government Interaction,Youth Policy,Revda,Male,35-44,Volunteer,Yes,No,No,Basic,No
2489,2026-03-26,Campaign Activity,Social Policy,Yekaterinburg,Female,25-34,Volunteer,No,No,No,Basic,No
2997,2026-03-26,Public Event,Youth Policy,Yekaterinburg,Male,18-24,Analyst,Yes,No,No,Professional,No
296,2026-03-27,Community Outreach,Economic Policy,Yekaterinburg,Male,35-44,Analyst,No,No,Yes,Professional,No
991,2026-03-27,Public Event,Education,Yekaterinburg,Male,18-24,Volunteer,No,No,Yes,Basic,No
1562,2026-03-27,Media Activity,Local Government,Yekaterinburg,Male,35-44,Coordinator,Yes,No,Yes,Leadership,Yes
1758,2026-03-27,Campaign Activity,Social Policy,Yekaterinburg,Male,55+,Participant,No,No,No,Basic,No
1832,2026-03-27,Campaign Activity,Social Policy,Yekaterinburg,Male,35-44,Analyst,Yes,No,No,Professional,No
2353,2026-03-27,Campaign Activity,Education,Yekaterinburg,Female,25-34,Participant,No,No,No,Basic,No
2513,2026-03-27,Public Event,Local Government,Pervouralsk,Female,55+,Volunteer,No,No,No,Basic,No
2685,2026-03-27,Educational Event,Education,Serov,Female,25-34,Participant,No,Yes,No,Basic,No
2864,2026-03-27,Public Event,Youth Policy,Kamensk-Uralsky,Female,18-24,Participant,No,No,No,Basic,No
449,2026-03-28,Campaign Activity,Healthcare,Yekaterinburg,Female,55+,Participant,No,No,No,Basic,No
488,2026-03-28,Community Outreach,Healthcare,Yekaterinburg,Female,18-24,Participant,No,No,No,Basic,No
554,2026-03-28,Community Outreach,Economic Policy,Yekaterinburg,Male,35-44,Coordinator,Yes,Yes,Yes,Leadership,Yes
1504,2026-03-28,Community Outreach,Gender Equality,Pervouralsk,Female,55+,Analyst,Yes,No,No,Professional,No
2203,2026-03-28,Survey,Healthcare,Pervouralsk,Male,25-34,Analyst,Yes,No,No,Professional,No
2611,2026-03-28,Meeting,Local Government,Yekaterinburg,Male,45-54,Speaker,No,Yes,No,Visible,No
2640,2026-03-28,Community Outreach,Healthcare,Asbest,Female,25-34,Volunteer,No,No,No,Basic,No
3204,2026-03-28,Campaign Activity,Education,Revda,Male,55+,Volunteer,No,No,No,Basic,No
345,2026-03-29,Meeting,Entrepreneurship,Pervouralsk,Male,25-34,Coordinator,Yes,Yes,Yes,Leadership,Yes
681,2026-03-29,Meeting,Economic Policy,Yekaterinburg,Female,25-34,Analyst,Yes,Yes,No,Professional,No
1714,2026-03-29,Community Outreach,Youth Policy,Yekaterinburg,Male,25-34,Participant,No,No,No,Basic,No
2272,2026-03-29,Public Event,Gender Equality,Yekaterinburg,Male,55+,Coordinator,No,No,Yes,Leadership,Yes
2795,2026-03-29,Community Outreach,Entrepreneurship,Pervouralsk,Male,25-34,Participant,No,No,No,Basic,No
2913,2026-03-29,Meeting,Healthcare,Revda,Male,55+,Volunteer,Yes,No,No,Basic,No
3492,2026-03-29,Community Outreach,Gender Equality,Yekaterinburg,Female,55+,Volunteer,No,No,No,Basic,No
955,2026-03-30,Public Event,Youth Policy,Nizhny Tagil,Male,55+,Coordinator,Yes,No,Yes,Leadership,Yes
1630,2026-03-30,Public Event,Housing,Pervouralsk,Female,25-34,Coordinator,Yes,No,Yes,Leadership,Yes
1894,2026-03-30,Campaign Activity,Education,Yekaterinburg,Female,45-54,Participant,No,No,No,Basic,No
2775,2026-03-30,Public Event,Education,Yekaterinburg,Male,35-44,Coordinator,Yes,Yes,Yes,Leadership,Yes
3216,2026-03-30,Meeting,Transport,Yekaterinburg,Male,45-54,Coordinator,Yes,Yes,Yes,Leadership,Yes
3272,2026-03-30,Community Outreach,Housing,Yekaterinburg,Male,55+,Analyst,No,No,No,Professional,No
466,2026-03-31,Survey,Transport,Yekaterinburg,Male,18-24,Volunteer,No,No,No,Basic,No
2387,2026-03-31,Meeting,Housing,Yekaterinburg,Male,45-54,Analyst,No,Yes,No,Professional,No
3033,2026-03-31,Educational Event,Local Government,Kamensk-Uralsky,Female,18-24,Participant,No,No,No,Basic,No
211,2026-04-01,Community Outreach,Entrepreneurship,Revda,Male,35-44,Participant,No,No,No,Basic,No
1207,2026-04-01,Campaign Activity,Gender Equality,Yekaterinburg,Male,18-24,Participant,No,No,No,Basic,No
2369,2026-04-01,Community Outreach,Youth Policy,Pervouralsk,Female,45-54,Analyst,Yes,No,No,Professional,No
2639,2026-04-01,Educational Event,Housing,Revda,Male,35-44,Participant,No,No,No,Basic,No
2755,2026-04-01,Public Event,Gender Equality,Pervouralsk,Male,18-24,Speaker,Yes,Yes,No,Visible,No
3178,2026-04-01,Community Outreach,Local Government,Serov,Female,55+,Coordinator,Yes,Yes,Yes,Leadership,Yes
3230,2026-04-01,Survey,Social Policy,Pervouralsk,Male,18-24,Participant,No,No,No,Basic,No
509,2026-04-02,Media Activity,Transport,Nizhny Tagil,Male,45-54,Participant,No,No,No,Basic,No
737,2026-04-02,Meeting,Healthcare,Yekaterinburg,Female,18-24,Participant,No,No,No,Basic,No
898,2026-04-02,Community Outreach,Local Government,Kamensk-Uralsky,Female,25-34,Organizer,Yes,Yes,Yes,Leadership,Yes
2472,2026-04-02,Meeting,Transport,Yekaterinburg,Male,45-54,Analyst,Yes,No,No,Professional,No
3549,2026-04-02,Government Interaction,Healthcare,Yekaterinburg,Female,25-34,Participant,No,No,No,Basic,No
525,2026-04-03,Media Activity,Transport,Yekaterinburg,Female,55+,Volunteer,No,No,No,Basic,No
655,2026-04-03,Educational Event,Gender Equality,Serov,Male,35-44,Organizer,Yes,No,Yes,Leadership,Yes
1561,2026-04-03,Media Activity,Gender Equality,Yekaterinburg,Male,25-34,Participant,No,Yes,No,Basic,No
1966,2026-04-03,Public Event,Youth Policy,Yekaterinburg,Female,35-44,Volunteer,No,No,No,Basic,No
2855,2026-04-03,Government Interaction,Gender Equality,Yekaterinburg,Male,25-34,Coordinator,Yes,Yes,Yes,Leadership,Yes
3411,2026-04-03,Meeting,Transport,Nizhny Tagil,Male,25-34,Analyst,Yes,No,Yes,Professional,No
74,2026-04-04,Campaign Activity,Local Government,Nizhny Tagil,Female,35-44,Participant,No,No,No,Basic,No
779,2026-04-04,Educational Event,Local Government,Nizhny Tagil,Male,45-54,Participant,No,No,No,Basic,No
1660,2026-04-04,Meeting,Youth Policy,Yekaterinburg,Female,45-54,Participant,No,No,No,Basic,No
1869,2026-04-04,Community Outreach,Entrepreneurship,Nizhny Tagil,Male,25-34,Analyst,No,Yes,No,Professional,No
1967,2026-04-04,Government Interaction,Education,Yekaterinburg,Male,35-44,Speaker,No,Yes,No,Visible,No
2268,2026-04-04,Government Interaction,Youth Policy,Nizhny Tagil,Male,18-24,Coordinator,Yes,Yes,Yes,Leadership,Yes
2653,2026-04-04,Campaign Activity,Housing,Yekaterinburg,Male,45-54,Analyst,No,No,Yes,Professional,No
3583,2026-04-04,Government Interaction,Social Policy,Pervouralsk,Female,25-34,Analyst,No,No,No,Professional,No
140,2026-04-05,Campaign Activity,Local Government,Yekaterinburg,Female,35-44,Participant,No,No,No,Basic,No
602,2026-04-05,Survey,Youth Policy,Yekaterinburg,Male,18-24,Participant,No,No,No,Basic,No
673,2026-04-05,Survey,Gender Equality,Revda,Male,45-54,Participant,No,No,No,Basic,No
2601,2026-04-05,Community Outreach,Social Policy,Serov,Female,18-24,Volunteer,No,No,No,Basic,No
2814,2026-04-05,Media Activity,Education,Asbest,Female,35-44,Participant,No,No,No,Basic,No
3018,2026-04-05,Educational Event,Housing,Revda,Female,25-34,Coordinator,No,No,Yes,Leadership,Yes
3595,2026-04-05,Survey,Education,Pervouralsk,Female,25-34,Participant,No,No,No,Basic,No
710,2026-04-06,Community Outreach,Gender Equality,Pervouralsk,Male,25-34,Coordinator,Yes,Yes,Yes,Leadership,Yes
1891,2026-04-06,Public Event,Gender Equality,Yekaterinburg,Female,45-54,Volunteer,Yes,No,No,Basic,No
2254,2026-04-06,Public Event,Gender Equality,Yekaterinburg,Male,25-34,Participant,No,No,No,Basic,No
2773,2026-04-06,Media Activity,Economic Policy,Yekaterinburg,Male,55+,Organizer,Yes,Yes,Yes,Leadership,Yes
382,2026-04-07,Campaign Activity,Education,Yekaterinburg,Male,18-24,Participant,No,No,No,Basic,No
798,2026-04-07,Survey,Economic Policy,Yekaterinburg,Female,25-34,Participant,No,No,No,Basic,No
1226,2026-04-07,Campaign Activity,Transport,Nizhny Tagil,Male,35-44,Speaker,Yes,Yes,No,Visible,No
1492,2026-04-07,Survey,Education,Yekaterinburg,Male,35-44,Organizer,Yes,No,Yes,Leadership,Yes
1777,2026-04-07,Public Event,Youth Policy,Serov,Male,25-34,Participant,Yes,No,No,Basic,No
2066,2026-04-07,Government Interaction,Social Policy,Yekaterinburg,Male,25-34,Speaker,No,Yes,No,Visible,No
2396,2026-04-07,Campaign Activity,Transport,Nizhny Tagil,Male,45-54,Analyst,Yes,No,No,Professional,No
221,2026-04-08,Survey,Education,Asbest,Female,25-34,Volunteer,No,No,No,Basic,No
1078,2026-04-08,Meeting,Housing,Yekaterinburg,Male,25-34,Coordinator,Yes,Yes,Yes,Leadership,Yes
1727,2026-04-08,Community Outreach,Gender Equality,Nizhny Tagil,Female,25-34,Volunteer,No,No,No,Basic,No
2402,2026-04-08,Meeting,Youth Policy,Yekaterinburg,Male,18-24,Speaker,No,Yes,No,Visible,No
2754,2026-04-08,Campaign Activity,Housing,Yekaterinburg,Female,35-44,Volunteer,No,No,No,Basic,No
2908,2026-04-08,Meeting,Healthcare,Kamensk-Uralsky,Female,35-44,Organizer,Yes,Yes,Yes,Leadership,Yes
3533,2026-04-08,Meeting,Social Policy,Yekaterinburg,Male,25-34,Speaker,No,Yes,No,Visible,No
511,2026-04-09,Campaign Activity,Education,Pervouralsk,Female,25-34,Volunteer,No,No,Yes,Basic,No
685,2026-04-09,Educational Event,Education,Yekaterinburg,Male,55+,Organizer,Yes,Yes,Yes,Leadership,Yes
1508,2026-04-09,Public Event,Housing,Yekaterinburg,Female,25-34,Volunteer,No,No,No,Basic,No
2954,2026-04-09,Meeting,Transport,Asbest,Male,35-44,Participant,No,No,No,Basic,No
3248,2026-04-09,Campaign Activity,Transport,Nizhny Tagil,Male,25-34,Volunteer,No,No,No,Basic,No
3378,2026-04-09,Meeting,Transport,Serov,Male,45-54,Participant,No,No,No,Basic,No
615,2026-04-10,Community Outreach,Gender Equality,Yekaterinburg,Female,45-54,Volunteer,No,No,No,Basic,No
1120,2026-04-10,Meeting,Youth Policy,Yekaterinburg,Male,18-24,Participant,No,No,No,Basic,No
1478,2026-04-10,Meeting,Education,Yekaterinburg,Male,25-34,Volunteer,Yes,No,No,Basic,No
64,2026-04-11,Government Interaction,Education,Kamensk-Uralsky,Male,35-44,Participant,No,No,No,Basic,No
642,2026-04-11,Educational Event,Housing,Yekaterinburg,Male,25-34,Participant,No,No,No,Basic,No
397,2026-04-12,Meeting,Gender Equality,Yekaterinburg,Male,45-54,Volunteer,No,No,No,Basic,No
973,2026-04-12,Meeting,Transport,Asbest,Female,55+,Participant,No,No,No,Basic,No
1435,2026-04-12,Community Outreach,Youth Policy,Yekaterinburg,Female,35-44,Organizer,No,Yes,Yes,Leadership,Yes
273,2026-04-13,Meeting,Healthcare,Revda,Female,18-24,Participant,No,Yes,No,Basic,No
820,2026-04-13,Community Outreach,Entrepreneurship,Serov,Female,35-44,Coordinator,No,Yes,Yes,Leadership,Yes
1595,2026-04-13,Educational Event,Economic Policy,Kamensk-Uralsky,Male,45-54,Volunteer,No,No,No,Basic,No
2774,2026-04-13,Government Interaction,Healthcare,Pervouralsk,Female,25-34,Organizer,No,No,Yes,Leadership,Yes
2793,2026-04-13,Public Event,Social Policy,Pervouralsk,Male,45-54,Organizer,Yes,Yes,Yes,Leadership,Yes
2987,2026-04-13,Meeting,Gender Equality,Yekaterinburg,Female,18-24,Speaker,No,Yes,No,Visible,No
3575,2026-04-13,Campaign Activity,Social Policy,Pervouralsk,Female,55+,Speaker,No,Yes,No,Visible,No
1482,2026-04-14,Community Outreach,Healthcare,Yekaterinburg,Female,18-24,Participant,No,No,No,Basic,No
2211,2026-04-14,Community Outreach,Entrepreneurship,Pervouralsk,Male,55+,Analyst,No,No,No,Professional,No
2299,2026-04-14,Community Outreach,Housing,Nizhny Tagil,Female,18-24,Analyst,No,No,No,Professional,No
2681,2026-04-14,Survey,Housing,Yekaterinburg,Male,45-54,Speaker,Yes,Yes,No,Visible,No
2965,2026-04-14,Campaign Activity,Gender Equality,Yekaterinburg,Female,35-44,Speaker,No,Yes,No,Visible,No
3037,2026-04-14,Meeting,Housing,Yekaterinburg,Male,35-44,Speaker,No,Yes,No,Visible,No
3598,2026-04-14,Educational Event,Social Policy,Yekaterinburg,Male,25-34,Participant,No,No,No,Basic,No
366,2026-04-15,Meeting,Social Policy,Yekaterinburg,Female,35-44,Participant,No,No,No,Basic,No
1164,2026-04-15,Community Outreach,Education,Yekaterinburg,Female,25-34,Participant,No,No,No,Basic,No
1408,2026-04-15,Government Interaction,Gender Equality,Nizhny Tagil,Female,55+,Participant,No,No,No,Basic,No
1798,2026-04-15,Campaign Activity,Economic Policy,Yekaterinburg,Female,18-24,Participant,No,No,No,Basic,No
1806,2026-04-15,Government Interaction,Transport,Pervouralsk,Male,45-54,Coordinator,No,Yes,Yes,Leadership,Yes
1865,2026-04-15,Meeting,Housing,Yekaterinburg,Male,45-54,Organizer,Yes,No,Yes,Leadership,Yes
2765,2026-04-15,Educational Event,Local Government,Revda,Female,35-44,Participant,No,No,No,Basic,No
909,2026-04-16,Survey,Economic Policy,Yekaterinburg,Female,25-34,Participant,No,No,No,Basic,No
1958,2026-04-16,Campaign Activity,Youth Policy,Yekaterinburg,Female,45-54,Participant,No,No,No,Basic,No
2465,2026-04-16,Campaign Activity,Economic Policy,Serov,Female,25-34,Participant,No,No,No,Basic,No
3222,2026-04-16,Media Activity,Entrepreneurship,Yekaterinburg,Male,25-34,Participant,No,No,No,Basic,No
445,2026-04-17,Community Outreach,Healthcare,Nizhny Tagil,Female,55+,Coordinator,Yes,Yes,Yes,Leadership,Yes
463,2026-04-17,Meeting,Youth Policy,Yekaterinburg,Male,35-44,Participant,No,No,No,Basic,No
971,2026-04-17,Public Event,Gender Equality,Nizhny Tagil,Female,25-34,Participant,No,No,No,Basic,No
1696,2026-04-17,Community Outreach,Social Policy,Yekaterinburg,Male,45-54,Participant,No,No,No,Basic,No
2012,2026-04-17,Government Interaction,Local Government,Serov,Female,25-34,Organizer,Yes,No,Yes,Leadership,Yes
2365,2026-04-17,Government Interaction,Education,Pervouralsk,Male,35-44,Participant,No,No,No,Basic,No
2863,2026-04-17,Government Interaction,Local Government,Kamensk-Uralsky,Female,45-54,Participant,No,No,No,Basic,No
3580,2026-04-17,Campaign Activity,Local Government,Yekaterinburg,Female,55+,Participant,Yes,No,No,Basic,No
764,2026-04-18,Media Activity,Entrepreneurship,Yekaterinburg,Female,55+,Participant,No,No,No,Basic,No
1270,2026-04-18,Community Outreach,Gender Equality,Yekaterinburg,Male,55+,Participant,No,No,No,Basic,No
1817,2026-04-18,Meeting,Healthcare,Nizhny Tagil,Male,45-54,Participant,No,No,No,Basic,No
2218,2026-04-18,Public Event,Local Government,Yekaterinburg,Male,55+,Coordinator,Yes,Yes,Yes,Leadership,Yes
787,2026-04-19,Public Event,Housing,Yekaterinburg,Male,25-34,Coordinator,Yes,Yes,Yes,Leadership,Yes
1033,2026-04-19,Campaign Activity,Housing,Nizhny Tagil,Male,55+,Coordinator,Yes,No,Yes,Leadership,Yes
1992,2026-04-19,Survey,Youth Policy,Nizhny Tagil,Male,55+,Participant,No,Yes,No,Basic,No
2104,2026-04-19,Survey,Healthcare,Pervouralsk,Male,18-24,Analyst,No,No,No,Professional,No
2650,2026-04-19,Campaign Activity,Healthcare,Kamensk-Uralsky,Male,18-24,Participant,No,No,No,Basic,No
3581,2026-04-19,Public Event,Healthcare,Yekaterinburg,Male,55+,Volunteer,No,No,Yes,Basic,No
86,2026-04-20,Meeting,Transport,Yekaterinburg,Female,25-34,Participant,No,No,No,Basic,No
567,2026-04-20,Meeting,Healthcare,Yekaterinburg,Male,25-34,Speaker,No,Yes,No,Visible,No
809,2026-04-20,Educational Event,Economic Policy,Yekaterinburg,Male,18-24,Organizer,No,Yes,Yes,Leadership,Yes
990,2026-04-20,Educational Event,Education,Yekaterinburg,Male,25-34,Participant,No,No,No,Basic,No
1790,2026-04-20,Media Activity,Housing,Yekaterinburg,Female,18-24,Participant,No,No,No,Basic,No
2167,2026-04-20,Campaign Activity,Healthcare,Yekaterinburg,Male,18-24,Participant,No,No,No,Basic,No
2291,2026-04-20,Media Activity,Education,Kamensk-Uralsky,Male,55+,Organizer,Yes,No,Yes,Leadership,Yes
2347,2026-04-20,Meeting,Entrepreneurship,Nizhny Tagil,Male,18-24,Speaker,Yes,Yes,Yes,Visible,No
1623,2026-04-21,Meeting,Youth Policy,Revda,Male,45-54,Organizer,Yes,Yes,Yes,Leadership,Yes
2880,2026-04-21,Campaign Activity,Housing,Pervouralsk,Female,25-34,Participant,No,Yes,No,Basic,No
1079,2026-04-22,Meeting,Housing,Nizhny Tagil,Male,35-44,Participant,No,No,No,Basic,No
1280,2026-04-22,Campaign Activity,Local Government,Asbest,Male,25-34,Speaker,No,Yes,No,Visible,No
1330,2026-04-22,Public Event,Transport,Serov,Female,35-44,Analyst,No,No,No,Professional,No
1902,2026-04-22,Community Outreach,Youth Policy,Yekaterinburg,Female,55+,Participant,No,No,No,Basic,No
2397,2026-04-22,Community Outreach,Entrepreneurship,Kamensk-Uralsky,Female,35-44,Participant,No,No,No,Basic,No
3149,2026-04-22,Campaign Activity,Housing,Yekaterinburg,Male,25-34,Speaker,No,Yes,No,Visible,No
3182,2026-04-22,Campaign Activity,Entrepreneurship,Kamensk-Uralsky,Female,35-44,Participant,No,No,No,Basic,No
210,2026-04-23,Survey,Youth Policy,Nizhny Tagil,Male,25-34,Participant,No,No,No,Basic,No
1234,2026-04-23,Survey,Youth Policy,Yekaterinburg,Male,45-54,Organizer,No,Yes,Yes,Leadership,Yes
1237,2026-04-23,Meeting,Local Government,Kamensk-Uralsky,Female,45-54,Volunteer,No,No,No,Basic,No
1502,2026-04-23,Public Event,Gender Equality,Yekaterinburg,Male,25-34,Participant,No,No,No,Basic,No
1814,2026-04-23,Meeting,Education,Nizhny Tagil,Female,45-54,Participant,No,No,No,Basic,No
1882,2026-04-23,Meeting,Education,Serov,Male,35-44,Participant,No,No,No,Basic,No
2018,2026-04-23,Educational Event,Gender Equality,Yekaterinburg,Female,35-44,Participant,No,No,No,Basic,No
2641,2026-04-23,Community Outreach,Economic Policy,Nizhny Tagil,Male,35-44,Organizer,Yes,No,Yes,Leadership,Yes
3141,2026-04-23,Community Outreach,Social Policy,Yekaterinburg,Female,35-44,Participant,No,No,No,Basic,No
3558,2026-04-23,Media Activity,Transport,Yekaterinburg,Male,45-54,Participant,No,No,No,Basic,No
1058,2026-04-24,Meeting,Gender Equality,Yekaterinburg,Female,25-34,Participant,No,No,No,Basic,No
2480,2026-04-24,Educational Event,Healthcare,Serov,Male,18-24,Coordinator,Yes,Yes,Yes,Leadership,Yes
2656,2026-04-24,Media Activity,Gender Equality,Pervouralsk,Male,18-24,Volunteer,No,No,No,Basic,No
3224,2026-04-24,Meeting,Social Policy,Nizhny Tagil,Male,35-44,Analyst,No,No,No,Professional,No
51,2026-04-25,Public Event,Transport,Yekaterinburg,Female,18-24,Organizer,Yes,Yes,Yes,Leadership,Yes
551,2026-04-25,Public Event,Economic Policy,Revda,Female,35-44,Volunteer,No,No,No,Basic,No
697,2026-04-25,Campaign Activity,Education,Yekaterinburg,Male,25-34,Participant,No,No,No,Basic,No
2210,2026-04-25,Survey,Transport,Yekaterinburg,Female,18-24,Volunteer,No,No,Yes,Basic,No
2487,2026-04-25,Community Outreach,Economic Policy,Revda,Male,18-24,Analyst,No,No,No,Professional,No
3548,2026-04-25,Survey,Housing,Yekaterinburg,Male,25-34,Volunteer,No,No,No,Basic,No
84,2026-04-26,Community Outreach,Education,Yekaterinburg,Female,18-24,Speaker,No,Yes,No,Visible,No
621,2026-04-26,Meeting,Healthcare,Yekaterinburg,Male,35-44,Participant,No,Yes,No,Basic,No
836,2026-04-26,Community Outreach,Gender Equality,Yekaterinburg,Male,25-34,Coordinator,No,Yes,Yes,Leadership,Yes
917,2026-04-26,Campaign Activity,Healthcare,Yekaterinburg,Female,25-34,Participant,No,No,No,Basic,No
1730,2026-04-26,Campaign Activity,Social Policy,Serov,Female,25-34,Speaker,Yes,Yes,Yes,Visible,No
1877,2026-04-26,Public Event,Economic Policy,Yekaterinburg,Female,25-34,Analyst,No,No,Yes,Professional,No
1987,2026-04-26,Community Outreach,Gender Equality,Yekaterinburg,Female,35-44,Coordinator,Yes,Yes,Yes,Leadership,Yes
2320,2026-04-26,Public Event,Healthcare,Yekaterinburg,Male,25-34,Participant,No,No,No,Basic,No
2726,2026-04-26,Meeting,Entrepreneurship,Yekaterinburg,Male,25-34,Speaker,No,Yes,No,Visible,No
3322,2026-04-26,Survey,Education,Yekaterinburg,Female,35-44,Participant,No,No,No,Basic,No
3500,2026-04-26,Meeting,Healthcare,Yekaterinburg,Male,55+,Volunteer,No,No,No,Basic,No
676,2026-04-27,Meeting,Entrepreneurship,Yekaterinburg,Female,55+,Participant,No,No,No,Basic,No
2714,2026-04-27,Meeting,Gender Equality,Yekaterinburg,Female,35-44,Speaker,No,Yes,No,Visible,No
3237,2026-04-27,Meeting,Education,Nizhny Tagil,Male,18-24,Participant,No,No,No,Basic,No
3319,2026-04-27,Public Event,Local Government,Yekaterinburg,Female,18-24,Volunteer,No,No,No,Basic,No
125,2026-04-28,Educational Event,Social Policy,Serov,Female,18-24,Volunteer,No,No,No,Basic,No
1695,2026-04-28,Survey,Education,Kamensk-Uralsky,Male,25-34,Coordinator,No,Yes,Yes,Leadership,Yes
1829,2026-04-28,Media Activity,Social Policy,Pervouralsk,Male,25-34,Participant,No,No,No,Basic,No
2064,2026-04-28,Meeting,Education,Yekaterinburg,Female,25-34,Participant,No,No,No,Basic,No
3023,2026-04-28,Meeting,Economic Policy,Yekaterinburg,Male,25-34,Participant,No,No,No,Basic,No
3267,2026-04-28,Community Outreach,Youth Policy,Yekaterinburg,Female,25-34,Coordinator,Yes,Yes,Yes,Leadership,Yes
326,2026-04-29,Community Outreach,Entrepreneurship,Yekaterinburg,Male,18-24,Speaker,No,Yes,Yes,Visible,No
518,2026-04-29,Educational Event,Healthcare,Yekaterinburg,Male,55+,Analyst,Yes,No,No,Professional,No
782,2026-04-29,Campaign Activity,Local Government,Yekaterinburg,Male,25-34,Analyst,No,Yes,No,Professional,No
958,2026-04-29,Government Interaction,Social Policy,Yekaterinburg,Male,55+,Participant,No,No,No,Basic,No
1528,2026-04-29,Public Event,Transport,Pervouralsk,Male,35-44,Coordinator,Yes,Yes,Yes,Leadership,Yes
2285,2026-04-29,Community Outreach,Local Government,Serov,Female,45-54,Volunteer,No,Yes,No,Basic,No
3088,2026-04-29,Educational Event,Transport,Yekaterinburg,Female,25-34,Participant,No,No,No,Basic,No
124,2026-04-30,Campaign Activity,Entrepreneurship,Yekaterinburg,Female,55+,Participant,No,No,No,Basic,No
1086,2026-04-30,Campaign Activity,Entrepreneurship,Kamensk-Uralsky,Male,18-24,Participant,No,No,No,Basic,No
1324,2026-04-30,Educational Event,Housing,Pervouralsk,Male,55+,Participant,No,Yes,No,Basic,No
2002,2026-04-30,Meeting,Housing,Yekaterinburg,Female,45-54,Analyst,No,No,No,Professional,No
2716,2026-04-30,Community Outreach,Transport,Serov,Female,35-44,Participant,No,No,No,Basic,No
2888,2026-04-30,Government Interaction,Local Government,Yekaterinburg,Male,35-44,Participant,No,No,No,Basic,No
3116,2026-04-30,Educational Event,Healthcare,Yekaterinburg,Male,25-34,Participant,No,No,No,Basic,No
3552,2026-04-30,Survey,Housing,Yekaterinburg,Male,18-24,Coordinator,No,Yes,Yes,Leadership,Yes
1209,2026-05-01,Campaign Activity,Healthcare,Yekaterinburg,Female,35-44,Participant,No,No,No,Basic,No
2450,2026-05-01,Community Outreach,Local Government,Yekaterinburg,Male,55+,Participant,No,No,No,Basic,No
276,2026-05-02,Campaign Activity,Economic Policy,Yekaterinburg,Female,25-34,Participant,No,No,No,Basic,No
346,2026-05-02,Educational Event,Youth Policy,Yekaterinburg,Male,25-34,Participant,No,No,No,Basic,No
1371,2026-05-02,Community Outreach,Gender Equality,Yekaterinburg,Female,45-54,Volunteer,No,No,No,Basic,No
1770,2026-05-02,Public Event,Healthcare,Kamensk-Uralsky,Male,45-54,Participant,No,No,No,Basic,No
1881,2026-05-02,Meeting,Healthcare,Yekaterinburg,Male,45-54,Participant,No,No,No,Basic,No
2232,2026-05-02,Public Event,Youth Policy,Asbest,Male,35-44,Organizer,Yes,Yes,Yes,Leadership,Yes
308,2026-05-03,Educational Event,Youth Policy,Revda,Male,35-44,Participant,No,No,No,Basic,No
516,2026-05-03,Public Event,Entrepreneurship,Revda,Female,45-54,Speaker,No,Yes,No,Visible,No
688,2026-05-03,Public Event,Social Policy,Serov,Male,55+,Coordinator,No,No,Yes,Leadership,Yes
1363,2026-05-03,Community Outreach,Economic Policy,Yekaterinburg,Male,45-54,Speaker,No,Yes,No,Visible,No
1399,2026-05-03,Campaign Activity,Entrepreneurship,Revda,Male,25-34,Organizer,No,No,Yes,Leadership,Yes
1416,2026-05-03,Public Event,Entrepreneurship,Asbest,Male,25-34,Coordinator,Yes,No,Yes,Leadership,Yes
1546,2026-05-03,Educational Event,Youth Policy,Serov,Female,45-54,Organizer,Yes,Yes,Yes,Leadership,Yes
2809,2026-05-03,Community Outreach,Economic Policy,Yekaterinburg,Female,25-34,Participant,No,No,No,Basic,No
2856,2026-05-03,Survey,Social Policy,Yekaterinburg,Male,55+,Volunteer,No,No,No,Basic,No
2968,2026-05-03,Community Outreach,Entrepreneurship,Yekaterinburg,Female,35-44,Participant,No,No,No,Basic,No
3164,2026-05-03,Government Interaction,Healthcare,Nizhny Tagil,Male,25-34,Participant,No,No,No,Basic,No
3243,2026-05-03,Government Interaction,Housing,Yekaterinburg,Male,25-34,Participant,No,No,No,Basic,No
56,2026-05-04,Meeting,Local Government,Revda,Male,25-34,Participant,No,No,No,Basic,No
205,2026-05-04,Meeting,Healthcare,Yekaterinburg,Female,35-44,Participant,No,No,No,Basic,No
1122,2026-05-04,Community Outreach,Local Government,Yekaterinburg,Female,25-34,Participant,No,No,No,Basic,No
1211,2026-05-04,Community Outreach,Transport,Yekaterinburg,Male,18-24,Coordinator,No,Yes,Yes,Leadership,Yes
1931,2026-05-04,Campaign Activity,Economic Policy,Yekaterinburg,Male,25-34,Analyst,Yes,No,No,Professional,No
2014,2026-05-04,Government Interaction,Local Government,Yekaterinburg,Female,25-34,Volunteer,No,No,No,Basic,No
3003,2026-05-04,Public Event,Education,Yekaterinburg,Female,35-44,Coordinator,Yes,No,Yes,Leadership,Yes
402,2026-05-05,Campaign Activity,Youth Policy,Pervouralsk,Male,35-44,Participant,No,Yes,No,Basic,No
524,2026-05-05,Campaign Activity,Youth Policy,Yekaterinburg,Male,55+,Participant,No,No,No,Basic,No
1011,2026-05-05,Educational Event,Transport,Nizhny Tagil,Male,55+,Participant,No,No,No,Basic,No
1152,2026-05-05,Community Outreach,Economic Policy,Serov,Male,35-44,Organizer,Yes,Yes,Yes,Leadership,Yes
1376,2026-05-05,Campaign Activity,Education,Kamensk-Uralsky,Female,45-54,Participant,No,No,No,Basic,No
1462,2026-05-05,Meeting,Education,Pervouralsk,Male,25-34,Organizer,No,No,Yes,Leadership,Yes
3252,2026-05-05,Campaign Activity,Entrepreneurship,Yekaterinburg,Male,25-34,Volunteer,No,No,No,Basic,No
226,2026-05-06,Community Outreach,Economic Policy,Kamensk-Uralsky,Male,45-54,Coordinator,No,No,Yes,Leadership,Yes
269,2026-05-06,Community Outreach,Youth Policy,Revda,Female,18-24,Participant,No,No,No,Basic,No
668,2026-05-06,Educational Event,Housing,Asbest,Male,25-34,Organizer,Yes,Yes,Yes,Leadership,Yes
2705,2026-05-06,Government Interaction,Education,Yekaterinburg,Male,25-34,Speaker,No,Yes,No,Visible,No
1191,2026-05-07,Community Outreach,Healthcare,Revda,Female,25-34,Analyst,No,No,No,Professional,No
1429,2026-05-07,Community Outreach,Social Policy,Yekaterinburg,Male,35-44,Participant,No,No,No,Basic,No
2170,2026-05-07,Survey,Healthcare,Kamensk-Uralsky,Male,25-34,Participant,No,No,No,Basic,No
2362,2026-05-07,Meeting,Economic Policy,Yekaterinburg,Female,18-24,Participant,No,No,No,Basic,No
2531,2026-05-07,Public Event,Youth Policy,Yekaterinburg,Male,45-54,Speaker,No,Yes,Yes,Visible,No
2868,2026-05-07,Survey,Gender Equality,Kamensk-Uralsky,Male,18-24,Participant,No,No,No,Basic,No
387,2026-05-08,Public Event,Education,Serov,Male,55+,Analyst,Yes,Yes,No,Professional,No
738,2026-05-08,Meeting,Social Policy,Yekaterinburg,Female,45-54,Speaker,No,Yes,No,Visible,No
1119,2026-05-08,Community Outreach,Economic Policy,Yekaterinburg,Female,35-44,Volunteer,No,No,No,Basic,No
2334,2026-05-08,Public Event,Healthcare,Yekaterinburg,Female,18-24,Participant,No,No,No,Basic,No
2392,2026-05-08,Government Interaction,Youth Policy,Yekaterinburg,Male,18-24,Organizer,Yes,No,Yes,Leadership,Yes
3528,2026-05-08,Campaign Activity,Youth Policy,Yekaterinburg,Female,25-34,Coordinator,Yes,Yes,Yes,Leadership,Yes
468,2026-05-09,Government Interaction,Healthcare,Pervouralsk,Male,45-54,Participant,No,No,No,Basic,No
484,2026-05-09,Public Event,Entrepreneurship,Pervouralsk,Female,35-44,Speaker,No,Yes,No,Visible,No
1238,2026-05-09,Meeting,Social Policy,Yekaterinburg,Female,25-34,Participant,No,No,No,Basic,No
2117,2026-05-09,Educational Event,Gender Equality,Yekaterinburg,Female,35-44,Participant,No,No,No,Basic,No
2313,2026-05-09,Community Outreach,Healthcare,Yekaterinburg,Female,35-44,Participant,No,No,No,Basic,No
384,2026-05-10,Public Event,Housing,Revda,Male,35-44,Speaker,Yes,Yes,No,Visible,No
1205,2026-05-10,Educational Event,Entrepreneurship,Nizhny Tagil,Female,35-44,Participant,No,No,No,Basic,No
1558,2026-05-10,Community Outreach,Social Policy,Yekaterinburg,Male,45-54,Organizer,Yes,No,Yes,Leadership,Yes
2227,2026-05-10,Government Interaction,Healthcare,Yekaterinburg,Male,45-54,Coordinator,Yes,Yes,Yes,Leadership,Yes
2309,2026-05-10,Public Event,Youth Policy,Yekaterinburg,Male,25-34,Analyst,Yes,Yes,No,Professional,No
2621,2026-05-10,Campaign Activity,Local Government,Kamensk-Uralsky,Male,25-34,Participant,No,No,No,Basic,No
3344,2026-05-10,Community Outreach,Entrepreneurship,Serov,Female,35-44,Volunteer,No,Yes,No,Basic,No
3365,2026-05-10,Meeting,Entrepreneurship,Asbest,Female,25-34,Volunteer,No,No,No,Basic,No
750,2026-05-11,Educational Event,Housing,Yekaterinburg,Male,35-44,Participant,No,Yes,No,Basic,No
1248,2026-05-11,Government Interaction,Education,Yekaterinburg,Female,25-34,Volunteer,No,No,No,Basic,No
2000,2026-05-11,Community Outreach,Education,Revda,Male,35-44,Participant,No,No,No,Basic,No
3142,2026-05-11,Campaign Activity,Healthcare,Pervouralsk,Female,35-44,Analyst,No,No,No,Professional,No
1212,2026-05-12,Government Interaction,Gender Equality,Yekaterinburg,Male,35-44,Participant,No,No,No,Basic,No
2228,2026-05-12,Public Event,Local Government,Nizhny Tagil,Female,18-24,Coordinator,Yes,No,Yes,Leadership,Yes
3589,2026-05-12,Meeting,Housing,Yekaterinburg,Male,55+,Organizer,Yes,No,Yes,Leadership,Yes
60,2026-05-13,Meeting,Social Policy,Kamensk-Uralsky,Female,25-34,Coordinator,Yes,Yes,Yes,Leadership,Yes
944,2026-05-13,Community Outreach,Healthcare,Yekaterinburg,Female,25-34,Volunteer,No,No,No,Basic,No
1494,2026-05-13,Campaign Activity,Social Policy,Yekaterinburg,Male,35-44,Participant,No,Yes,No,Basic,No
1821,2026-05-13,Campaign Activity,Youth Policy,Revda,Male,55+,Analyst,No,No,No,Professional,No
2212,2026-05-13,Meeting,Healthcare,Kamensk-Uralsky,Female,25-34,Speaker,No,Yes,No,Visible,No
2790,2026-05-13,Public Event,Housing,Yekaterinburg,Female,18-24,Participant,No,No,No,Basic,No
135,2026-05-14,Meeting,Local Government,Yekaterinburg,Male,45-54,Analyst,No,No,No,Professional,No
1417,2026-05-14,Community Outreach,Housing,Yekaterinburg,Male,25-34,Volunteer,Yes,No,No,Basic,No
1473,2026-05-14,Campaign Activity,Healthcare,Kamensk-Uralsky,Female,25-34,Participant,No,No,No,Basic,No
1654,2026-05-14,Survey,Local Government,Yekaterinburg,Female,18-24,Organizer,No,No,Yes,Leadership,Yes
2319,2026-05-14,Educational Event,Housing,Nizhny Tagil,Male,45-54,Volunteer,No,No,No,Basic,No
3330,2026-05-14,Media Activity,Housing,Yekaterinburg,Female,18-24,Participant,No,No,No,Basic,No
3342,2026-05-14,Community Outreach,Youth Policy,Revda,Male,35-44,Participant,No,No,No,Basic,No
101,2026-05-15,Educational Event,Gender Equality,Yekaterinburg,Male,35-44,Participant,Yes,Yes,No,Basic,No
365,2026-05-15,Campaign Activity,Gender Equality,Kamensk-Uralsky,Male,25-34,Participant,No,No,No,Basic,No
1054,2026-05-15,Meeting,Healthcare,Yekaterinburg,Female,25-34,Speaker,No,Yes,No,Visible,No
1522,2026-05-15,Public Event,Healthcare,Nizhny Tagil,Male,25-34,Analyst,No,No,No,Professional,No
1591,2026-05-15,Community Outreach,Healthcare,Yekaterinburg,Female,18-24,Participant,No,No,No,Basic,No
2577,2026-05-15,Government Interaction,Education,Yekaterinburg,Male,25-34,Participant,No,No,No,Basic,No
3534,2026-05-15,Campaign Activity,Youth Policy,Yekaterinburg,Female,25-34,Participant,No,No,No,Basic,No
329,2026-05-16,Meeting,Economic Policy,Yekaterinburg,Male,18-24,Participant,No,No,No,Basic,No
1383,2026-05-16,Public Event,Economic Policy,Yekaterinburg,Male,45-54,Participant,No,No,No,Basic,No
2517,2026-05-16,Campaign Activity,Youth Policy,Asbest,Female,18-24,Participant,No,No,No,Basic,No
3451,2026-05-16,Media Activity,Gender Equality,Yekaterinburg,Male,35-44,Participant,No,Yes,No,Basic,No
3456,2026-05-16,Campaign Activity,Social Policy,Serov,Male,55+,Organizer,Yes,Yes,Yes,Leadership,Yes
405,2026-05-17,Community Outreach,Healthcare,Nizhny Tagil,Male,25-34,Participant,No,No,No,Basic,No
476,2026-05-17,Campaign Activity,Local Government,Asbest,Female,45-54,Participant,No,No,No,Basic,No
1009,2026-05-17,Meeting,Housing,Yekaterinburg,Male,25-34,Participant,No,No,No,Basic,No
1091,2026-05-17,Community Outreach,Gender Equality,Pervouralsk,Female,18-24,Coordinator,Yes,Yes,Yes,Leadership,Yes
1230,2026-05-17,Educational Event,Youth Policy,Yekaterinburg,Female,18-24,Participant,No,No,No,Basic,No
1773,2026-05-17,Meeting,Entrepreneurship,Yekaterinburg,Male,55+,Volunteer,Yes,No,No,Basic,No
1916,2026-05-17,Media Activity,Education,Asbest,Female,35-44,Coordinator,Yes,No,Yes,Leadership,Yes
2834,2026-05-17,Media Activity,Youth Policy,Yekaterinburg,Male,45-54,Volunteer,No,No,No,Basic,No
2992,2026-05-17,Government Interaction,Economic Policy,Yekaterinburg,Male,18-24,Organizer,Yes,No,Yes,Leadership,Yes
425,2026-05-18,Survey,Transport,Pervouralsk,Male,18-24,Speaker,Yes,Yes,No,Visible,No
952,2026-05-18,Government Interaction,Youth Policy,Asbest,Female,45-54,Participant,No,No,No,Basic,No
1155,2026-05-18,Media Activity,Economic Policy,Yekaterinburg,Male,25-34,Analyst,No,No,No,Professional,No
1784,2026-05-18,Meeting,Housing,Yekaterinburg,Female,18-24,Participant,No,No,No,Basic,No
1872,2026-05-18,Meeting,Economic Policy,Yekaterinburg,Female,18-24,Volunteer,No,No,No,Basic,No
2607,2026-05-18,Campaign Activity,Entrepreneurship,Pervouralsk,Male,35-44,Volunteer,No,No,No,Basic,No
3294,2026-05-18,Public Event,Entrepreneurship,Pervouralsk,Male,35-44,Participant,No,No,No,Basic,No
3550,2026-05-18,Community Outreach,Education,Yekaterinburg,Male,18-24,Volunteer,No,No,No,Basic,No
3566,2026-05-18,Campaign Activity,Gender Equality,Yekaterinburg,Male,18-24,Speaker,No,Yes,No,Visible,No
217,2026-05-19,Campaign Activity,Transport,Asbest,Female,55+,Volunteer,No,No,No,Basic,No
320,2026-05-19,Campaign Activity,Gender Equality,Yekaterinburg,Male,35-44,Participant,No,No,No,Basic,No
665,2026-05-19,Government Interaction,Education,Yekaterinburg,Female,25-34,Participant,No,No,No,Basic,No
1007,2026-05-19,Educational Event,Social Policy,Yekaterinburg,Male,18-24,Analyst,No,Yes,No,Professional,No
1035,2026-05-19,Community Outreach,Education,Asbest,Female,45-54,Analyst,Yes,Yes,No,Professional,No
1665,2026-05-19,Campaign Activity,Healthcare,Yekaterinburg,Male,35-44,Participant,No,No,No,Basic,No
1959,2026-05-19,Government Interaction,Education,Yekaterinburg,Male,18-24,Participant,No,No,No,Basic,No
2274,2026-05-19,Meeting,Entrepreneurship,Yekaterinburg,Male,35-44,Participant,No,No,No,Basic,No
2512,2026-05-19,Campaign Activity,Housing,Asbest,Female,25-34,Participant,No,No,No,Basic,No
2594,2026-05-19,Community Outreach,Healthcare,Nizhny Tagil,Female,25-34,Analyst,No,No,Yes,Professional,No
3094,2026-05-19,Educational Event,Gender Equality,Yekaterinburg,Male,45-54,Coordinator,Yes,No,Yes,Leadership,Yes
303,2026-05-20,Government Interaction,Gender Equality,Yekaterinburg,Male,45-54,Participant,No,No,No,Basic,No
1883,2026-05-20,Campaign Activity,Education,Kamensk-Uralsky,Female,45-54,Participant,No,No,No,Basic,No
1957,2026-05-20,Public Event,Transport,Revda,Male,18-24,Participant,No,No,No,Basic,No
611,2026-05-21,Government Interaction,Gender Equality,Revda,Male,35-44,Speaker,No,Yes,No,Visible,No
625,2026-05-21,Public Event,Local Government,Kamensk-Uralsky,Male,35-44,Participant,No,No,No,Basic,No
1130,2026-05-21,Campaign Activity,Gender Equality,Yekaterinburg,Male,45-54,Coordinator,Yes,No,Yes,Leadership,Yes
1635,2026-05-21,Government Interaction,Healthcare,Pervouralsk,Male,25-34,Coordinator,Yes,No,Yes,Leadership,Yes
1716,2026-05-21,Campaign Activity,Local Government,Yekaterinburg,Male,18-24,Participant,No,No,No,Basic,No
2337,2026-05-21,Public Event,Youth Policy,Yekaterinburg,Male,35-44,Volunteer,Yes,No,No,Basic,No
2354,2026-05-21,Meeting,Transport,Yekaterinburg,Male,25-34,Participant,No,No,No,Basic,No
2899,2026-05-21,Campaign Activity,Housing,Yekaterinburg,Male,25-34,Speaker,No,Yes,No,Visible,No
3197,2026-05-21,Survey,Local Government,Yekaterinburg,Male,18-24,Participant,No,No,No,Basic,No
3420,2026-05-21,Community Outreach,Education,Yekaterinburg,Male,55+,Analyst,No,No,No,Professional,No
690,2026-05-22,Community Outreach,Youth Policy,Yekaterinburg,Male,55+,Participant,No,No,No,Basic,No
1249,2026-05-22,Meeting,Youth Policy,Yekaterinburg,Male,45-54,Coordinator,Yes,Yes,Yes,Leadership,Yes
1289,2026-05-22,Campaign Activity,Gender Equality,Yekaterinburg,Female,35-44,Participant,No,No,No,Basic,No
2220,2026-05-22,Campaign Activity,Social Policy,Kamensk-Uralsky,Female,25-34,Analyst,No,No,No,Professional,No
2245,2026-05-22,Campaign Activity,Social Policy,Kamensk-Uralsky,Female,18-24,Speaker,Yes,Yes,No,Visible,No
2570,2026-05-22,Government Interaction,Transport,Pervouralsk,Male,35-44,Analyst,Yes,No,No,Professional,No
2962,2026-05-22,Campaign Activity,Healthcare,Yekaterinburg,Male,45-54,Participant,No,No,No,Basic,No
3356,2026-05-22,Community Outreach,Gender Equality,Yekaterinburg,Female,45-54,Participant,No,No,No,Basic,No
3444,2026-05-22,Public Event,Transport,Yekaterinburg,Female,25-34,Coordinator,Yes,Yes,Yes,Leadership,Yes
3446,2026-05-22,Media Activity,Housing,Yekaterinburg,Female,35-44,Organizer,No,No,Yes,Leadership,Yes
3565,2026-05-22,Media Activity,Local Government,Yekaterinburg,Male,18-24,Coordinator,Yes,No,Yes,Leadership,Yes
23,2026-05-23,Campaign Activity,Social Policy,Revda,Male,45-54,Participant,No,No,No,Basic,No
883,2026-05-23,Survey,Transport,Pervouralsk,Male,25-34,Participant,No,Yes,No,Basic,No
895,2026-05-23,Public Event,Local Government,Yekaterinburg,Male,35-44,Organizer,Yes,No,Yes,Leadership,Yes
1222,2026-05-23,Public Event,Healthcare,Nizhny Tagil,Female,55+,Participant,No,No,No,Basic,No
1997,2026-05-23,Media Activity,Economic Policy,Yekaterinburg,Female,25-34,Volunteer,No,No,No,Basic,No
2366,2026-05-23,Public Event,Healthcare,Revda,Male,35-44,Organizer,Yes,No,Yes,Leadership,Yes
2452,2026-05-23,Community Outreach,Youth Policy,Asbest,Male,45-54,Volunteer,No,No,No,Basic,No
3481,2026-05-23,Survey,Gender Equality,Serov,Female,25-34,Speaker,No,Yes,No,Visible,No
3524,2026-05-23,Educational Event,Local Government,Yekaterinburg,Female,25-34,Analyst,No,No,No,Professional,No
266,2026-05-24,Campaign Activity,Local Government,Nizhny Tagil,Female,45-54,Speaker,Yes,Yes,Yes,Visible,No
2164,2026-05-24,Media Activity,Youth Policy,Revda,Female,25-34,Speaker,No,Yes,No,Visible,No
2418,2026-05-24,Educational Event,Entrepreneurship,Yekaterinburg,Male,45-54,Organizer,No,No,Yes,Leadership,Yes
2419,2026-05-24,Survey,Gender Equality,Kamensk-Uralsky,Female,18-24,Participant,No,No,No,Basic,No
2895,2026-05-24,Educational Event,Healthcare,Yekaterinburg,Male,25-34,Volunteer,No,No,No,Basic,No
1144,2026-05-25,Public Event,Housing,Yekaterinburg,Male,35-44,Coordinator,Yes,Yes,Yes,Leadership,Yes
1431,2026-05-25,Meeting,Transport,Yekaterinburg,Male,25-34,Participant,No,No,No,Basic,No
1637,2026-05-25,Meeting,Education,Asbest,Female,55+,Speaker,No,Yes,No,Visible,No
2741,2026-05-25,Educational Event,Local Government,Yekaterinburg,Female,25-34,Participant,No,No,No,Basic,No
3070,2026-05-25,Educational Event,Transport,Pervouralsk,Female,25-34,Volunteer,No,No,No,Basic,No
3126,2026-05-25,Campaign Activity,Education,Kamensk-Uralsky,Female,25-34,Coordinator,No,Yes,Yes,Leadership,Yes
3529,2026-05-25,Educational Event,Gender Equality,Pervouralsk,Male,25-34,Coordinator,Yes,Yes,Yes,Leadership,Yes
543,2026-05-26,Meeting,Social Policy,Yekaterinburg,Male,25-34,Coordinator,No,Yes,Yes,Leadership,Yes
653,2026-05-26,Meeting,Youth Policy,Yekaterinburg,Male,25-34,Organizer,Yes,Yes,Yes,Leadership,Yes
1000,2026-05-26,Campaign Activity,Youth Policy,Yekaterinburg,Female,35-44,Volunteer,No,No,No,Basic,No
1245,2026-05-26,Campaign Activity,Social Policy,Yekaterinburg,Female,35-44,Volunteer,No,No,No,Basic,No
1353,2026-05-26,Public Event,Housing,Yekaterinburg,Female,45-54,Speaker,No,Yes,No,Visible,No
1398,2026-05-26,Community Outreach,Social Policy,Yekaterinburg,Male,25-34,Participant,No,No,No,Basic,No
1457,2026-05-26,Community Outreach,Education,Yekaterinburg,Female,25-34,Participant,No,No,No,Basic,No
1892,2026-05-26,Government Interaction,Youth Policy,Yekaterinburg,Male,35-44,Coordinator,Yes,Yes,Yes,Leadership,Yes
2089,2026-05-26,Survey,Housing,Serov,Male,45-54,Participant,No,No,No,Basic,No
156,2026-05-27,Campaign Activity,Gender Equality,Revda,Male,45-54,Participant,No,No,No,Basic,No
1005,2026-05-27,Government Interaction,Social Policy,Yekaterinburg,Male,25-34,Volunteer,Yes,No,No,Basic,No
1137,2026-05-27,Government Interaction,Education,Nizhny Tagil,Female,25-34,Organizer,Yes,No,Yes,Leadership,Yes
1224,2026-05-27,Government Interaction,Youth Policy,Nizhny Tagil,Male,45-54,Speaker,Yes,Yes,No,Visible,No
1357,2026-05-27,Educational Event,Housing,Yekaterinburg,Male,25-34,Participant,No,No,No,Basic,No
1768,2026-05-27,Survey,Youth Policy,Yekaterinburg,Female,55+,Participant,No,No,No,Basic,No
1862,2026-05-27,Meeting,Gender Equality,Kamensk-Uralsky,Male,35-44,Volunteer,No,No,No,Basic,No
1693,2026-05-28,Educational Event,Gender Equality,Yekaterinburg,Female,35-44,Speaker,Yes,Yes,No,Visible,No
1753,2026-05-28,Government Interaction,Transport,Nizhny Tagil,Male,35-44,Participant,No,No,No,Basic,No
3194,2026-05-28,Community Outreach,Economic Policy,Yekaterinburg,Male,25-34,Volunteer,No,No,No,Basic,No
3516,2026-05-28,Educational Event,Gender Equality,Nizhny Tagil,Male,25-34,Volunteer,No,No,No,Basic,No
323,2026-05-29,Campaign Activity,Transport,Yekaterinburg,Female,18-24,Coordinator,Yes,No,Yes,Leadership,Yes
381,2026-05-29,Meeting,Social Policy,Yekaterinburg,Male,25-34,Participant,No,No,No,Basic,No
1117,2026-05-29,Campaign Activity,Education,Revda,Female,35-44,Volunteer,No,No,No,Basic,No
1490,2026-05-29,Public Event,Youth Policy,Pervouralsk,Male,25-34,Organizer,Yes,Yes,Yes,Leadership,Yes
2058,2026-05-29,Survey,Social Policy,Yekaterinburg,Male,25-34,Analyst,Yes,No,No,Professional,No
2838,2026-05-29,Public Event,Healthcare,Revda,Female,25-34,Volunteer,No,No,No,Basic,No
3403,2026-05-29,Community Outreach,Economic Policy,Pervouralsk,Male,25-34,Volunteer,No,No,No,Basic,No
2654,2026-05-30,Campaign Activity,Entrepreneurship,Yekaterinburg,Male,25-34,Speaker,No,Yes,Yes,Visible,No
61,2026-05-31,Public Event,Social Policy,Serov,Male,55+,Coordinator,Yes,No,Yes,Leadership,Yes
1072,2026-05-31,Public Event,Local Government,Revda,Male,55+,Analyst,No,No,No,Professional,No
1093,2026-05-31,Government Interaction,Housing,Yekaterinburg,Female,18-24,Participant,No,Yes,No,Basic,No
1755,2026-05-31,Educational Event,Entrepreneurship,Pervouralsk,Female,55+,Participant,No,No,No,Basic,No
1866,2026-05-31,Survey,Entrepreneurship,Yekaterinburg,Male,35-44,Volunteer,No,No,No,Basic,No
2157,2026-05-31,Meeting,Transport,Revda,Female,25-34,Participant,No,No,No,Basic,No
2192,2026-05-31,Government Interaction,Economic Policy,Yekaterinburg,Male,45-54,Coordinator,Yes,Yes,Yes,Leadership,Yes
3392,2026-05-31,Public Event,Healthcare,Yekaterinburg,Male,55+,Coordinator,Yes,No,Yes,Leadership,Yes
755,2026-06-01,Educational Event,Gender Equality,Pervouralsk,Male,45-54,Participant,No,No,No,Basic,No
1342,2026-06-01,Meeting,Housing,Asbest,Male,25-34,Volunteer,No,No,No,Basic,No
1594,2026-06-01,Government Interaction,Healthcare,Yekaterinburg,Female,45-54,Participant,No,No,No,Basic,No
2322,2026-06-01,Meeting,Healthcare,Yekaterinburg,Female,45-54,Organizer,Yes,No,Yes,Leadership,Yes
2796,2026-06-01,Survey,Gender Equality,Nizhny Tagil,Male,55+,Participant,Yes,No,No,Basic,No
3106,2026-06-01,Community Outreach,Transport,Pervouralsk,Male,18-24,Participant,No,No,No,Basic,No
403,2026-06-02,Educational Event,Local Government,Yekaterinburg,Male,45-54,Participant,No,No,No,Basic,No
507,2026-06-02,Government Interaction,Healthcare,Yekaterinburg,Female,45-54,Speaker,No,Yes,No,Visible,No
548,2026-06-02,Government Interaction,Economic Policy,Nizhny Tagil,Female,18-24,Coordinator,Yes,Yes,Yes,Leadership,Yes
572,2026-06-02,Government Interaction,Transport,Pervouralsk,Male,18-24,Speaker,No,Yes,No,Visible,No
1073,2026-06-02,Meeting,Youth Policy,Yekaterinburg,Female,25-34,Analyst,No,No,No,Professional,No
1699,2026-06-02,Public Event,Economic Policy,Serov,Male,18-24,Participant,No,No,No,Basic,No
1852,2026-06-02,Community Outreach,Local Government,Yekaterinburg,Male,55+,Organizer,Yes,No,Yes,Leadership,Yes
2028,2026-06-02,Survey,Gender Equality,Kamensk-Uralsky,Female,35-44,Participant,No,No,No,Basic,No
2154,2026-06-02,Survey,Economic Policy,Nizhny Tagil,Male,45-54,Organizer,Yes,Yes,Yes,Leadership,Yes
2445,2026-06-02,Community Outreach,Youth Policy,Yekaterinburg,Male,35-44,Participant,No,No,No,Basic,No
2506,2026-06-02,Media Activity,Healthcare,Yekaterinburg,Female,35-44,Speaker,No,Yes,No,Visible,No
2682,2026-06-02,Public Event,Healthcare,Yekaterinburg,Male,18-24,Coordinator,No,Yes,Yes,Leadership,Yes
130,2026-06-03,Survey,Youth Policy,Pervouralsk,Male,35-44,Volunteer,No,No,Yes,Basic,No
428,2026-06-03,Government Interaction,Youth Policy,Yekaterinburg,Male,25-34,Analyst,Yes,No,No,Professional,No
1096,2026-06-03,Government Interaction,Gender Equality,Pervouralsk,Female,25-34,Participant,No,No,No,Basic,No
1273,2026-06-03,Government Interaction,Education,Pervouralsk,Female,45-54,Speaker,Yes,Yes,No,Visible,No
1560,2026-06-03,Public Event,Economic Policy,Serov,Male,55+,Participant,No,No,No,Basic,No
1613,2026-06-03,Media Activity,Economic Policy,Serov,Male,18-24,Volunteer,No,No,No,Basic,No
2037,2026-06-03,Public Event,Healthcare,Yekaterinburg,Male,35-44,Participant,Yes,No,No,Basic,No
2407,2026-06-03,Government Interaction,Youth Policy,Nizhny Tagil,Male,25-34,Speaker,No,Yes,No,Visible,No
2471,2026-06-03,Media Activity,Gender Equality,Yekaterinburg,Female,18-24,Speaker,No,Yes,No,Visible,No
2884,2026-06-03,Survey,Social Policy,Revda,Female,18-24,Participant,No,No,No,Basic,No
3045,2026-06-03,Community Outreach,Entrepreneurship,Yekaterinburg,Male,45-54,Coordinator,No,No,Yes,Leadership,Yes
3394,2026-06-03,Community Outreach,Education,Yekaterinburg,Female,35-44,Participant,No,No,No,Basic,No
14,2026-06-04,Educational Event,Youth Policy,Yekaterinburg,Male,35-44,Participant,No,No,No,Basic,No
1015,2026-06-04,Campaign Activity,Gender Equality,Revda,Female,45-54,Participant,No,No,No,Basic,No
3103,2026-06-04,Media Activity,Economic Policy,Yekaterinburg,Male,25-34,Participant,No,No,No,Basic,No
3515,2026-06-04,Survey,Transport,Yekaterinburg,Male,18-24,Volunteer,No,No,No,Basic,No
80,2026-06-05,Meeting,Entrepreneurship,Yekaterinburg,Male,35-44,Analyst,Yes,No,No,Professional,No
155,2026-06-05,Campaign Activity,Local Government,Yekaterinburg,Female,55+,Participant,No,No,No,Basic,No
1201,2026-06-05,Campaign Activity,Social Policy,Pervouralsk,Male,25-34,Coordinator,Yes,No,Yes,Leadership,Yes
1703,2026-06-05,Government Interaction,Local Government,Yekaterinburg,Female,35-44,Volunteer,No,No,No,Basic,No
2173,2026-06-05,Public Event,Healthcare,Kamensk-Uralsky,Male,25-34,Speaker,No,Yes,No,Visible,No
2345,2026-06-05,Meeting,Education,Nizhny Tagil,Male,45-54,Organizer,Yes,No,Yes,Leadership,Yes
3022,2026-06-05,Public Event,Transport,Yekaterinburg,Male,25-34,Analyst,Yes,No,No,Professional,No
199,2026-06-06,Campaign Activity,Local Government,Yekaterinburg,Female,35-44,Coordinator,Yes,Yes,Yes,Leadership,Yes
942,2026-06-06,Meeting,Social Policy,Yekaterinburg,Male,55+,Participant,No,No,No,Basic,No
974,2026-06-06,Campaign Activity,Economic Policy,Yekaterinburg,Male,35-44,Participant,No,No,No,Basic,No
2424,2026-06-06,Educational Event,Youth Policy,Yekaterinburg,Female,35-44,Participant,No,No,No,Basic,No
220,2026-06-07,Educational Event,Local Government,Yekaterinburg,Female,35-44,Participant,No,No,No,Basic,No
271,2026-06-07,Campaign Activity,Social Policy,Yekaterinburg,Female,45-54,Participant,No,No,No,Basic,No
949,2026-06-07,Government Interaction,Local Government,Pervouralsk,Male,25-34,Volunteer,No,No,No,Basic,No
1541,2026-06-07,Community Outreach,Local Government,Revda,Male,25-34,Participant,No,No,No,Basic,No
1608,2026-06-07,Media Activity,Housing,Revda,Female,55+,Organizer,No,No,Yes,Leadership,Yes
2327,2026-06-07,Educational Event,Economic Policy,Nizhny Tagil,Female,25-34,Participant,No,No,No,Basic,No
2526,2026-06-07,Public Event,Gender Equality,Kamensk-Uralsky,Female,35-44,Coordinator,Yes,Yes,Yes,Leadership,Yes
3011,2026-06-07,Government Interaction,Healthcare,Revda,Female,18-24,Volunteer,No,No,No,Basic,No
126,2026-06-08,Survey,Youth Policy,Revda,Male,18-24,Volunteer,No,No,No,Basic,No
647,2026-06-08,Educational Event,Social Policy,Yekaterinburg,Female,55+,Participant,No,No,No,Basic,No
1809,2026-06-08,Public Event,Education,Yekaterinburg,Female,25-34,Participant,No,No,No,Basic,No
2147,2026-06-08,Meeting,Transport,Yekaterinburg,Female,25-34,Volunteer,No,No,No,Basic,No
2216,2026-06-08,Survey,Gender Equality,Yekaterinburg,Female,25-34,Participant,No,No,No,Basic,No
2858,2026-06-08,Government Interaction,Economic Policy,Yekaterinburg,Female,25-34,Participant,No,No,No,Basic,No
2878,2026-06-08,Campaign Activity,Youth Policy,Yekaterinburg,Female,45-54,Organizer,No,Yes,Yes,Leadership,Yes
3039,2026-06-08,Survey,Social Policy,Nizhny Tagil,Female,25-34,Participant,No,No,No,Basic,No
3231,2026-06-08,Community Outreach,Local Government,Yekaterinburg,Female,45-54,Participant,No,Yes,No,Basic,No
95,2026-06-09,Survey,Housing,Yekaterinburg,Female,25-34,Participant,No,No,No,Basic,No
218,2026-06-09,Public Event,Healthcare,Asbest,Female,45-54,Participant,No,No,No,Basic,No
247,2026-06-09,Survey,Social Policy,Yekaterinburg,Male,25-34,Coordinator,Yes,Yes,Yes,Leadership,Yes
814,2026-06-09,Meeting,Transport,Yekaterinburg,Male,25-34,Participant,No,No,No,Basic,No
1348,2026-06-09,Survey,Housing,Yekaterinburg,Female,18-24,Participant,No,No,No,Basic,No
2361,2026-06-09,Meeting,Gender Equality,Kamensk-Uralsky,Male,25-34,Participant,No,No,No,Basic,No
2541,2026-06-09,Meeting,Local Government,Serov,Male,35-44,Participant,No,No,No,Basic,No
3331,2026-06-09,Public Event,Youth Policy,Yekaterinburg,Male,35-44,Coordinator,Yes,Yes,Yes,Leadership,Yes
196,2026-06-10,Government Interaction,Housing,Yekaterinburg,Female,35-44,Participant,No,No,No,Basic,No
613,2026-06-10,Campaign Activity,Local Government,Pervouralsk,Male,25-34,Participant,No,No,No,Basic,No
695,2026-06-10,Survey,Education,Yekaterinburg,Male,18-24,Volunteer,No,No,No,Basic,No
1454,2026-06-10,Meeting,Healthcare,Yekaterinburg,Male,45-54,Participant,No,No,No,Basic,No
2542,2026-06-10,Meeting,Economic Policy,Yekaterinburg,Female,55+,Participant,No,No,No,Basic,No
2604,2026-06-10,Meeting,Transport,Asbest,Male,45-54,Organizer,Yes,Yes,Yes,Leadership,Yes
2669,2026-06-10,Meeting,Housing,Yekaterinburg,Male,18-24,Participant,No,No,No,Basic,No
3056,2026-06-10,Campaign Activity,Local Government,Yekaterinburg,Male,35-44,Participant,No,No,No,Basic,No
3386,2026-06-10,Community Outreach,Transport,Yekaterinburg,Male,18-24,Participant,Yes,No,No,Basic,No
3450,2026-06-10,Public Event,Economic Policy,Yekaterinburg,Male,45-54,Volunteer,No,No,No,Basic,No
228,2026-06-11,Campaign Activity,Gender Equality,Kamensk-Uralsky,Male,18-24,Participant,No,Yes,No,Basic,No
493,2026-06-11,Educational Event,Transport,Serov,Male,25-34,Participant,Yes,No,No,Basic,No
900,2026-06-11,Survey,Transport,Revda,Male,35-44,Speaker,No,Yes,No,Visible,No
1674,2026-06-11,Educational Event,Economic Policy,Nizhny Tagil,Female,55+,Participant,No,No,No,Basic,No
1838,2026-06-11,Public Event,Local Government,Nizhny Tagil,Female,35-44,Participant,No,No,No,Basic,No
2213,2026-06-11,Government Interaction,Economic Policy,Yekaterinburg,Male,45-54,Participant,No,No,No,Basic,No
2583,2026-06-11,Educational Event,Youth Policy,Yekaterinburg,Female,45-54,Participant,No,No,No,Basic,No
2947,2026-06-11,Meeting,Economic Policy,Yekaterinburg,Female,35-44,Volunteer,No,No,No,Basic,No
3137,2026-06-11,Meeting,Healthcare,Yekaterinburg,Male,25-34,Participant,No,No,No,Basic,No
1029,2026-06-12,Meeting,Education,Serov,Male,45-54,Participant,No,No,No,Basic,No
1076,2026-06-12,Meeting,Economic Policy,Nizhny Tagil,Female,55+,Participant,No,No,No,Basic,No
2027,2026-06-12,Survey,Entrepreneurship,Yekaterinburg,Male,45-54,Participant,No,No,No,Basic,No
2241,2026-06-12,Campaign Activity,Social Policy,Kamensk-Uralsky,Female,18-24,Coordinator,Yes,Yes,Yes,Leadership,Yes
2935,2026-06-12,Campaign Activity,Economic Policy,Serov,Male,45-54,Volunteer,Yes,Yes,No,Basic,No
3004,2026-06-12,Meeting,Youth Policy,Asbest,Male,18-24,Coordinator,No,No,Yes,Leadership,Yes
3468,2026-06-12,Media Activity,Social Policy,Yekaterinburg,Female,45-54,Coordinator,Yes,Yes,Yes,Leadership,Yes
3502,2026-06-12,Public Event,Education,Yekaterinburg,Male,25-34,Participant,No,No,No,Basic,No
319,2026-06-13,Government Interaction,Local Government,Kamensk-Uralsky,Female,25-34,Participant,No,No,No,Basic,No
959,2026-06-13,Meeting,Youth Policy,Yekaterinburg,Male,45-54,Coordinator,Yes,Yes,Yes,Leadership,Yes
1331,2026-06-13,Survey,Transport,Yekaterinburg,Male,45-54,Coordinator,Yes,No,Yes,Leadership,Yes
1544,2026-06-13,Media Activity,Healthcare,Kamensk-Uralsky,Female,45-54,Volunteer,No,No,No,Basic,No
1800,2026-06-13,Meeting,Social Policy,Serov,Male,35-44,Participant,Yes,No,No,Basic,No
2240,2026-06-13,Meeting,Economic Policy,Yekaterinburg,Male,18-24,Volunteer,No,No,No,Basic,No
2421,2026-06-13,Media Activity,Social Policy,Nizhny Tagil,Female,45-54,Volunteer,No,No,No,Basic,No
2525,2026-06-13,Meeting,Youth Policy,Serov,Male,25-34,Volunteer,No,No,No,Basic,No
3406,2026-06-13,Campaign Activity,Transport,Nizhny Tagil,Male,55+,Participant,No,No,No,Basic,No
570,2026-06-14,Campaign Activity,Education,Pervouralsk,Male,25-34,Volunteer,No,No,No,Basic,No
708,2026-06-14,Campaign Activity,Education,Revda,Male,18-24,Participant,Yes,No,No,Basic,No
1855,2026-06-14,Media Activity,Transport,Serov,Male,35-44,Participant,No,No,No,Basic,No
1918,2026-06-14,Meeting,Education,Pervouralsk,Male,18-24,Analyst,Yes,No,No,Professional,No
1976,2026-06-14,Meeting,Economic Policy,Yekaterinburg,Female,25-34,Participant,No,No,No,Basic,No
347,2026-06-15,Public Event,Housing,Yekaterinburg,Male,25-34,Speaker,No,Yes,No,Visible,No
1025,2026-06-15,Meeting,Transport,Yekaterinburg,Male,18-24,Organizer,Yes,No,Yes,Leadership,Yes
2850,2026-06-15,Survey,Local Government,Yekaterinburg,Female,25-34,Participant,No,No,No,Basic,No
1626,2026-06-16,Campaign Activity,Gender Equality,Nizhny Tagil,Male,55+,Participant,No,No,No,Basic,No
137,2026-06-17,Public Event,Local Government,Yekaterinburg,Male,25-34,Participant,No,Yes,No,Basic,No
1409,2026-06-17,Government Interaction,Youth Policy,Pervouralsk,Male,55+,Speaker,No,Yes,Yes,Visible,No
2166,2026-06-17,Campaign Activity,Local Government,Pervouralsk,Female,45-54,Coordinator,No,Yes,Yes,Leadership,Yes
2557,2026-06-17,Campaign Activity,Housing,Yekaterinburg,Female,25-34,Participant,Yes,No,No,Basic,No
3168,2026-06-17,Community Outreach,Education,Asbest,Female,45-54,Coordinator,Yes,No,Yes,Leadership,Yes
3393,2026-06-17,Educational Event,Youth Policy,Kamensk-Uralsky,Male,18-24,Participant,No,No,No,Basic,No
79,2026-06-18,Public Event,Local Government,Yekaterinburg,Male,25-34,Participant,No,No,No,Basic,No
730,2026-06-18,Media Activity,Education,Revda,Male,25-34,Speaker,Yes,Yes,No,Visible,No
1488,2026-06-18,Campaign Activity,Youth Policy,Yekaterinburg,Female,18-24,Volunteer,No,No,No,Basic,No
2380,2026-06-18,Government Interaction,Youth Policy,Yekaterinburg,Male,35-44,Volunteer,No,No,No,Basic,No
3026,2026-06-18,Educational Event,Transport,Pervouralsk,Female,35-44,Participant,No,No,No,Basic,No
3289,2026-06-18,Community Outreach,Local Government,Revda,Female,55+,Participant,No,No,No,Basic,No
3556,2026-06-18,Survey,Social Policy,Yekaterinburg,Male,45-54,Speaker,No,Yes,No,Visible,No
142,2026-06-19,Meeting,Entrepreneurship,Revda,Male,18-24,Volunteer,No,No,No,Basic,No
727,2026-06-19,Meeting,Housing,Yekaterinburg,Female,45-54,Speaker,No,Yes,No,Visible,No
1451,2026-06-19,Public Event,Housing,Yekaterinburg,Male,25-34,Organizer,No,Yes,Yes,Leadership,Yes
1787,2026-06-19,Meeting,Entrepreneurship,Nizhny Tagil,Female,35-44,Participant,No,No,No,Basic,No
2246,2026-06-19,Educational Event,Housing,Yekaterinburg,Female,18-24,Participant,No,No,No,Basic,No
2481,2026-06-19,Meeting,Transport,Pervouralsk,Male,25-34,Participant,No,No,No,Basic,No
2764,2026-06-19,Meeting,Local Government,Yekaterinburg,Female,45-54,Organizer,No,No,Yes,Leadership,Yes
2986,2026-06-19,Public Event,Housing,Yekaterinburg,Female,35-44,Volunteer,No,No,No,Basic,No
3271,2026-06-19,Government Interaction,Local Government,Serov,Male,25-34,Participant,No,No,No,Basic,No
770,2026-06-20,Campaign Activity,Youth Policy,Yekaterinburg,Male,35-44,Organizer,Yes,No,Yes,Leadership,Yes
874,2026-06-20,Meeting,Economic Policy,Yekaterinburg,Female,18-24,Volunteer,No,No,No,Basic,No
1506,2026-06-20,Campaign Activity,Entrepreneurship,Nizhny Tagil,Male,25-34,Volunteer,No,No,No,Basic,No
1550,2026-06-20,Public Event,Transport,Yekaterinburg,Female,45-54,Participant,No,Yes,No,Basic,No
3077,2026-06-20,Campaign Activity,Housing,Yekaterinburg,Female,45-54,Participant,No,No,No,Basic,No
3299,2026-06-20,Community Outreach,Healthcare,Yekaterinburg,Male,18-24,Coordinator,Yes,Yes,Yes,Leadership,Yes
3562,2026-06-20,Campaign Activity,Youth Policy,Yekaterinburg,Male,25-34,Organizer,No,No,Yes,Leadership,Yes
388,2026-06-21,Campaign Activity,Transport,Kamensk-Uralsky,Male,18-24,Participant,No,No,No,Basic,No
1146,2026-06-21,Meeting,Housing,Revda,Female,45-54,Organizer,Yes,Yes,Yes,Leadership,Yes
1722,2026-06-21,Community Outreach,Gender Equality,Yekaterinburg,Female,35-44,Coordinator,No,Yes,Yes,Leadership,Yes
54,2026-06-22,Public Event,Housing,Kamensk-Uralsky,Male,35-44,Participant,No,No,No,Basic,No
70,2026-06-22,Community Outreach,Gender Equality,Yekaterinburg,Female,45-54,Participant,No,No,No,Basic,No
162,2026-06-22,Campaign Activity,Transport,Serov,Male,35-44,Coordinator,Yes,Yes,Yes,Leadership,Yes
576,2026-06-22,Community Outreach,Housing,Yekaterinburg,Male,18-24,Volunteer,No,No,No,Basic,No
682,2026-06-22,Campaign Activity,Social Policy,Yekaterinburg,Female,18-24,Volunteer,No,No,No,Basic,No
924,2026-06-22,Educational Event,Social Policy,Yekaterinburg,Male,25-34,Participant,No,No,No,Basic,No
2237,2026-06-22,Educational Event,Transport,Yekaterinburg,Female,35-44,Participant,No,No,No,Basic,No
2739,2026-06-22,Meeting,Healthcare,Yekaterinburg,Male,45-54,Coordinator,Yes,No,Yes,Leadership,Yes
3117,2026-06-22,Survey,Healthcare,Yekaterinburg,Female,18-24,Participant,No,No,No,Basic,No
63,2026-06-23,Educational Event,Housing,Yekaterinburg,Male,35-44,Organizer,Yes,No,Yes,Leadership,Yes
187,2026-06-23,Media Activity,Transport,Nizhny Tagil,Female,35-44,Participant,No,No,No,Basic,No
442,2026-06-23,Survey,Healthcare,Revda,Female,25-34,Participant,No,No,No,Basic,No
536,2026-06-23,Meeting,Healthcare,Yekaterinburg,Female,55+,Participant,No,No,No,Basic,No
598,2026-06-23,Educational Event,Gender Equality,Yekaterinburg,Male,45-54,Participant,No,No,No,Basic,No
1661,2026-06-23,Government Interaction,Housing,Yekaterinburg,Female,35-44,Participant,No,Yes,No,Basic,No
795,2026-06-24,Campaign Activity,Youth Policy,Yekaterinburg,Female,18-24,Participant,No,No,No,Basic,No
1575,2026-06-24,Meeting,Gender Equality,Kamensk-Uralsky,Female,25-34,Organizer,No,Yes,Yes,Leadership,Yes
1808,2026-06-24,Meeting,Transport,Yekaterinburg,Female,35-44,Volunteer,No,Yes,No,Basic,No
1848,2026-06-24,Campaign Activity,Healthcare,Yekaterinburg,Male,35-44,Speaker,No,Yes,No,Visible,No
2181,2026-06-24,Media Activity,Social Policy,Yekaterinburg,Male,35-44,Participant,No,No,No,Basic,No
2255,2026-06-24,Meeting,Housing,Yekaterinburg,Male,45-54,Participant,No,No,No,Basic,No
2801,2026-06-24,Meeting,Entrepreneurship,Kamensk-Uralsky,Male,25-34,Participant,No,Yes,No,Basic,No
605,2026-06-25,Survey,Youth Policy,Yekaterinburg,Male,25-34,Volunteer,Yes,Yes,No,Basic,No
1055,2026-06-25,Campaign Activity,Local Government,Kamensk-Uralsky,Female,25-34,Participant,No,No,No,Basic,No
3058,2026-06-25,Media Activity,Healthcare,Revda,Female,45-54,Participant,No,No,No,Basic,No
3072,2026-06-25,Campaign Activity,Education,Yekaterinburg,Male,18-24,Participant,No,No,No,Basic,No
3505,2026-06-25,Public Event,Economic Policy,Yekaterinburg,Male,35-44,Participant,No,No,No,Basic,No
3510,2026-06-25,Meeting,Economic Policy,Nizhny Tagil,Female,45-54,Organizer,No,No,Yes,Leadership,Yes
144,2026-06-26,Community Outreach,Social Policy,Nizhny Tagil,Male,35-44,Participant,No,No,No,Basic,No
1132,2026-06-26,Media Activity,Housing,Yekaterinburg,Male,25-34,Organizer,Yes,Yes,Yes,Leadership,Yes
1377,2026-06-26,Campaign Activity,Education,Yekaterinburg,Male,25-34,Participant,No,No,No,Basic,No
1553,2026-06-26,Community Outreach,Entrepreneurship,Revda,Female,45-54,Volunteer,No,No,No,Basic,No
1415,2026-06-27,Meeting,Social Policy,Yekaterinburg,Female,45-54,Participant,No,No,No,Basic,No
1452,2026-06-27,Campaign Activity,Healthcare,Serov,Male,45-54,Participant,No,No,No,Basic,No
2106,2026-06-27,Campaign Activity,Transport,Yekaterinburg,Male,18-24,Volunteer,No,Yes,Yes,Basic,No
2186,2026-06-27,Survey,Economic Policy,Yekaterinburg,Female,25-34,Coordinator,No,No,Yes,Leadership,Yes
2563,2026-06-27,Campaign Activity,Entrepreneurship,Yekaterinburg,Male,35-44,Volunteer,No,No,No,Basic,No
3428,2026-06-27,Public Event,Economic Policy,Serov,Male,55+,Organizer,Yes,Yes,Yes,Leadership,Yes
333,2026-06-28,Community Outreach,Social Policy,Yekaterinburg,Male,25-34,Participant,No,No,No,Basic,No
899,2026-06-28,Educational Event,Social Policy,Nizhny Tagil,Female,18-24,Analyst,No,No,No,Professional,No
1023,2026-06-28,Community Outreach,Local Government,Yekaterinburg,Male,45-54,Speaker,Yes,Yes,No,Visible,No
1061,2026-06-28,Government Interaction,Transport,Serov,Male,35-44,Volunteer,No,No,No,Basic,No
1692,2026-06-28,Campaign Activity,Education,Yekaterinburg,Male,25-34,Analyst,No,No,Yes,Professional,No
1742,2026-06-28,Meeting,Economic Policy,Kamensk-Uralsky,Female,25-34,Coordinator,Yes,Yes,Yes,Leadership,Yes
1910,2026-06-28,Community Outreach,Gender Equality,Revda,Male,55+,Participant,No,Yes,No,Basic,No
3215,2026-06-28,Community Outreach,Housing,Yekaterinburg,Female,18-24,Volunteer,Yes,No,No,Basic,No
3531,2026-06-28,Campaign Activity,Healthcare,Yekaterinburg,Female,18-24,Analyst,No,No,Yes,Professional,No
131,2026-06-29,Media Activity,Healthcare,Yekaterinburg,Female,55+,Volunteer,No,No,No,Basic,No
232,2026-06-29,Community Outreach,Healthcare,Kamensk-Uralsky,Female,25-34,Participant,No,No,No,Basic,No
1142,2026-06-29,Public Event,Housing,Kamensk-Uralsky,Male,35-44,Analyst,No,No,No,Professional,No
1244,2026-06-29,Campaign Activity,Youth Policy,Yekaterinburg,Female,35-44,Coordinator,Yes,Yes,Yes,Leadership,Yes
1396,2026-06-29,Public Event,Housing,Yekaterinburg,Female,25-34,Speaker,No,Yes,No,Visible,No
1985,2026-06-29,Government Interaction,Housing,Nizhny Tagil,Male,45-54,Speaker,Yes,Yes,No,Visible,No
2469,2026-06-29,Public Event,Entrepreneurship,Kamensk-Uralsky,Male,18-24,Analyst,Yes,No,Yes,Professional,No
2521,2026-06-29,Meeting,Housing,Yekaterinburg,Female,25-34,Organizer,Yes,Yes,Yes,Leadership,Yes
2772,2026-06-29,Meeting,Local Government,Yekaterinburg,Male,18-24,Participant,No,No,No,Basic,No
298,2026-06-30,Campaign Activity,Education,Revda,Male,35-44,Participant,No,No,No,Basic,No
362,2026-06-30,Meeting,Local Government,Yekaterinburg,Female,35-44,Volunteer,No,No,No,Basic,No
477,2026-06-30,Community Outreach,Housing,Yekaterinburg,Female,25-34,Analyst,No,No,No,Professional,No
539,2026-06-30,Government Interaction,Education,Nizhny Tagil,Female,25-34,Volunteer,No,No,No,Basic,No
776,2026-06-30,Meeting,Social Policy,Yekaterinburg,Male,45-54,Participant,No,No,No,Basic,No
829,2026-06-30,Public Event,Education,Yekaterinburg,Male,18-24,Coordinator,Yes,Yes,Yes,Leadership,Yes
1077,2026-06-30,Meeting,Education,Yekaterinburg,Male,25-34,Volunteer,No,No,No,Basic,No
1683,2026-06-30,Media Activity,Housing,Kamensk-Uralsky,Male,35-44,Volunteer,No,No,No,Basic,No
1879,2026-06-30,Community Outreach,Local Government,Yekaterinburg,Male,18-24,Participant,No,No,No,Basic,No
2312,2026-06-30,Meeting,Transport,Pervouralsk,Female,25-34,Participant,No,No,No,Basic,No
2870,2026-06-30,Educational Event,Healthcare,Yekaterinburg,Female,25-34,Analyst,No,No,No,Professional,No
3212,2026-06-30,Public Event,Youth Policy,Yekaterinburg,Male,35-44,Participant,No,No,No,Basic,No
